[
  {
    "id": "bd13329f-8d1f-4b60-b2a1-ce7c0c164b48",
    "data": [
      {
        "text": "how can I have arm license?",
        "userDefined": false
      }
    ],
    "isTemplate": false,
    "count": 0,
    "lang": "en",
    "updated": 0
  },
  {
    "id": "1544fc12-d306-46a2-96ef-581de2808634",
    "data": [
      {
        "text": "How to apply or become a private investigator",
        "userDefined": false
      }
    ],
    "isTemplate": false,
    "count": 0,
    "lang": "en",
    "updated": 0
  },
  {
    "id": "6ede3990-a4da-4ec4-8425-f2ddec24e4a0",
    "data": [
      {
        "text": "Hello, I am trying to get fingerprint clearance in order to transfer my NAPLEX pharmacy score over from Illinois to Arizona. Am I in the right place? or should I call instead?",
        "userDefined": false
      }
    ],
    "isTemplate": false,
    "count": 0,
    "lang": "en",
    "updated": 0
  },
  {
    "id": "f9e9fff0-3321-403e-8156-521909ea4744",
    "data": [
      {
        "text": "can I have more clearance cards?",
        "userDefined": false
      }
    ],
    "isTemplate": false,
    "count": 0,
    "lang": "en",
    "updated": 0
  },
  {
    "id": "d6261561-ba53-4ee1-a8a2-b43dd4a11546",
    "data": [
      {
        "text": "Can you tell me what I have to do next for my fingerprint clearance card",
        "userDefined": false
      }
    ],
    "isTemplate": false,
    "count": 0,
    "lang": "en",
    "updated": 0
  },
  {
    "id": "49289cb0-7cad-4647-949a-ea832c3a02ce",
    "data": [
      {
        "text": "I need to reapply for my finger card",
        "userDefined": false
      }
    ],
    "isTemplate": false,
    "count": 0,
    "lang": "en",
    "updated": 0
  },
  {
    "id": "cba788f0-fb74-423b-ac52-db1c02e12401",
    "data": [
      {
        "text": "how do I obtain a card?",
        "userDefined": false
      }
    ],
    "isTemplate": false,
    "count": 0,
    "lang": "en",
    "updated": 0
  },
  {
    "id": "0f49dd5d-4773-4376-8792-b0af5670efde",
    "data": [
      {
        "text": "I need to set up ivp fingerprinting for several employees.  Can I do that myself or do they need to do it themselves.",
        "userDefined": false
      }
    ],
    "isTemplate": false,
    "count": 0,
    "lang": "en",
    "updated": 0
  },
  {
    "id": "f37f11bc-500c-471f-854d-2c1665d4287b",
    "data": [
      {
        "text": "I\u0027m gonna start to work as a teacher\u0027s assistant and i\u0027d like to know if is this the right fingerprint card that i need to have",
        "userDefined": false
      }
    ],
    "isTemplate": false,
    "count": 0,
    "lang": "en",
    "updated": 0
  },
  {
    "id": "4a6418d5-043d-4d8e-b8f4-9bb43ed5e02e",
    "data": [
      {
        "text": "where can I order finger print clearance cards?",
        "userDefined": false
      }
    ],
    "isTemplate": false,
    "count": 0,
    "lang": "en",
    "updated": 0
  },
  {
    "id": "19e3461e-58c9-433c-968c-d243319731f5",
    "data": [
      {
        "text": "how do i obtain a card?",
        "userDefined": false
      }
    ],
    "isTemplate": false,
    "count": 0,
    "lang": "en",
    "updated": 0
  },
  {
    "id": "4d83c463-56cd-4d31-aa86-9146f74f99ad",
    "data": [
      {
        "text": "how can apply for fingerprint clearance card if i already have one?",
        "userDefined": false
      }
    ],
    "isTemplate": false,
    "count": 0,
    "lang": "en",
    "updated": 0
  },
  {
    "id": "1bb68c5e-6831-430d-9934-bda5d025bdd5",
    "data": [
      {
        "text": "First time applying",
        "userDefined": false
      }
    ],
    "isTemplate": false,
    "count": 0,
    "lang": "en",
    "updated": 0
  },
  {
    "id": "6fb36412-a4cb-4758-a48b-b05ec26daf67",
    "data": [
      {
        "text": "i worked for the AZ State for 7 years. i just moved 9 months ago. can i get a finger print card #",
        "userDefined": false
      }
    ],
    "isTemplate": false,
    "count": 0,
    "lang": "en",
    "updated": 0
  },
  {
    "id": "68045f9b-5fb9-40ea-9416-645e3fb3d2ef",
    "data": [
      {
        "text": "How do I start the process of the finger print clearance card",
        "userDefined": false
      }
    ],
    "isTemplate": false,
    "count": 0,
    "lang": "en",
    "updated": 0
  },
  {
    "id": "c0860650-075e-4821-a651-d3a03d7c72e8",
    "data": [
      {
        "text": "I have misplaced my fingerprint clearance cards,  I need to reorder",
        "userDefined": false
      }
    ],
    "isTemplate": false,
    "count": 0,
    "lang": "en",
    "updated": 0
  },
  {
    "id": "b93bd4a4-2c8c-4ee6-aa94-693d619c6e8c",
    "data": [
      {
        "text": "How to apply transfer of driving lic",
        "userDefined": false
      }
    ],
    "isTemplate": false,
    "count": 0,
    "lang": "en",
    "updated": 0
  },
  {
    "id": "2e5a9afe-909e-4bc3-b6e4-5ba90c8bf986",
    "data": [
      {
        "text": "I was a holder of a level one fingerprint clearance card about four years ago my card was revoked due to a discrepancy. Now that I\u0027ve taken care of the issue I\u0027m trying to reapply",
        "userDefined": false
      }
    ],
    "isTemplate": false,
    "count": 0,
    "lang": "en",
    "updated": 0
  },
  {
    "id": "8cbc976b-abc8-4025-8b44-f18498f8f82f",
    "data": [
      {
        "text": "I\u0027m trying to reapply for my level 1 fingerprint card and I can\u0027t can you help me please.",
        "userDefined": false
      }
    ],
    "isTemplate": false,
    "count": 0,
    "lang": "en",
    "updated": 0
  },
  {
    "id": "bc77e0af-2a40-4625-ae8f-c6950e7b3c0c",
    "data": [
      {
        "text": "What is the process of getting a fingerprint clearance card?  I need the process of fingerprint clearance for volunteers that will be working with children.  Outreach is the charitable program.",
        "userDefined": false
      }
    ],
    "isTemplate": false,
    "count": 0,
    "lang": "en",
    "updated": 0
  },
  {
    "id": "ae5916b8-4ed6-45ff-972c-ca49f2275f00",
    "data": [
      {
        "text": "how do I order fingerprint applications?",
        "userDefined": false
      }
    ],
    "isTemplate": false,
    "count": 0,
    "lang": "en",
    "updated": 0
  },
  {
    "id": "5a4c636e-ab0a-4f42-937b-6b776c11f83e",
    "data": [
      {
        "text": "\"I need to know what to select for level ",
        "userDefined": false
      },
      {
        "text": "one",
        "userDefined": false
      },
      {
        "text": " fingerprint clearance  card\"",
        "userDefined": false
      }
    ],
    "isTemplate": false,
    "count": 0,
    "lang": "en",
    "updated": 0
  },
  {
    "id": "7e110e2f-b6e1-49f6-b381-96c791d25b32",
    "data": [
      {
        "text": "I need a card to volunteer not for a job",
        "userDefined": false
      }
    ],
    "isTemplate": false,
    "count": 0,
    "lang": "en",
    "updated": 0
  },
  {
    "id": "f6e61904-31c5-4b55-b41e-7d764514e6ca",
    "data": [
      {
        "text": "I have my IVP # but every time I put it in I am told information doesn\u0027t match what is on file. I have moved and no longer work at the same school district so my email is different. How do I apply online?",
        "userDefined": false
      }
    ],
    "isTemplate": false,
    "count": 0,
    "lang": "en",
    "updated": 0
  },
  {
    "id": "6aa8de45-653b-4995-a6c4-8a06e60ae834",
    "data": [
      {
        "text": "Hello.  I was told I need an electronic fingerprint card to teach or sub p/t.  I live in ",
        "userDefined": false
      },
      {
        "text": "Prescott",
        "userDefined": false
      },
      {
        "text": " Valley, AZ.",
        "userDefined": false
      }
    ],
    "isTemplate": false,
    "count": 0,
    "lang": "en",
    "updated": 0
  },
  {
    "id": "5e2b2617-72e5-47d4-914a-af567646a686",
    "data": [
      {
        "text": "I applied for a fingerprint card and I need to do ",
        "userDefined": false
      },
      {
        "text": "wife\u0027s",
        "meta": "@sys.person",
        "alias": "person",
        "userDefined": false
      },
      {
        "text": " fingerprint card how do I do it on my email?",
        "userDefined": false
      }
    ],
    "isTemplate": false,
    "count": 0,
    "lang": "en",
    "updated": 0
  },
  {
    "id": "42411d72-c856-4d29-8005-544b14ec49c1",
    "data": [
      {
        "text": "How do I order fingerprint cards in bulk?",
        "userDefined": false
      }
    ],
    "isTemplate": false,
    "count": 0,
    "lang": "en",
    "updated": 0
  },
  {
    "id": "6325ce14-21b2-46d4-b108-3f0d33b5671b",
    "data": [
      {
        "text": "Hello, I have a few employees I need to get fingerprinted. Where should I send them?",
        "userDefined": false
      }
    ],
    "isTemplate": false,
    "count": 0,
    "lang": "en",
    "updated": 0
  },
  {
    "id": "93d88e17-7b1a-4abc-ae05-8aa6219e493b",
    "data": [
      {
        "text": "How can I change to online fingerprinting",
        "userDefined": false
      }
    ],
    "isTemplate": false,
    "count": 0,
    "lang": "en",
    "updated": 0
  },
  {
    "id": "d662ecae-01c8-48df-94b3-54a825f82dbd",
    "data": [
      {
        "text": "I am trying to apply for my fingerprint card online. Have not been successful",
        "userDefined": false
      }
    ],
    "isTemplate": false,
    "count": 0,
    "lang": "en",
    "updated": 0
  },
  {
    "id": "9bec6385-69c1-4ce1-bf7e-6a084656b926",
    "data": [
      {
        "text": "I am currently kinship guardian of my granddaughter. ",
        "userDefined": false
      },
      {
        "text": "Todays",
        "meta": "@sys.date-time",
        "alias": "date-time",
        "userDefined": false
      },
      {
        "text": " court hearing designated to move to permanent guardianship and requested a fingerprint clearance. What form do I need.",
        "userDefined": false
      }
    ],
    "isTemplate": false,
    "count": 0,
    "lang": "en",
    "updated": 0
  },
  {
    "id": "44e6a136-ce5b-41ac-b29e-b4c9d259b5b3",
    "data": [
      {
        "text": "Application for substitute teacher",
        "userDefined": false
      }
    ],
    "isTemplate": false,
    "count": 0,
    "lang": "en",
    "updated": 0
  },
  {
    "id": "61f8f623-583d-4416-a069-4e3480c9d736",
    "data": [
      {
        "text": "I am a director of a preschool and need to order some fingerprint clearance card applications.  How can I do that?",
        "userDefined": false
      }
    ],
    "isTemplate": false,
    "count": 0,
    "lang": "en",
    "updated": 0
  },
  {
    "id": "5a0754f9-0193-4555-bc94-e35b98c8938d",
    "data": [
      {
        "text": "I need to order cards for ",
        "userDefined": false
      },
      {
        "text": "two",
        "meta": "@sys.number",
        "alias": "number",
        "userDefined": false
      },
      {
        "text": " sets of fingerprints",
        "userDefined": false
      }
    ],
    "isTemplate": false,
    "count": 0,
    "lang": "en",
    "updated": 0
  },
  {
    "id": "06b8d715-e630-4fdc-9b49-4cc73b8cd076",
    "data": [
      {
        "text": "how do i go about getting my application??",
        "userDefined": false
      }
    ],
    "isTemplate": false,
    "count": 0,
    "lang": "en",
    "updated": 0
  },
  {
    "id": "1b76097d-f7e8-41b2-a00e-a786f84f8f63",
    "data": [
      {
        "text": "I need the fingerprint card to apply for my professional license do I need the IVP",
        "userDefined": false
      }
    ],
    "isTemplate": false,
    "count": 0,
    "lang": "en",
    "updated": 0
  },
  {
    "id": "3f083bdd-4113-4817-aa62-151027ad021c",
    "data": [
      {
        "text": "My card is going to expire soon and would like to get a new one issued",
        "userDefined": false
      }
    ],
    "isTemplate": false,
    "count": 0,
    "lang": "en",
    "updated": 0
  },
  {
    "id": "86a3155a-73c8-4596-9e0d-7549775671b4",
    "data": [
      {
        "text": "I want to know how to get my fingerprint card",
        "userDefined": false
      }
    ],
    "isTemplate": false,
    "count": 0,
    "lang": "en",
    "updated": 0
  },
  {
    "id": "113190ce-1b0e-47df-a5e3-b0a4d7bda2a2",
    "data": [
      {
        "text": "How do I give my finger prints again?",
        "userDefined": false
      }
    ],
    "isTemplate": false,
    "count": 0,
    "lang": "en",
    "updated": 0
  },
  {
    "id": "46f80576-5e07-4d66-bb18-ff391c8d83f8",
    "data": [
      {
        "text": "How to get a fingerprint card for a real estate job when i have my concealed weapons permit?",
        "userDefined": false
      }
    ],
    "isTemplate": false,
    "count": 0,
    "lang": "en",
    "updated": 0
  },
  {
    "id": "12f007b4-c59b-43b0-b70f-cdc1294a7483",
    "data": [
      {
        "text": "What are the requirements to get a private investigator license?",
        "userDefined": false
      }
    ],
    "isTemplate": false,
    "count": 0,
    "lang": "en",
    "updated": 0
  },
  {
    "id": "6b4249a2-8b2f-42b4-906d-71aacb965818",
    "data": [
      {
        "text": "how do I get my fingerprint clearance card?",
        "userDefined": false
      }
    ],
    "isTemplate": false,
    "count": 0,
    "lang": "en",
    "updated": 0
  },
  {
    "id": "dd6d1ac9-a3d5-4299-90d6-31b8b7f7a686",
    "data": [
      {
        "text": "Do you get your fingerprints taken before applying",
        "userDefined": false
      }
    ],
    "isTemplate": false,
    "count": 0,
    "lang": "en",
    "updated": 0
  },
  {
    "id": "8e2d4137-5d9c-4694-8ba8-63ddd6419b0a",
    "data": [
      {
        "text": "My old card is 20 years old.  Do I say I am applying for a new clearance card?",
        "userDefined": false
      }
    ],
    "isTemplate": false,
    "count": 0,
    "lang": "en",
    "updated": 0
  },
  {
    "id": "de7bbb31-f2a1-4166-a0fb-4e251cdca2c7",
    "data": [
      {
        "text": "I haven\u0027t had a card in 20 yrs.  what is the process",
        "userDefined": false
      }
    ],
    "isTemplate": false,
    "count": 0,
    "lang": "en",
    "updated": 0
  },
  {
    "id": "d969e540-ab32-467f-80c1-f948cf73f81e",
    "data": [
      {
        "text": "Hi , how can I order extra application cards",
        "userDefined": false
      }
    ],
    "isTemplate": false,
    "count": 0,
    "lang": "en",
    "updated": 0
  },
  {
    "id": "59c8514f-95a6-42ef-8333-abb729bd4766",
    "data": [
      {
        "text": "What is the process if I am a current college student applying",
        "userDefined": false
      }
    ],
    "isTemplate": false,
    "count": 0,
    "lang": "en",
    "updated": 0
  },
  {
    "id": "391cca89-87c0-4f86-9022-dc9698748b52",
    "data": [
      {
        "text": "How do I get my fingerprint clearance card?",
        "userDefined": false
      }
    ],
    "isTemplate": false,
    "count": 0,
    "lang": "en",
    "updated": 0
  },
  {
    "id": "b15880ca-c23e-4b88-b556-658eaef30267",
    "data": [
      {
        "text": "do I have to have an account to get a clearance card",
        "userDefined": false
      }
    ],
    "isTemplate": false,
    "count": 0,
    "lang": "en",
    "updated": 0
  },
  {
    "id": "26a72c4f-fcb8-4a60-98bf-9cf52703ae75",
    "data": [
      {
        "text": "Application instructions",
        "userDefined": false
      }
    ],
    "isTemplate": false,
    "count": 0,
    "lang": "en",
    "updated": 0
  },
  {
    "id": "f75135c2-c66b-498c-8a09-5ad6577f2d5a",
    "data": [
      {
        "text": "Because I want to get new   job and  they are asking for fingerprints card",
        "userDefined": false
      }
    ],
    "isTemplate": false,
    "count": 0,
    "lang": "en",
    "updated": 0
  },
  {
    "id": "500d77fa-24b8-44e3-acb7-61ecc0a521b5",
    "data": [
      {
        "text": "So then I should be applying for a brand new card with a brand new number ?",
        "userDefined": false
      }
    ],
    "isTemplate": false,
    "count": 0,
    "lang": "en",
    "updated": 0
  },
  {
    "id": "b06fed9d-faa7-483a-8b00-2bc911c647be",
    "data": [
      {
        "text": "I\u0027m trying to get my card",
        "userDefined": false
      }
    ],
    "isTemplate": false,
    "count": 0,
    "lang": "en",
    "updated": 0
  },
  {
    "id": "1637f3d5-0be8-479d-b501-530c56db2d58",
    "data": [
      {
        "text": "How do I request an application",
        "userDefined": false
      }
    ],
    "isTemplate": false,
    "count": 0,
    "lang": "en",
    "updated": 0
  },
  {
    "id": "ce703dd8-94fb-44bb-8c6d-346726a2c845",
    "data": [
      {
        "text": "I need 2 fingerprint cards One for myself and I for my husband. They are in order to receive insurance licenses. How do I proceed?",
        "userDefined": false
      }
    ],
    "isTemplate": false,
    "count": 0,
    "lang": "en",
    "updated": 0
  },
  {
    "id": "2c0b0673-e4e7-4de1-8148-4ffe4708bb64",
    "data": [
      {
        "text": "how do I go about obtaining a new IVP Clearance Card",
        "userDefined": false
      }
    ],
    "isTemplate": false,
    "count": 0,
    "lang": "en",
    "updated": 0
  },
  {
    "id": "e69d67dc-c306-4402-b50c-1750b16b6359",
    "data": [
      {
        "text": "Can I apply for an IVP card without a Social Security number?",
        "userDefined": false
      }
    ],
    "isTemplate": false,
    "count": 0,
    "lang": "en",
    "updated": 0
  },
  {
    "id": "3fff0589-2310-45fc-b67c-98a0b3ddd013",
    "data": [
      {
        "text": "I need fingerprints for ",
        "userDefined": false
      },
      {
        "text": "2",
        "meta": "@sys.number",
        "alias": "number",
        "userDefined": false
      },
      {
        "text": " organizations where I volunteer",
        "userDefined": false
      }
    ],
    "isTemplate": false,
    "count": 0,
    "lang": "en",
    "updated": 0
  },
  {
    "id": "9ec62e5a-cadd-4acc-9829-65fc80d0194b",
    "data": [
      {
        "text": "How can I get fingerprint cards for my cwp",
        "userDefined": false
      }
    ],
    "isTemplate": false,
    "count": 0,
    "lang": "en",
    "updated": 0
  },
  {
    "id": "ec626588-da7c-40f0-b0e2-f18af7932506",
    "data": [
      {
        "text": "I need to re order my card but it\u0027s been a while so I want to know what I have to do to order a new one",
        "userDefined": false
      }
    ],
    "isTemplate": false,
    "count": 0,
    "lang": "en",
    "updated": 0
  },
  {
    "id": "5e001147-6a55-440d-afa3-d893c0c6d1b3",
    "data": [
      {
        "text": "I need to get a current level ",
        "userDefined": false
      },
      {
        "text": "1",
        "meta": "@sys.number",
        "alias": "number",
        "userDefined": false
      },
      {
        "text": " fingerprint clearance card Mine has expired",
        "userDefined": false
      }
    ],
    "isTemplate": false,
    "count": 0,
    "lang": "en",
    "updated": 0
  },
  {
    "id": "44a4bc9b-88fe-416f-84c3-24873987ce77",
    "data": [
      {
        "text": "I\u0027m trying to apply for my fingerprint card for CNA school",
        "userDefined": false
      }
    ],
    "isTemplate": false,
    "count": 0,
    "lang": "en",
    "updated": 0
  },
  {
    "id": "f33b5e6b-ccad-4ca1-8d7a-7171ca1dc9d2",
    "data": [
      {
        "text": "Hi. I only have a Visa number, can I apply for a Fingerprint Clearance Card?",
        "userDefined": false
      }
    ],
    "isTemplate": false,
    "count": 0,
    "lang": "en",
    "updated": 0
  },
  {
    "id": "841fcf9e-799f-4136-98fa-b93eca855a91",
    "data": [
      {
        "text": "I need to get a finger print card how do I do that",
        "userDefined": false
      }
    ],
    "isTemplate": false,
    "count": 0,
    "lang": "en",
    "updated": 0
  },
  {
    "id": "01bb6875-3d27-4da6-a58d-85a08ffdc9a7",
    "data": [
      {
        "text": "How can I request a new card with my new legal name?",
        "userDefined": false
      }
    ],
    "isTemplate": false,
    "count": 0,
    "lang": "en",
    "updated": 0
  },
  {
    "id": "bd5dbb65-020e-4458-9565-45034462546e",
    "data": [
      {
        "text": "I am looking to get a fingerprint clearance card, so call the local police department?",
        "userDefined": false
      }
    ],
    "isTemplate": false,
    "count": 0,
    "lang": "en",
    "updated": 0
  },
  {
    "id": "547d03d3-a4a7-4062-aedd-fbde22d81ca0",
    "data": [
      {
        "text": "Where can I get my fingerprint card done",
        "userDefined": false
      }
    ],
    "isTemplate": false,
    "count": 0,
    "lang": "en",
    "updated": 0
  },
  {
    "id": "6bf93527-dac4-4f24-9a09-6928d443c52f",
    "data": [
      {
        "text": "Where can I go online to get my fingerprint card",
        "userDefined": false
      }
    ],
    "isTemplate": false,
    "count": 0,
    "lang": "en",
    "updated": 0
  },
  {
    "id": "440480d5-06cc-43f3-8bf5-cdab3871c0de",
    "data": [
      {
        "text": "Where do I go get my finger prints done at? The place I did the online application",
        "userDefined": false
      }
    ],
    "isTemplate": false,
    "count": 0,
    "lang": "en",
    "updated": 0
  },
  {
    "id": "4c80805d-aea5-49fc-abe5-2171e16d9489",
    "data": [
      {
        "text": "I need a level ",
        "userDefined": false
      },
      {
        "text": "1",
        "meta": "@sys.number",
        "alias": "number",
        "userDefined": false
      },
      {
        "text": " regular fingerprint card. is non IVP what I need?",
        "userDefined": false
      }
    ],
    "isTemplate": false,
    "count": 0,
    "lang": "en",
    "updated": 0
  },
  {
    "id": "224d1a43-f084-4f0d-a7bd-5d8abd382a18",
    "data": [
      {
        "text": "How do I reapply?",
        "userDefined": false
      }
    ],
    "isTemplate": false,
    "count": 0,
    "lang": "en",
    "updated": 0
  },
  {
    "id": "ef5eea7e-3d50-497a-a0ad-a403f0c61bce",
    "data": [
      {
        "text": "I want to file for a fingerprint card",
        "userDefined": false
      }
    ],
    "isTemplate": false,
    "count": 0,
    "lang": "en",
    "updated": 0
  },
  {
    "id": "a6644742-dd68-4c9f-b9d5-9c43aeb36624",
    "data": [
      {
        "text": "How do I know if I am applying for a Level 1 Fingerprint Card",
        "userDefined": false
      }
    ],
    "isTemplate": false,
    "count": 0,
    "lang": "en",
    "updated": 0
  },
  {
    "id": "0bbca263-0671-41bb-93d2-dc18cded21ef",
    "data": [
      {
        "text": "Do you offer electronic fingerprinting?",
        "userDefined": false
      }
    ],
    "isTemplate": false,
    "count": 0,
    "lang": "en",
    "updated": 0
  },
  {
    "id": "de87ec8e-c7b4-474a-9ee3-0b8d346a487b",
    "data": [
      {
        "text": "I am trying to apply for a new finger clearance card",
        "userDefined": false
      }
    ],
    "isTemplate": false,
    "count": 0,
    "lang": "en",
    "updated": 0
  },
  {
    "id": "a6d31fea-8cf1-4397-8c87-43a1e633d607",
    "data": [
      {
        "text": "process to obtain a new card please",
        "userDefined": false
      }
    ],
    "isTemplate": false,
    "count": 0,
    "lang": "en",
    "updated": 0
  },
  {
    "id": "ad697514-5b3b-43a5-8c05-8174a0533f87",
    "data": [
      {
        "text": "I need to get an Identity Verified Prints (IVP) application for Teacher Certification",
        "userDefined": false
      }
    ],
    "isTemplate": false,
    "count": 0,
    "lang": "en",
    "updated": 0
  },
  {
    "id": "5f714f66-76cd-4ed6-a2cc-c10d77ef9649",
    "data": [
      {
        "text": "Unable to create online account. Can I do my fingerprint clearance card application in person?",
        "userDefined": false
      }
    ],
    "isTemplate": false,
    "count": 0,
    "lang": "en",
    "updated": 0
  },
  {
    "id": "f25b1540-8b1f-43ea-9050-c9974d02e7ce",
    "data": [
      {
        "text": "I need to request for my card",
        "userDefined": false
      }
    ],
    "isTemplate": false,
    "count": 0,
    "lang": "en",
    "updated": 0
  },
  {
    "id": "6c599101-6fd3-453d-989a-589dfd4b8cb5",
    "data": [
      {
        "text": "How do I start? May I get my fingerprints done first",
        "userDefined": false
      }
    ],
    "isTemplate": false,
    "count": 0,
    "lang": "en",
    "updated": 0
  },
  {
    "id": "074dc194-5d39-4ca4-af8e-031931d7fb68",
    "data": [
      {
        "text": "Where do I go to get fingerprint clearance card?",
        "userDefined": false
      }
    ],
    "isTemplate": false,
    "count": 0,
    "lang": "en",
    "updated": 0
  },
  {
    "id": "9e0d56da-ec5b-454b-b707-9178cd2ee926",
    "data": [
      {
        "text": "Trying to get fingerprint cards",
        "userDefined": false
      }
    ],
    "isTemplate": false,
    "count": 0,
    "lang": "en",
    "updated": 0
  },
  {
    "id": "1362b05a-3446-4e38-b9e2-e893863ee9e0",
    "data": [
      {
        "text": "Hi, I am trying to apply for a new finger print clearance card.  I am a Realtor and in the process of getting my Broker\u0027s license.",
        "userDefined": false
      }
    ],
    "isTemplate": false,
    "count": 0,
    "lang": "en",
    "updated": 0
  },
  {
    "id": "fe2e8da7-0332-4477-8f54-ba8fbeff63ba",
    "data": [
      {
        "text": "how start look about my finger print card",
        "userDefined": false
      }
    ],
    "isTemplate": false,
    "count": 0,
    "lang": "en",
    "updated": 0
  },
  {
    "id": "67a1829f-fb68-4ca6-8562-5f32fda71784",
    "data": [
      {
        "text": "How to select electronic fingerprints",
        "userDefined": false
      }
    ],
    "isTemplate": false,
    "count": 0,
    "lang": "en",
    "updated": 0
  },
  {
    "id": "43bcb9e6-93c2-4517-9bd8-8147dba39007",
    "data": [
      {
        "text": "Hi , I need a Non IVP finger printing for AZDES - IT position",
        "userDefined": false
      }
    ],
    "isTemplate": false,
    "count": 0,
    "lang": "en",
    "updated": 0
  },
  {
    "id": "56b2d00d-c740-4356-8a9f-6c40da600a87",
    "data": [
      {
        "text": "where can I go to get my fingerprint card",
        "userDefined": false
      }
    ],
    "isTemplate": false,
    "count": 0,
    "lang": "en",
    "updated": 0
  },
  {
    "id": "c8403aaa-26ab-4bc8-92f0-e940287bd642",
    "data": [
      {
        "text": "I already had a card  years ago and I applied for another one",
        "userDefined": false
      }
    ],
    "isTemplate": false,
    "count": 0,
    "lang": "en",
    "updated": 0
  },
  {
    "id": "262a7add-6de8-4db1-8a4b-8561b12503da",
    "data": [
      {
        "text": "Fingerprints for teacher\u0027s clearance",
        "userDefined": false
      }
    ],
    "isTemplate": false,
    "count": 0,
    "lang": "en",
    "updated": 0
  },
  {
    "id": "0e653d83-bb67-4210-b917-33658e5008d4",
    "data": [
      {
        "text": "Where can I go and get a fingerprint clearance card?",
        "userDefined": false
      }
    ],
    "isTemplate": false,
    "count": 0,
    "lang": "en",
    "updated": 0
  },
  {
    "id": "85d9e3de-2347-48a8-9aa3-9e1b2c0f4a58",
    "data": [
      {
        "text": "How to I get my clearance card?",
        "userDefined": false
      }
    ],
    "isTemplate": false,
    "count": 0,
    "lang": "en",
    "updated": 0
  },
  {
    "id": "e9f0e173-88bb-4625-bf74-033b9ef87518",
    "data": [
      {
        "text": "I\u0027m requesting a clear card",
        "userDefined": false
      }
    ],
    "isTemplate": false,
    "count": 0,
    "lang": "en",
    "updated": 0
  },
  {
    "id": "4a4ba6ba-f553-43dd-ab87-fc783d52fb78",
    "data": [
      {
        "text": "my card is about to expire what is the process to update it",
        "userDefined": false
      }
    ],
    "isTemplate": false,
    "count": 0,
    "lang": "en",
    "updated": 0
  },
  {
    "id": "b9f1611a-9dec-454c-b0d2-64247e11dfc3",
    "data": [
      {
        "text": "I just moved to Arizona! I just got a job offer from a school district and need to card ASAP!",
        "userDefined": false
      }
    ],
    "isTemplate": false,
    "count": 0,
    "lang": "en",
    "updated": 0
  },
  {
    "id": "6975e592-9513-403c-b88c-92b9ef31104d",
    "data": [
      {
        "text": "WHERE CAN I GO TO GET A FINGER PRINT CARD?",
        "userDefined": false
      }
    ],
    "isTemplate": false,
    "count": 0,
    "lang": "en",
    "updated": 0
  },
  {
    "id": "90ec8262-d853-4193-a841-87f796e8ad2a",
    "data": [
      {
        "text": "fingerprint clearance card was denied, I filed a good cause exception and was approved, how to I obtain my fingerprints",
        "userDefined": false
      }
    ],
    "isTemplate": false,
    "count": 0,
    "lang": "en",
    "updated": 0
  },
  {
    "id": "06f1a49c-d99e-494e-b3d9-36da8f88aed9",
    "data": [
      {
        "text": "I am going to nursing school and need a fingerprint card. Do I need an IVP one or a normal one?",
        "userDefined": false
      }
    ],
    "isTemplate": false,
    "count": 1,
    "lang": "en",
    "updated": 0
  },
  {
    "id": "f6d5d78f-7024-48e8-96c2-23b086185db0",
    "data": [
      {
        "text": "I need to get a new fingerprint clearance card mine is expiring",
        "userDefined": false
      }
    ],
    "isTemplate": false,
    "count": 0,
    "lang": "en",
    "updated": 0
  },
  {
    "id": "b0bf2991-fec7-475f-baf5-b243b234c437",
    "data": [
      {
        "text": "how do I obtain a level one fingerprint clearance card",
        "userDefined": false
      }
    ],
    "isTemplate": false,
    "count": 0,
    "lang": "en",
    "updated": 0
  },
  {
    "id": "26719b38-c720-46f3-9d9a-4844a83a7053",
    "data": [
      {
        "text": "What information is needed go the clearance card?",
        "userDefined": false
      }
    ],
    "isTemplate": false,
    "count": 0,
    "lang": "en",
    "updated": 0
  },
  {
    "id": "431f34db-b255-4d3d-8ef3-091f760358fd",
    "data": [
      {
        "text": "what is the fingerprint method?",
        "userDefined": false
      }
    ],
    "isTemplate": false,
    "count": 0,
    "lang": "en",
    "updated": 0
  },
  {
    "id": "4679643a-e52e-49bd-8c63-1dd3f331fa62",
    "data": [
      {
        "text": "Hi do I need to request a blank finger print card if this is the first time I am requesting one?",
        "userDefined": false
      }
    ],
    "isTemplate": false,
    "count": 0,
    "lang": "en",
    "updated": 0
  },
  {
    "id": "4d82a45f-3c87-40c6-9776-2fdeb65d4fd7",
    "data": [
      {
        "text": "where do I go to get fingerprint clearance card?",
        "userDefined": false
      }
    ],
    "isTemplate": false,
    "count": 0,
    "lang": "en",
    "updated": 0
  },
  {
    "id": "703dc0f6-288c-4e73-a875-5385f467c08f",
    "data": [
      {
        "text": "I need fingerprint clearance.  I do not understand what to do.",
        "userDefined": false
      }
    ],
    "isTemplate": false,
    "count": 0,
    "lang": "en",
    "updated": 0
  },
  {
    "id": "6b2251b6-0cc4-4e4d-80f3-f2220e9226d6",
    "data": [
      {
        "text": "I am making my clearance card to be a pharmacy tech",
        "userDefined": false
      }
    ],
    "isTemplate": false,
    "count": 0,
    "lang": "en",
    "updated": 0
  },
  {
    "id": "c2c7ee0b-9c91-4b31-a0d8-52a2d18287d2",
    "data": [
      {
        "text": "how to get fingerprint card?",
        "userDefined": false
      }
    ],
    "isTemplate": false,
    "count": 1,
    "lang": "en",
    "updated": 0
  },
  {
    "id": "ebc87c7d-efaf-447a-a4fa-c22e6f04b99d",
    "data": [
      {
        "text": "How can I get my fingerprint clearance if I cannot get my paperwork through the mail?",
        "userDefined": false
      }
    ],
    "isTemplate": false,
    "count": 0,
    "lang": "en",
    "updated": 0
  },
  {
    "id": "6251866e-70ef-4a3e-97c5-9277be2287f0",
    "data": [
      {
        "text": "how do i apply for fingerprint clearance card? this website is not working",
        "userDefined": false
      }
    ],
    "isTemplate": false,
    "count": 0,
    "lang": "en",
    "updated": 0
  },
  {
    "id": "a5393d9d-7e4d-48f9-89c7-a3e73011a0ba",
    "data": [
      {
        "text": "Hi, I just need to know if I am able to do electronic fingerprinting or does it have to be on the fingerprint card?",
        "userDefined": false
      }
    ],
    "isTemplate": false,
    "count": 0,
    "lang": "en",
    "updated": 0
  },
  {
    "id": "bb114d25-1bbe-49c1-89f3-72ea984f40cf",
    "data": [
      {
        "text": "i need more info to get my fingerprinting done -",
        "userDefined": false
      }
    ],
    "isTemplate": false,
    "count": 0,
    "lang": "en",
    "updated": 0
  },
  {
    "id": "ac5c175c-7fe4-48cb-b769-f1cfb9ce43fc",
    "data": [
      {
        "text": "Information about fingerprint. Card",
        "userDefined": false
      }
    ],
    "isTemplate": false,
    "count": 0,
    "lang": "en",
    "updated": 0
  },
  {
    "id": "b75e7ba8-d025-425b-8777-3ace55f62f48",
    "data": [
      {
        "text": "I am looking at doing multiple applications for fingerprint cards  for employees what is the best way to do this for our company?",
        "userDefined": false
      }
    ],
    "isTemplate": false,
    "count": 0,
    "lang": "en",
    "updated": 0
  },
  {
    "id": "4a4160ed-f38c-4ce1-932d-db405b01008e",
    "data": [
      {
        "text": "can I submit fingerprints online",
        "userDefined": false
      }
    ],
    "isTemplate": false,
    "count": 0,
    "lang": "en",
    "updated": 0
  },
  {
    "id": "20c0fd4e-befa-4cba-9db8-3b2619b08ee3",
    "data": [
      {
        "text": "I can not figure out how to apply",
        "userDefined": false
      }
    ],
    "isTemplate": false,
    "count": 0,
    "lang": "en",
    "updated": 0
  },
  {
    "id": "a86b69b1-7062-460a-aa10-a525f94c985a",
    "data": [
      {
        "text": "Substitute teacher fingerprint",
        "userDefined": false
      }
    ],
    "isTemplate": false,
    "count": 0,
    "lang": "en",
    "updated": 0
  },
  {
    "id": "cff1a54c-9910-4497-893e-084a4f21fd79",
    "data": [
      {
        "text": "Questions about clearance card application",
        "userDefined": false
      }
    ],
    "isTemplate": false,
    "count": 0,
    "lang": "en",
    "updated": 0
  },
  {
    "id": "a9e526cb-8f26-48b6-801c-a4fa9084cd4b",
    "data": [
      {
        "text": "I can not find the information I need to get the card.",
        "userDefined": false
      }
    ],
    "isTemplate": false,
    "count": 0,
    "lang": "en",
    "updated": 0
  },
  {
    "id": "ca0daa43-9885-431a-9025-6e7e12be5a1f",
    "data": [
      {
        "text": "I keep getting a message that I can apply for fingerprint card here, but I don\u0027t know how.",
        "userDefined": false
      }
    ],
    "isTemplate": false,
    "count": 0,
    "lang": "en",
    "updated": 0
  },
  {
    "id": "eec33c5e-c0fd-4646-94d9-d7a3eb5641b4",
    "data": [
      {
        "text": "my question can I get a clearance card",
        "userDefined": false
      }
    ],
    "isTemplate": false,
    "count": 0,
    "lang": "en",
    "updated": 0
  },
  {
    "id": "bd00184a-b079-41a6-ab57-ccacc5ac63fd",
    "data": [
      {
        "text": "how do I apply for an exception",
        "userDefined": false
      }
    ],
    "isTemplate": false,
    "count": 0,
    "lang": "en",
    "updated": 0
  },
  {
    "id": "ffb82cea-60d4-465f-827d-057e627b00c3",
    "data": [
      {
        "text": "Early Childhood Card for Champions KinderCare",
        "userDefined": false
      }
    ],
    "isTemplate": false,
    "count": 0,
    "lang": "en",
    "updated": 0
  },
  {
    "id": "aeecd65b-8894-41a2-8472-c805136e97d5",
    "data": [
      {
        "text": "My Card has expired and need to get reapply for it , what can I do?",
        "userDefined": false
      }
    ],
    "isTemplate": false,
    "count": 0,
    "lang": "en",
    "updated": 0
  },
  {
    "id": "b2c8c9dd-da0c-43c3-88a7-6f2f1d401e37",
    "data": [
      {
        "text": "How do I get a card for fingerprinting?",
        "userDefined": false
      }
    ],
    "isTemplate": false,
    "count": 0,
    "lang": "en",
    "updated": 0
  },
  {
    "id": "2a3b912b-eccb-4d5d-9c99-209c4b4396a0",
    "data": [
      {
        "text": "I am a new teacher at a school.  They asked me to apply for fingerprint card clearance.  how do I do this online?",
        "userDefined": false
      }
    ],
    "isTemplate": false,
    "count": 0,
    "lang": "en",
    "updated": 0
  },
  {
    "id": "b032f71a-7e94-4c06-92f7-829d1deb4630",
    "data": [
      {
        "text": "How can I get a finger print clearance card",
        "userDefined": false
      }
    ],
    "isTemplate": false,
    "count": 0,
    "lang": "en",
    "updated": 0
  },
  {
    "id": "12e1b30d-2821-458b-a967-43f0f8e6efbb",
    "data": [
      {
        "text": "Hello can I request a fingerprint clearance card",
        "userDefined": false
      }
    ],
    "isTemplate": false,
    "count": 0,
    "lang": "en",
    "updated": 0
  },
  {
    "id": "944b60ec-26d8-4cbf-a39b-25b426be2c3a",
    "data": [
      {
        "text": "Fingerprinting clearance card application",
        "userDefined": false
      }
    ],
    "isTemplate": false,
    "count": 0,
    "lang": "en",
    "updated": 0
  },
  {
    "id": "36586afd-2060-4702-85da-64e13503f9f3",
    "data": [
      {
        "text": "I was hired by Flagstaff Unified School District and I need to get a fingerprint clearance card. I had one previously that expired in 2018.",
        "userDefined": false
      }
    ],
    "isTemplate": false,
    "count": 0,
    "lang": "en",
    "updated": 0
  },
  {
    "id": "b5e6b8f3-0a56-45d7-805f-a4b4a8d2e058",
    "data": [
      {
        "text": "insurance licensing",
        "userDefined": false
      }
    ],
    "isTemplate": false,
    "count": 0,
    "lang": "en",
    "updated": 0
  },
  {
    "id": "ff42babe-0821-408d-b4d4-25a8faf33912",
    "data": [
      {
        "text": "where di I apply for a fingerprint clearance card for behavioral health?",
        "userDefined": false
      }
    ],
    "isTemplate": false,
    "count": 0,
    "lang": "en",
    "updated": 0
  },
  {
    "id": "8e198d01-0c07-4cfd-a85d-79c8cf503cfa",
    "data": [
      {
        "text": "I had a card that expired last month. The email the was used has been inactivated by my now ex-husband. How do I start over without that email?",
        "userDefined": false
      }
    ],
    "isTemplate": false,
    "count": 0,
    "lang": "en",
    "updated": 0
  },
  {
    "id": "0a027a4f-1ff0-4385-b878-dfea53b463c4",
    "data": [
      {
        "text": "How to apply for new one",
        "userDefined": false
      }
    ],
    "isTemplate": false,
    "count": 0,
    "lang": "en",
    "updated": 0
  },
  {
    "id": "17c3cf32-2b4d-4355-8f85-5e3940ae845c",
    "data": [
      {
        "text": "How do I get my fingerprint card?",
        "userDefined": false
      }
    ],
    "isTemplate": false,
    "count": 0,
    "lang": "en",
    "updated": 0
  },
  {
    "id": "5403bf35-26f8-4a57-a9c6-7ea5fad1da92",
    "data": [
      {
        "text": "Can I request a new fingerprint clearance card application?",
        "userDefined": false
      }
    ],
    "isTemplate": false,
    "count": 0,
    "lang": "en",
    "updated": 0
  },
  {
    "id": "6f53b063-dd39-49a9-ac8b-971698674e2e",
    "data": [
      {
        "text": "licensing application",
        "userDefined": false
      }
    ],
    "isTemplate": false,
    "count": 0,
    "lang": "en",
    "updated": 0
  },
  {
    "id": "6319ac89-edc9-484e-b67a-4df705fb34f2",
    "data": [
      {
        "text": "How to apply for a new one",
        "userDefined": false
      }
    ],
    "isTemplate": false,
    "count": 0,
    "lang": "en",
    "updated": 0
  },
  {
    "id": "d4c9277d-056f-44a4-8423-57d5d059ab03",
    "data": [
      {
        "text": "How do i request a new ",
        "userDefined": false
      },
      {
        "text": "one",
        "meta": "@sys.date-time",
        "alias": "date-time",
        "userDefined": false
      }
    ],
    "isTemplate": false,
    "count": 0,
    "lang": "en",
    "updated": 0
  },
  {
    "id": "62fcf4ca-1fd5-4b41-89ec-b64e2370d723",
    "data": [
      {
        "text": "do i need to get my fingerprints before i am approved",
        "userDefined": false
      }
    ],
    "isTemplate": false,
    "count": 0,
    "lang": "en",
    "updated": 0
  },
  {
    "id": "ef29b697-ef77-4a6a-bfef-04590ca9c985",
    "data": [
      {
        "text": "I need to get a fingerprint card where can I get the form and where to send the form",
        "userDefined": false
      }
    ],
    "isTemplate": false,
    "count": 0,
    "lang": "en",
    "updated": 0
  },
  {
    "id": "88189846-cc12-403d-afef-08d702527815",
    "data": [
      {
        "text": "How do I get my finger print clearance card",
        "userDefined": false
      }
    ],
    "isTemplate": false,
    "count": 0,
    "lang": "en",
    "updated": 0
  },
  {
    "id": "6ca8009a-5661-423b-968a-6c1a56e0ba57",
    "data": [
      {
        "text": "I want to make sure I get the same fingerprint card like I have now. Can you help me?",
        "userDefined": false
      }
    ],
    "isTemplate": false,
    "count": 0,
    "lang": "en",
    "updated": 0
  },
  {
    "id": "b42e355b-e396-4bee-ae03-99c36a50afbb",
    "data": [
      {
        "text": "i need help with appling for fingerprint clearance",
        "userDefined": false
      }
    ],
    "isTemplate": false,
    "count": 0,
    "lang": "en",
    "updated": 0
  },
  {
    "id": "864229c0-4a2f-46a0-b347-ffc7bd6ad34b",
    "data": [
      {
        "text": "i need help with applying for it",
        "userDefined": false
      }
    ],
    "isTemplate": false,
    "count": 0,
    "lang": "en",
    "updated": 0
  },
  {
    "id": "e8da8894-887d-4a18-bde3-2cb58638116c",
    "data": [
      {
        "text": "I am in the process of applying for a Fingerprint Clearance Card. Do I need to get my fingerprints before I pay the application fee?",
        "userDefined": false
      }
    ],
    "isTemplate": false,
    "count": 0,
    "lang": "en",
    "updated": 0
  },
  {
    "id": "29a08f95-c7da-4ad2-b65b-6847d3ddc119",
    "data": [
      {
        "text": "I want to have schedule for Fingerprint Clearance Card",
        "userDefined": false
      }
    ],
    "isTemplate": false,
    "count": 0,
    "lang": "en",
    "updated": 0
  },
  {
    "id": "9c0dac54-cd60-4f40-849e-060228a2342f",
    "data": [
      {
        "text": "Please help me set up my account to get fingerprinted",
        "userDefined": false
      }
    ],
    "isTemplate": false,
    "count": 0,
    "lang": "en",
    "updated": 0
  },
  {
    "id": "75b25737-042e-4a6b-875b-0af95ba0635a",
    "data": [
      {
        "text": "I don\u0027t have a card",
        "userDefined": false
      }
    ],
    "isTemplate": false,
    "count": 0,
    "lang": "en",
    "updated": 0
  },
  {
    "id": "27856e8f-8686-41e8-aa33-46aa4fdb711c",
    "data": [
      {
        "text": "i dont have my card",
        "userDefined": false
      }
    ],
    "isTemplate": false,
    "count": 0,
    "lang": "en",
    "updated": 0
  },
  {
    "id": "15d03f8f-b591-4bbf-9199-d1d4ae618670",
    "data": [
      {
        "text": "clearance card new account",
        "userDefined": false
      }
    ],
    "isTemplate": false,
    "count": 0,
    "lang": "en",
    "updated": 0
  },
  {
    "id": "ca0841e0-f22a-48a4-a51d-462e44c338a8",
    "data": [
      {
        "text": "Yes, I don\u0027t have it anymore and when trying to apply it said I needed to contact you to get it",
        "userDefined": false
      }
    ],
    "isTemplate": false,
    "count": 0,
    "lang": "en",
    "updated": 0
  },
  {
    "id": "ea78c492-3f0b-4b54-8a3b-485427d3ffa3",
    "data": [
      {
        "text": "I had to order a new card what else do I need to do",
        "userDefined": false
      }
    ],
    "isTemplate": false,
    "count": 0,
    "lang": "en",
    "updated": 0
  },
  {
    "id": "45610016-66e8-4779-8f99-0afc7979144f",
    "data": [
      {
        "text": "request finger card",
        "userDefined": false
      }
    ],
    "isTemplate": false,
    "count": 1,
    "lang": "en",
    "updated": 0
  },
  {
    "id": "d23d3b76-6be3-4198-865d-4ce9b3d3e0d8",
    "data": [
      {
        "text": "how do I apply for a fib clearance card if I\u0027ve never had ",
        "userDefined": false
      },
      {
        "text": "one",
        "meta": "@sys.date-time",
        "alias": "date-time",
        "userDefined": false
      },
      {
        "text": " before and I\u0027m an employee",
        "userDefined": false
      }
    ],
    "isTemplate": false,
    "count": 0,
    "lang": "en",
    "updated": 0
  },
  {
    "id": "78d054eb-8379-46d8-be32-04c3c1ec4bbf",
    "data": [
      {
        "text": "Its asking for my business name and license number but i dont have ",
        "userDefined": false
      },
      {
        "text": "one",
        "meta": "@sys.date-time",
        "alias": "date-time",
        "userDefined": false
      },
      {
        "text": " yet",
        "userDefined": false
      }
    ],
    "isTemplate": false,
    "count": 0,
    "lang": "en",
    "updated": 0
  },
  {
    "id": "5a210ba6-a283-4ed0-a839-a8e205184369",
    "data": [
      {
        "text": "no card",
        "userDefined": false
      }
    ],
    "isTemplate": false,
    "count": 0,
    "lang": "en",
    "updated": 0
  },
  {
    "id": "a641c02e-9b4e-4ebb-b0ba-5f278ddbb500",
    "data": [
      {
        "text": "i need the card",
        "userDefined": false
      }
    ],
    "isTemplate": false,
    "count": 0,
    "lang": "en",
    "updated": 0
  },
  {
    "id": "3fa2b640-bde0-450f-af00-d2738fbf70e7",
    "data": [
      {
        "text": "im not sure where to start",
        "userDefined": false
      }
    ],
    "isTemplate": false,
    "count": 0,
    "lang": "en",
    "updated": 0
  },
  {
    "id": "c6ff0e21-ae6c-4d1a-8974-f269ba4a3964",
    "data": [
      {
        "text": "So who can I contact to get this process started? I\u0027m ",
        "userDefined": false
      },
      {
        "text": "60 days out",
        "meta": "@sys.date-time",
        "alias": "date-time",
        "userDefined": false
      }
    ],
    "isTemplate": false,
    "count": 0,
    "lang": "en",
    "updated": 0
  },
  {
    "id": "5d33083c-a421-4647-aa68-4acb4fe0cb91",
    "data": [
      {
        "text": "how do i start the process",
        "userDefined": false
      }
    ],
    "isTemplate": false,
    "count": 0,
    "lang": "en",
    "updated": 0
  },
  {
    "id": "613356e9-453f-448c-a112-45d611d747f1",
    "data": [
      {
        "text": "Yes I am in the right spot, but I need to know what card I need to mark down",
        "userDefined": false
      }
    ],
    "isTemplate": false,
    "count": 0,
    "lang": "en",
    "updated": 0
  },
  {
    "id": "12850ee0-2bf9-4655-b657-6f9b2ffbbc5d",
    "data": [
      {
        "text": "i dont have a card",
        "userDefined": false
      }
    ],
    "isTemplate": false,
    "count": 0,
    "lang": "en",
    "updated": 0
  },
  {
    "id": "aad1b2a3-7e37-49b0-bcc6-56798c776295",
    "data": [
      {
        "text": "how can I appeal to get my card back",
        "userDefined": false
      }
    ],
    "isTemplate": false,
    "count": 0,
    "lang": "en",
    "updated": 0
  },
  {
    "id": "bb64d8ab-f4eb-465a-aeff-772e20f5b212",
    "data": [
      {
        "text": "apply for fingerprint card",
        "userDefined": false
      }
    ],
    "isTemplate": false,
    "count": 0,
    "lang": "en",
    "updated": 0
  },
  {
    "id": "d46264d3-1faa-41b2-b8fd-8daf211faf16",
    "data": [
      {
        "text": "How do I apply for a card",
        "userDefined": false
      }
    ],
    "isTemplate": false,
    "count": 0,
    "lang": "en",
    "updated": 0
  },
  {
    "id": "2854d93f-928a-44d0-ad8d-2c8445841fc8",
    "data": [
      {
        "text": "Help me in applying for a card",
        "userDefined": false
      }
    ],
    "isTemplate": false,
    "count": 0,
    "lang": "en",
    "updated": 0
  },
  {
    "id": "daaf7f9f-acda-4bea-9dbf-2bdb5ed1d280",
    "data": [
      {
        "text": "Application for obtaining a card",
        "userDefined": false
      }
    ],
    "isTemplate": false,
    "count": 0,
    "lang": "en",
    "updated": 0
  },
  {
    "id": "927fe967-67d5-4fb3-a4ed-15740b997623",
    "data": [
      {
        "text": "What are the steps to apply for a card?",
        "userDefined": false
      }
    ],
    "isTemplate": false,
    "count": 0,
    "lang": "en",
    "updated": 0
  },
  {
    "id": "411c3b2e-64c3-4cd7-add0-514bc1cbcbf4",
    "data": [
      {
        "text": "What is the procedure to apply for a card?",
        "userDefined": false
      }
    ],
    "isTemplate": false,
    "count": 0,
    "lang": "en",
    "updated": 0
  },
  {
    "id": "dd8c6796-d443-417b-afc5-cc500aaa85c0",
    "data": [
      {
        "text": "Card application procedure?",
        "userDefined": false
      }
    ],
    "isTemplate": false,
    "count": 0,
    "lang": "en",
    "updated": 0
  },
  {
    "id": "4bfd8286-717c-48ad-81de-bea439a0a75f",
    "data": [
      {
        "text": "What are the steps involved in obtaining a card?",
        "userDefined": false
      }
    ],
    "isTemplate": false,
    "count": 0,
    "lang": "en",
    "updated": 0
  },
  {
    "id": "89410cfe-910d-4c9d-9ff8-f9d023560473",
    "data": [
      {
        "text": "what do I need to do for applying?",
        "userDefined": false
      }
    ],
    "isTemplate": false,
    "count": 0,
    "lang": "en",
    "updated": 0
  },
  {
    "id": "cea76be4-ac66-44c6-8db1-fbf6492be39c",
    "data": [
      {
        "text": "Application procedure for getting a card",
        "userDefined": false
      }
    ],
    "isTemplate": false,
    "count": 0,
    "lang": "en",
    "updated": 0
  },
  {
    "id": "a03104ca-f0d6-4adf-b446-425fcc19d42a",
    "data": [
      {
        "text": "Steps to apply",
        "userDefined": false
      }
    ],
    "isTemplate": false,
    "count": 0,
    "lang": "en",
    "updated": 0
  },
  {
    "id": "91147e9a-44b1-44a0-ae83-03a9f602231d",
    "data": [
      {
        "text": "Help me in applying",
        "userDefined": false
      }
    ],
    "isTemplate": false,
    "count": 0,
    "lang": "en",
    "updated": 0
  },
  {
    "id": "dac30126-e492-46d1-a022-d7b7ee280c72",
    "data": [
      {
        "text": "Application details",
        "userDefined": false
      }
    ],
    "isTemplate": false,
    "count": 0,
    "lang": "en",
    "updated": 0
  },
  {
    "id": "2be536fc-0f4a-4df1-afd6-9eb2b6b22e8a",
    "data": [
      {
        "text": "Information on card application",
        "userDefined": false
      }
    ],
    "isTemplate": false,
    "count": 0,
    "lang": "en",
    "updated": 0
  },
  {
    "id": "7882a44e-c0f7-4da8-b437-0388f9b95454",
    "data": [
      {
        "text": "Card applying assistance",
        "userDefined": false
      }
    ],
    "isTemplate": false,
    "count": 0,
    "lang": "en",
    "updated": 0
  },
  {
    "id": "1e9f0d33-9a74-467d-a282-a8334844aa0a",
    "data": [
      {
        "text": "Assistance for applying for a card",
        "userDefined": false
      }
    ],
    "isTemplate": false,
    "count": 0,
    "lang": "en",
    "updated": 0
  },
  {
    "id": "a8e324ec-49bd-4089-be7b-54cd7f46ee7b",
    "data": [
      {
        "text": "want to apply",
        "userDefined": false
      }
    ],
    "isTemplate": false,
    "count": 0,
    "lang": "en",
    "updated": 0
  },
  {
    "id": "ce907222-6fa8-446d-af0c-a7aabd5f228b",
    "data": [
      {
        "text": "i want to apply",
        "userDefined": false
      }
    ],
    "isTemplate": false,
    "count": 0,
    "lang": "en",
    "updated": 0
  },
  {
    "id": "1280b163-d107-447d-a37e-5a1c18312d25",
    "data": [
      {
        "text": "how to apply",
        "userDefined": false
      }
    ],
    "isTemplate": false,
    "count": 0,
    "lang": "en",
    "updated": 0
  },
  {
    "id": "b4601c9a-0f91-4280-b399-67ba0002dc7d",
    "data": [
      {
        "text": "how would i apply",
        "userDefined": false
      }
    ],
    "isTemplate": false,
    "count": 0,
    "lang": "en",
    "updated": 0
  },
  {
    "id": "b96e9850-6b4c-48b2-b985-8ef471d2b95a",
    "data": [
      {
        "text": "How do i ",
        "userDefined": false
      },
      {
        "text": "apply",
        "userDefined": false
      }
    ],
    "isTemplate": false,
    "count": 0,
    "lang": "en",
    "updated": 0
  }
]