[
  {
    "id": "d80a7203-f7ec-4273-87a0-50fb07558a06",
    "data": [
      {
        "text": "I accidently mis-put some information while doing the application, can I redo it",
        "userDefined": false
      }
    ],
    "isTemplate": false,
    "count": 0,
    "lang": "en",
    "updated": 0
  },
  {
    "id": "18088d31-a729-4282-97af-f35e9cf88a76",
    "data": [
      {
        "text": "I did an application for a fingerprint clearance card but I need to edit it to non-ivp",
        "userDefined": false
      }
    ],
    "isTemplate": false,
    "count": 0,
    "lang": "en",
    "updated": 0
  },
  {
    "id": "a5f26920-5475-42ab-88fe-b2d03a6a07d9",
    "data": [
      {
        "text": "I didn\u0027t finish applying for the fingerprint card I need to ",
        "userDefined": false
      },
      {
        "text": "change",
        "userDefined": false
      },
      {
        "text": " my answers",
        "userDefined": false
      }
    ],
    "isTemplate": false,
    "count": 0,
    "lang": "en",
    "updated": 0
  },
  {
    "id": "d0ab8714-02ac-4f99-ab65-46a8023123db",
    "data": [
      {
        "text": "Hi. I have a mistake on my phone number on the application for fingerprints card. could I correct the info?",
        "userDefined": false
      }
    ],
    "isTemplate": false,
    "count": 0,
    "lang": "en",
    "updated": 0
  },
  {
    "id": "081c4543-43ed-42aa-a508-3aed50abf11e",
    "data": [
      {
        "text": "Hello, so I just realized I accidentally mistyped my social security number into my application and now that is tied to my fingerprint clearance account",
        "userDefined": false
      }
    ],
    "isTemplate": false,
    "count": 0,
    "lang": "en",
    "updated": 0
  },
  {
    "id": "f5d3aaeb-64fb-4e6b-8835-723ce09fd077",
    "data": [
      {
        "text": "how do i change my application to out of state",
        "userDefined": false
      }
    ],
    "isTemplate": false,
    "count": 0,
    "lang": "en",
    "updated": 0
  },
  {
    "id": "9fcad09b-4764-4ccc-b49e-6fd62d739b0c",
    "data": [
      {
        "text": "Error on ID fingerprint application",
        "userDefined": false
      }
    ],
    "isTemplate": false,
    "count": 0,
    "lang": "en",
    "updated": 0
  },
  {
    "id": "071a9669-7bd5-42e7-b5ed-4a505dca3ad4",
    "data": [
      {
        "text": "hello, is there any way for me to change my request for unarmed to armed security guard card?",
        "userDefined": false
      }
    ],
    "isTemplate": false,
    "count": 1,
    "lang": "en",
    "updated": 0
  },
  {
    "id": "c971e2f1-4bf6-4b23-8f48-7f3892bbce4c",
    "data": [
      {
        "text": "I submitted an application, but I need to amend it because I am out of state",
        "userDefined": false
      }
    ],
    "isTemplate": false,
    "count": 0,
    "lang": "en",
    "updated": 0
  },
  {
    "id": "c6cbc9b7-a600-47ad-9012-52623099cd33",
    "data": [
      {
        "text": "I accidentally clicked the wrong clearance for finger prints scan",
        "userDefined": false
      }
    ],
    "isTemplate": false,
    "count": 0,
    "lang": "en",
    "updated": 0
  },
  {
    "id": "0903bb20-876d-4685-846f-340987a41f78",
    "data": [
      {
        "text": "hello, is there any way for me to ",
        "userDefined": false
      },
      {
        "text": "change",
        "meta": "@Update",
        "alias": "update",
        "userDefined": false
      },
      {
        "text": " my request for unarmed to armed security guard card?",
        "userDefined": false
      }
    ],
    "isTemplate": false,
    "count": 0,
    "lang": "en",
    "updated": 0
  },
  {
    "id": "f457a864-c204-4add-b8a8-6c721eb17e2e",
    "data": [
      {
        "text": "Hello I got a few questions I got my finger print card application rejected because the name in the application didn\u0027t match the one in the finger print, what can I do to fix the issue?",
        "userDefined": false
      }
    ],
    "isTemplate": false,
    "count": 0,
    "lang": "en",
    "updated": 0
  },
  {
    "id": "302a97d1-de36-4192-b9e9-0a8467a306eb",
    "data": [
      {
        "text": "completed application incorrectly",
        "userDefined": false
      }
    ],
    "isTemplate": false,
    "count": 0,
    "lang": "en",
    "updated": 0
  },
  {
    "id": "fae93a72-ec43-4da6-b51e-8f5ec31e51a9",
    "data": [
      {
        "text": "I accidentally typed into he wrong address in my fingerprint clearance card application",
        "userDefined": false
      }
    ],
    "isTemplate": false,
    "count": 0,
    "lang": "en",
    "updated": 0
  },
  {
    "id": "e4e7818f-95ed-4f80-9226-2b70db6c267e",
    "data": [
      {
        "text": "I applied for a clearance card but I need to ",
        "userDefined": false
      },
      {
        "text": "change",
        "meta": "@Update",
        "alias": "update",
        "userDefined": false
      },
      {
        "text": " reason for applying",
        "userDefined": false
      }
    ],
    "isTemplate": false,
    "count": 1,
    "lang": "en",
    "updated": 0
  },
  {
    "id": "3eecd88e-e3e8-46b5-ae8e-d510b17a566c",
    "data": [
      {
        "text": "how do I ",
        "userDefined": false
      },
      {
        "text": "change",
        "meta": "@Update",
        "alias": "update",
        "userDefined": false
      },
      {
        "text": " my reason for applying for a card",
        "userDefined": false
      }
    ],
    "isTemplate": false,
    "count": 0,
    "lang": "en",
    "updated": 0
  },
  {
    "id": "c0a2070f-2544-4113-9d33-430149f64703",
    "data": [
      {
        "text": "I did my application wrong for my finger print card",
        "userDefined": false
      }
    ],
    "isTemplate": false,
    "count": 0,
    "lang": "en",
    "updated": 0
  },
  {
    "id": "0560bc31-9fe6-422a-93ca-848f3d4f27b5",
    "data": [
      {
        "text": "how do you ",
        "userDefined": false
      },
      {
        "text": "change",
        "meta": "@Update",
        "alias": "update",
        "userDefined": false
      },
      {
        "text": " information on application",
        "userDefined": false
      }
    ],
    "isTemplate": false,
    "count": 0,
    "lang": "en",
    "updated": 0
  },
  {
    "id": "c1cbbcf7-cb9c-4f80-8b17-be0d9bd5f2aa",
    "data": [
      {
        "text": "I accidentally clicked on the wrong box to sign up for a fingerprint card, can you help me delete it?",
        "userDefined": false
      }
    ],
    "isTemplate": false,
    "count": 0,
    "lang": "en",
    "updated": 0
  },
  {
    "id": "c31f921a-54a4-46ee-8f16-8ce9f935099e",
    "data": [
      {
        "text": "I need to add clearance on fingerprint for Nursing Board on my record please.",
        "userDefined": false
      }
    ],
    "isTemplate": false,
    "count": 0,
    "lang": "en",
    "updated": 0
  },
  {
    "id": "1144f45d-2071-489a-a2b9-af1d32998dab",
    "data": [
      {
        "text": "Hello, I applied for a regular fingerprint clearance card yesterday, but I need a level 1, can I edit my current request, or do I have to put in a new one",
        "userDefined": false
      }
    ],
    "isTemplate": false,
    "count": 0,
    "lang": "en",
    "updated": 0
  },
  {
    "id": "ce18d9f1-0cb9-4c8d-ae9c-8bea9717f073",
    "data": [
      {
        "text": "How to add employment at school on level one fingerprint card",
        "userDefined": false
      }
    ],
    "isTemplate": false,
    "count": 0,
    "lang": "en",
    "updated": 0
  },
  {
    "id": "e827a0ba-089d-4421-872d-e1f2eae58a32",
    "data": [
      {
        "text": "I need to add information to application",
        "userDefined": false
      }
    ],
    "isTemplate": false,
    "count": 0,
    "lang": "en",
    "updated": 0
  },
  {
    "id": "22e74197-10d3-41ad-9473-1387dc3ba77d",
    "data": [
      {
        "text": "Hello. I applied for a fingerprint card for my new job and I did not put the employer info on there. Is there any way to fix it??",
        "userDefined": false
      }
    ],
    "isTemplate": false,
    "count": 0,
    "lang": "en",
    "updated": 0
  },
  {
    "id": "e6b88676-c853-44c1-b383-7a2753e6abad",
    "data": [
      {
        "text": "I received notice that my DOB on my application and my fingerprint did not match, how do I get to the application  to fix it?",
        "userDefined": false
      }
    ],
    "isTemplate": false,
    "count": 0,
    "lang": "en",
    "updated": 0
  },
  {
    "id": "a8c33f8b-a3f8-446f-9a86-6617fd185ace",
    "data": [
      {
        "text": "When my info was submitted, I missed an A at the end of my last name",
        "userDefined": false
      }
    ],
    "isTemplate": false,
    "count": 0,
    "lang": "en",
    "updated": 0
  },
  {
    "id": "5969b463-5114-41d8-b12b-65e963255d01",
    "data": [
      {
        "text": "I accidentally entered an incorrect phone number on my fingerprint application card.",
        "userDefined": false
      }
    ],
    "isTemplate": false,
    "count": 0,
    "lang": "en",
    "updated": 0
  },
  {
    "id": "efa25f88-fbd3-499e-8f92-519cae0df3e9",
    "data": [
      {
        "text": "I need to add an organization to my fingerprint card",
        "userDefined": false
      }
    ],
    "isTemplate": false,
    "count": 0,
    "lang": "en",
    "updated": 0
  },
  {
    "id": "161c2f82-db25-443f-ac32-d3203ff12087",
    "data": [
      {
        "text": "I applied for fingerprint card but no phone number where I can go get it done",
        "userDefined": false
      }
    ],
    "isTemplate": false,
    "count": 0,
    "lang": "en",
    "updated": 0
  },
  {
    "id": "90e8e9c7-b866-40a8-9ff7-9f870e6a8925",
    "data": [
      {
        "text": "hi how can I go back and put the employee code so I do not have to pay the fee",
        "userDefined": false
      }
    ],
    "isTemplate": false,
    "count": 0,
    "lang": "en",
    "updated": 0
  },
  {
    "id": "24481f39-f0d4-41a9-99ce-11d32b1bb8bc",
    "data": [
      {
        "text": "need hell modifying application",
        "userDefined": false
      }
    ],
    "isTemplate": false,
    "count": 0,
    "lang": "en",
    "updated": 0
  },
  {
    "id": "f0ca5023-ebc7-42c7-aa2f-a95077e9395b",
    "data": [
      {
        "text": "I entered the wrong DOB",
        "userDefined": false
      }
    ],
    "isTemplate": false,
    "count": 0,
    "lang": "en",
    "updated": 0
  },
  {
    "id": "d8097d9b-ffb1-4038-b2c5-9a0d71678646",
    "data": [
      {
        "text": "I submitted an application for fingerprint clearance and forgot to check a box",
        "userDefined": false
      }
    ],
    "isTemplate": false,
    "count": 0,
    "lang": "en",
    "updated": 0
  },
  {
    "id": "00c83c0d-ab58-446a-98ab-ba079fb56565",
    "data": [
      {
        "text": "I am not a volunteer but employed,  how do I ",
        "userDefined": false
      },
      {
        "text": "change",
        "meta": "@Update",
        "alias": "update",
        "userDefined": false
      },
      {
        "text": " that",
        "userDefined": false
      }
    ],
    "isTemplate": false,
    "count": 0,
    "lang": "en",
    "updated": 0
  },
  {
    "id": "3a6d39e0-bbb0-4150-af2e-8ba67768b55a",
    "data": [
      {
        "text": "how to revise or cancel a fingerprint clearance card ",
        "userDefined": false
      },
      {
        "text": "application",
        "meta": "@Application",
        "alias": "application",
        "userDefined": false
      }
    ],
    "isTemplate": false,
    "count": 0,
    "lang": "en",
    "updated": 0
  },
  {
    "id": "e42a9391-8332-4749-a61d-ea069b7301ef",
    "data": [
      {
        "text": "I already applied but need to make a ",
        "userDefined": false
      },
      {
        "text": "change",
        "meta": "@Update",
        "alias": "update",
        "userDefined": false
      }
    ],
    "isTemplate": false,
    "count": 0,
    "lang": "en",
    "updated": 0
  },
  {
    "id": "246e3c4a-e290-4629-bf41-b0505367f29c",
    "data": [
      {
        "text": "But I think I requested the wrong type of fingerprint clearance card",
        "userDefined": false
      }
    ],
    "isTemplate": false,
    "count": 0,
    "lang": "en",
    "updated": 0
  },
  {
    "id": "e5219c47-79af-48b0-9437-3cebda85697a",
    "data": [
      {
        "text": "Hi, can I update the application I filled up yesterday for my fingerprint card?",
        "userDefined": false
      }
    ],
    "isTemplate": false,
    "count": 0,
    "lang": "en",
    "updated": 0
  },
  {
    "id": "e2a0c919-11ae-4d16-93fa-b2e471ef80ef",
    "data": [
      {
        "text": "There is information missing on my application what department do I go to to get this taken care of",
        "userDefined": false
      }
    ],
    "isTemplate": false,
    "count": 0,
    "lang": "en",
    "updated": 0
  },
  {
    "id": "7a87e476-d33a-4764-a1b2-cb665eb95042",
    "data": [
      {
        "text": "I need to add a statue to my fingerprint card",
        "userDefined": false
      }
    ],
    "isTemplate": false,
    "count": 0,
    "lang": "en",
    "updated": 0
  },
  {
    "id": "a88d33c5-901d-4225-be2a-27a9009df0a2",
    "data": [
      {
        "text": "I accidentally made a mistake selecting as a wrong person on a clearance card",
        "userDefined": false
      }
    ],
    "isTemplate": false,
    "count": 0,
    "lang": "en",
    "updated": 0
  },
  {
    "id": "d32081e3-affe-4fa3-bb16-d69216600cc6",
    "data": [
      {
        "text": "who do I contact to edit my order",
        "userDefined": false
      }
    ],
    "isTemplate": false,
    "count": 1,
    "lang": "en",
    "updated": 0
  },
  {
    "id": "6a9c3a70-98b4-4f49-8749-07193d8913fd",
    "data": [
      {
        "text": "ADDRESS ON APPLICATION IS INCORRECT",
        "userDefined": false
      }
    ],
    "isTemplate": false,
    "count": 0,
    "lang": "en",
    "updated": 0
  },
  {
    "id": "8d8a923f-2b34-454d-b38d-d2c82e45898e",
    "data": [
      {
        "text": "I have a mistake on my fingerprint form I submitted",
        "userDefined": false
      }
    ],
    "isTemplate": false,
    "count": 0,
    "lang": "en",
    "updated": 0
  },
  {
    "id": "89022e07-096e-4919-9d63-167844ac837b",
    "data": [
      {
        "text": "do I have to resubmit an application if I made a mistake",
        "userDefined": false
      }
    ],
    "isTemplate": false,
    "count": 0,
    "lang": "en",
    "updated": 0
  },
  {
    "id": "c9fb96be-4085-4074-8661-4315d7377d61",
    "data": [
      {
        "text": "made a mistake on my application",
        "userDefined": false
      }
    ],
    "isTemplate": false,
    "count": 0,
    "lang": "en",
    "updated": 0
  },
  {
    "id": "610eafa2-abdb-40df-9709-fbf59a0a882d",
    "data": [
      {
        "text": "How can it be added to my application?",
        "userDefined": false
      }
    ],
    "isTemplate": false,
    "count": 0,
    "lang": "en",
    "updated": 0
  },
  {
    "id": "dc91141b-8617-4e8b-a773-ee914b50331f",
    "data": [
      {
        "text": "I submitted the wrong application for a health sciences student fingerprint clearance card. I submitted the non-IVP when I should have submitted the IVP. Can this be changed?",
        "userDefined": false
      }
    ],
    "isTemplate": false,
    "count": 0,
    "lang": "en",
    "updated": 0
  },
  {
    "id": "78608a3d-ab0b-4b56-8ea1-ba73cf2f5bb1",
    "data": [
      {
        "text": "On my original application I check agency I need it to be credit card instead",
        "userDefined": false
      }
    ],
    "isTemplate": false,
    "count": 0,
    "lang": "en",
    "updated": 0
  },
  {
    "id": "96825110-389f-4518-946e-8f270b27020b",
    "data": [
      {
        "text": "I already applied for it but need to make the change",
        "userDefined": false
      }
    ],
    "isTemplate": false,
    "count": 0,
    "lang": "en",
    "updated": 0
  },
  {
    "id": "fc7a4c62-acdc-47ca-8917-817f0916ec2e",
    "data": [
      {
        "text": "How do I ",
        "userDefined": false
      },
      {
        "text": "edit",
        "userDefined": false
      },
      {
        "text": " my weight",
        "userDefined": false
      }
    ],
    "isTemplate": false,
    "count": 0,
    "lang": "en",
    "updated": 0
  },
  {
    "id": "81514275-f850-42eb-899c-70f1b2afb857",
    "data": [
      {
        "text": "I put wrong mailing address",
        "userDefined": false
      }
    ],
    "isTemplate": false,
    "count": 0,
    "lang": "en",
    "updated": 0
  },
  {
    "id": "49adc803-644c-4e67-b73a-bd3441665faa",
    "data": [
      {
        "text": "Need to update ",
        "userDefined": false
      },
      {
        "text": "name change",
        "userDefined": false
      },
      {
        "text": " and address",
        "userDefined": false
      }
    ],
    "isTemplate": false,
    "count": 0,
    "lang": "en",
    "updated": 0
  },
  {
    "id": "ceb41bca-8bad-457f-80b9-ffd5afa2536f",
    "data": [
      {
        "text": "I don\u0027t think that the third question is the one that I chose. It was supposed to be what city or town was my first job. Can I change. Question?",
        "userDefined": false
      }
    ],
    "isTemplate": false,
    "count": 0,
    "lang": "en",
    "updated": 0
  },
  {
    "id": "9a42b3dc-a011-4518-81b4-9ce8c8a0f89e",
    "data": [
      {
        "text": "I need the license with my picture that picture is not me",
        "userDefined": false
      }
    ],
    "isTemplate": false,
    "count": 0,
    "lang": "en",
    "updated": 0
  },
  {
    "id": "17057db9-6e88-441c-a89c-76bb50c882dc",
    "data": [
      {
        "text": "hello can I add a code to my fingerprint card on the website??",
        "userDefined": false
      }
    ],
    "isTemplate": false,
    "count": 0,
    "lang": "en",
    "updated": 0
  },
  {
    "id": "884a5e4b-83c6-4d7c-bfdb-94cab9fb3474",
    "data": [
      {
        "text": "My birthdate on my card is wrong",
        "userDefined": false
      }
    ],
    "isTemplate": false,
    "count": 0,
    "lang": "en",
    "updated": 0
  },
  {
    "id": "c6fb6c35-c608-47bf-8473-e0f654bd4925",
    "data": [
      {
        "text": "Just realized that I entered  the wrong address",
        "userDefined": false
      }
    ],
    "isTemplate": false,
    "count": 0,
    "lang": "en",
    "updated": 0
  },
  {
    "id": "fcceb309-64d5-4974-bb23-d96177b872a6",
    "data": [
      {
        "text": "Chance place of birth",
        "userDefined": false
      }
    ],
    "isTemplate": false,
    "count": 0,
    "lang": "en",
    "updated": 0
  },
  {
    "id": "7566d7c4-b839-43b4-b5e1-b0883fed373a",
    "data": [
      {
        "text": "hey I have by mistake given my eye color as ",
        "userDefined": false
      },
      {
        "text": "black",
        "meta": "@sys.color",
        "alias": "color",
        "userDefined": false
      },
      {
        "text": " instead of brown will I be able to update the error",
        "userDefined": false
      }
    ],
    "isTemplate": false,
    "count": 0,
    "lang": "en",
    "updated": 0
  },
  {
    "id": "308335be-9c7e-4270-9c08-74efc1d79722",
    "data": [
      {
        "text": "spelling error",
        "userDefined": false
      }
    ],
    "isTemplate": false,
    "count": 0,
    "lang": "en",
    "updated": 0
  },
  {
    "id": "43434774-1146-49c7-ad20-3b052edc6a55",
    "data": [
      {
        "text": "I wonder if you can help me I just need to update my address and my account is locked.",
        "userDefined": false
      }
    ],
    "isTemplate": false,
    "count": 0,
    "lang": "en",
    "updated": 0
  },
  {
    "id": "75872251-45da-4ad3-9a9f-2b075b4b2139",
    "data": [
      {
        "text": "I need to ",
        "userDefined": false
      },
      {
        "text": "change",
        "meta": "@Update",
        "alias": "update",
        "userDefined": false
      },
      {
        "text": " my name on my fingerprint clearance card",
        "userDefined": false
      }
    ],
    "isTemplate": false,
    "count": 0,
    "lang": "en",
    "updated": 0
  },
  {
    "id": "d807a7ac-84f7-4eaf-a2c7-09377a02e53f",
    "data": [
      {
        "text": "I entered an incorrect email when creating an account, so I\u0027m not able to verify. Is there a way I can ",
        "userDefined": false
      },
      {
        "text": "change",
        "meta": "@Update",
        "alias": "update",
        "userDefined": false
      },
      {
        "text": " this?",
        "userDefined": false
      }
    ],
    "isTemplate": false,
    "count": 0,
    "lang": "en",
    "updated": 0
  },
  {
    "id": "957089ad-40e0-46a6-829c-5dd326620b50",
    "data": [
      {
        "text": "Add my signature to my profile",
        "userDefined": false
      }
    ],
    "isTemplate": false,
    "count": 0,
    "lang": "en",
    "updated": 0
  },
  {
    "id": "16b064f0-f559-41f9-a7d2-5876ebe5eb9b",
    "data": [
      {
        "text": "how to I change my application from the Mail Kit to the Electronic Fingerprinting Servies?",
        "userDefined": false
      }
    ],
    "isTemplate": false,
    "count": 0,
    "lang": "en",
    "updated": 0
  },
  {
    "id": "98330781-5af6-4bdc-b5e6-9975993391d0",
    "data": [
      {
        "text": "change",
        "meta": "@Update",
        "alias": "update",
        "userDefined": false
      },
      {
        "text": " birthdate",
        "userDefined": false
      }
    ],
    "isTemplate": false,
    "count": 0,
    "lang": "en",
    "updated": 0
  },
  {
    "id": "f176bfce-e188-48bd-81a3-94f3781c83b1",
    "data": [
      {
        "text": "Hey I made a mistake on my application and put my place of birth as AZ instead of ",
        "userDefined": false
      },
      {
        "text": "NY",
        "meta": "@sys.geo-city",
        "alias": "geo-city",
        "userDefined": false
      },
      {
        "text": ". How do I fix it?",
        "userDefined": false
      }
    ],
    "isTemplate": false,
    "count": 0,
    "lang": "en",
    "updated": 0
  },
  {
    "id": "ca61fb6d-1be5-4dfc-a197-dde68122eb64",
    "data": [
      {
        "text": "I changed my birthday I need that to reflect on my application",
        "userDefined": false
      }
    ],
    "isTemplate": false,
    "count": 0,
    "lang": "en",
    "updated": 0
  },
  {
    "id": "f6df33bb-1e1f-4ae8-868c-6b9dd8e76f81",
    "data": [
      {
        "text": "Can I get my fingerprint card under the name that is in my profile and just show my documents of my current last name so they can ",
        "userDefined": false
      },
      {
        "text": "change",
        "meta": "@Update",
        "alias": "update",
        "userDefined": false
      },
      {
        "text": " it while there?",
        "userDefined": false
      }
    ],
    "isTemplate": false,
    "count": 0,
    "lang": "en",
    "updated": 0
  },
  {
    "id": "0a8fb935-249a-46c5-9858-8df28caa388e",
    "data": [
      {
        "text": "Change my birthdate",
        "userDefined": false
      }
    ],
    "isTemplate": false,
    "count": 0,
    "lang": "en",
    "updated": 0
  },
  {
    "id": "805ac8b1-3748-4e67-911f-ab50f4ece372",
    "data": [
      {
        "text": "I want to make sure I updated my address correctly.",
        "userDefined": false
      }
    ],
    "isTemplate": false,
    "count": 0,
    "lang": "en",
    "updated": 0
  },
  {
    "id": "c1e84f3c-e551-4516-b9cf-e1335501a728",
    "data": [
      {
        "text": "I need my date of \n birth ",
        "userDefined": false
      },
      {
        "text": "fixed",
        "meta": "@Update",
        "alias": "update",
        "userDefined": false
      }
    ],
    "isTemplate": false,
    "count": 0,
    "lang": "en",
    "updated": 0
  },
  {
    "id": "d62cf5b0-f3aa-48be-ab56-eee42cc4126b",
    "data": [
      {
        "text": "Hi. I put the wrong mailing address for my finger print clearance card",
        "userDefined": false
      }
    ],
    "isTemplate": false,
    "count": 0,
    "lang": "en",
    "updated": 0
  },
  {
    "id": "b35511b7-1c86-438a-ad30-e7b3695470a8",
    "data": [
      {
        "text": "I need to ",
        "userDefined": false
      },
      {
        "text": "change",
        "meta": "@Update",
        "alias": "update",
        "userDefined": false
      },
      {
        "text": " my name on my fingerprint card",
        "userDefined": false
      }
    ],
    "isTemplate": false,
    "count": 0,
    "lang": "en",
    "updated": 0
  },
  {
    "id": "9c425ac9-a4d6-4944-a4c5-3822ddf70a09",
    "data": [
      {
        "text": "HOW DO YOUR CORRECT IF THE CHOICE FOR THE RACE IS NOT CORRECT?",
        "userDefined": false
      }
    ],
    "isTemplate": false,
    "count": 0,
    "lang": "en",
    "updated": 0
  },
  {
    "id": "af6e8a27-0a36-4e84-a675-218553bec33f",
    "data": [
      {
        "text": "I would like to ",
        "userDefined": false
      },
      {
        "text": "change",
        "meta": "@Update",
        "alias": "update",
        "userDefined": false
      },
      {
        "text": " my application from paper to electronic",
        "userDefined": false
      }
    ],
    "isTemplate": false,
    "count": 0,
    "lang": "en",
    "updated": 0
  },
  {
    "id": "5622b693-42d4-4cbf-868b-8cdc8969ed05",
    "data": [
      {
        "text": "How to correct an incorrect entry on the form?",
        "userDefined": false
      }
    ],
    "isTemplate": false,
    "count": 0,
    "lang": "en",
    "updated": 0
  },
  {
    "id": "f8501a0a-abb3-4a53-bc47-501766bb539e",
    "data": [
      {
        "text": "Change name on fingerprint clearance card",
        "userDefined": false
      }
    ],
    "isTemplate": false,
    "count": 0,
    "lang": "en",
    "updated": 0
  },
  {
    "id": "497335c3-b2d7-42a8-88df-f6b4c25f08ae",
    "data": [
      {
        "text": "How do I ",
        "userDefined": false
      },
      {
        "text": "change",
        "meta": "@Update",
        "alias": "update",
        "userDefined": false
      },
      {
        "text": " my name on my fingerprint card",
        "userDefined": false
      }
    ],
    "isTemplate": false,
    "count": 0,
    "lang": "en",
    "updated": 0
  },
  {
    "id": "94c521c9-bca8-42c7-8211-3201754c1a0e",
    "data": [
      {
        "text": "how can i ",
        "userDefined": false
      },
      {
        "text": "change",
        "meta": "@Update",
        "alias": "update",
        "userDefined": false
      },
      {
        "text": " my name on my fingerprint clearance card?",
        "userDefined": false
      }
    ],
    "isTemplate": false,
    "count": 0,
    "lang": "en",
    "updated": 0
  },
  {
    "id": "4c89414c-8f30-44c3-b6e1-65d6b06a3327",
    "data": [
      {
        "text": "wrong ",
        "userDefined": false
      },
      {
        "text": "gander",
        "meta": "@sys.geo-city",
        "alias": "geo-city",
        "userDefined": false
      },
      {
        "text": " on applicatipon",
        "userDefined": false
      }
    ],
    "isTemplate": false,
    "count": 0,
    "lang": "en",
    "updated": 0
  },
  {
    "id": "35c1a1ea-6a78-4bad-8e08-5bcad5b0d7b5",
    "data": [
      {
        "text": "modify",
        "meta": "@Update",
        "alias": "update",
        "userDefined": false
      },
      {
        "text": " ",
        "userDefined": false
      },
      {
        "text": "application",
        "meta": "@Application",
        "alias": "application",
        "userDefined": false
      }
    ],
    "isTemplate": false,
    "count": 0,
    "lang": "en",
    "updated": 0
  },
  {
    "id": "3f9d98ae-1804-4e60-98b9-d8537a998546",
    "data": [
      {
        "text": "Hello, I think when I helped someone register online we put the wrong gender on there but I can\u0027t find anything online to see that.",
        "userDefined": false
      }
    ],
    "isTemplate": false,
    "count": 0,
    "lang": "en",
    "updated": 0
  },
  {
    "id": "811502d3-4473-417e-8e34-3e5da7b6b2ec",
    "data": [
      {
        "text": "i need to change my DOB on my aplication",
        "userDefined": false
      }
    ],
    "isTemplate": false,
    "count": 0,
    "lang": "en",
    "updated": 0
  },
  {
    "id": "81a45148-b0ce-4b91-9d77-c53a6300b2d9",
    "data": [
      {
        "text": "can I ",
        "userDefined": false
      },
      {
        "text": "edit",
        "meta": "@Update",
        "alias": "update",
        "userDefined": false
      },
      {
        "text": " clearance card application",
        "userDefined": false
      }
    ],
    "isTemplate": false,
    "count": 0,
    "lang": "en",
    "updated": 0
  },
  {
    "id": "b244f0c4-b0ad-483a-a26e-31ef3009f0bb",
    "data": [
      {
        "text": "Can I ",
        "userDefined": false
      },
      {
        "text": "modify",
        "meta": "@Update",
        "alias": "update",
        "userDefined": false
      },
      {
        "text": " my fingerprint clearance application?",
        "userDefined": false
      }
    ],
    "isTemplate": false,
    "count": 0,
    "lang": "en",
    "updated": 0
  },
  {
    "id": "eecb7291-2a06-477c-84d1-f65bda431f6d",
    "data": [
      {
        "text": "how to make ",
        "userDefined": false
      },
      {
        "text": "changes",
        "meta": "@Update",
        "alias": "update",
        "userDefined": false
      },
      {
        "text": " on the application once it is sent",
        "userDefined": false
      }
    ],
    "isTemplate": false,
    "count": 1,
    "lang": "en",
    "updated": 0
  },
  {
    "id": "2493facf-6b96-4823-a0d8-e4cd4840f055",
    "data": [
      {
        "text": "what is the link to make corrections on your application",
        "userDefined": false
      }
    ],
    "isTemplate": false,
    "count": 0,
    "lang": "en",
    "updated": 0
  },
  {
    "id": "27146aea-ccad-408a-aab4-0d26c86af5c1",
    "data": [
      {
        "text": "I am already applying but having difficulty with mailing address",
        "userDefined": false
      }
    ],
    "isTemplate": false,
    "count": 0,
    "lang": "en",
    "updated": 0
  },
  {
    "id": "11e119ea-91a6-4382-9582-03856d07414a",
    "data": [
      {
        "text": "How can i verify information on my application?",
        "userDefined": false
      }
    ],
    "isTemplate": false,
    "count": 0,
    "lang": "en",
    "updated": 0
  },
  {
    "id": "82b1df11-b750-4982-a6c2-f9e6609878dd",
    "data": [
      {
        "text": "How can I review my application",
        "userDefined": false
      }
    ],
    "isTemplate": false,
    "count": 0,
    "lang": "en",
    "updated": 0
  },
  {
    "id": "b521814b-7410-4a80-a605-a12e1f459381",
    "data": [
      {
        "text": "I need to update my FCC ",
        "userDefined": false
      },
      {
        "text": "application",
        "meta": "@Application",
        "alias": "application",
        "userDefined": false
      }
    ],
    "isTemplate": false,
    "count": 0,
    "lang": "en",
    "updated": 0
  },
  {
    "id": "6286114b-f877-4d57-8eed-6ce22bc571f7",
    "data": [
      {
        "text": "I selected the wrong reason for getting a FCC on my application",
        "userDefined": false
      }
    ],
    "isTemplate": false,
    "count": 0,
    "lang": "en",
    "updated": 0
  },
  {
    "id": "1ca3cb61-f493-4e2d-bdc4-541bd22a52ad",
    "data": [
      {
        "text": "I need to correct something on my fingerprint application.... how do I do this?",
        "userDefined": false
      }
    ],
    "isTemplate": false,
    "count": 0,
    "lang": "en",
    "updated": 0
  },
  {
    "id": "3ba0f90b-42f5-4e68-8367-22d1b0332989",
    "data": [
      {
        "text": "the place of my birth is incorrect on my fingerprint card application how do I correct it.",
        "userDefined": false
      }
    ],
    "isTemplate": false,
    "count": 0,
    "lang": "en",
    "updated": 0
  },
  {
    "id": "0294f54b-96e0-4f7e-b36b-6cd63e809c06",
    "data": [
      {
        "text": "How do I update employer",
        "userDefined": false
      }
    ],
    "isTemplate": false,
    "count": 0,
    "lang": "en",
    "updated": 0
  },
  {
    "id": "c2c3d327-e8b6-4f44-b755-7e85e55a4d8b",
    "data": [
      {
        "text": "how can i ",
        "userDefined": false
      },
      {
        "text": "edit",
        "meta": "@Update",
        "alias": "update",
        "userDefined": false
      },
      {
        "text": " my ",
        "userDefined": false
      },
      {
        "text": "application",
        "meta": "@Application",
        "alias": "application",
        "userDefined": false
      }
    ],
    "isTemplate": false,
    "count": 0,
    "lang": "en",
    "updated": 0
  },
  {
    "id": "4a6dd03a-849e-49c5-8ee4-d1a790d8454c",
    "data": [
      {
        "text": "can you ",
        "userDefined": false
      },
      {
        "text": "change",
        "meta": "@Update",
        "alias": "update",
        "userDefined": false
      },
      {
        "text": " my date of accident on my records request I just submitted",
        "userDefined": false
      }
    ],
    "isTemplate": false,
    "count": 0,
    "lang": "en",
    "updated": 0
  },
  {
    "id": "bf9d6ca7-3d05-451a-8487-dc4bca7b6ccf",
    "data": [
      {
        "text": "wrong place of birth",
        "userDefined": false
      }
    ],
    "isTemplate": false,
    "count": 0,
    "lang": "en",
    "updated": 0
  },
  {
    "id": "3a27ce18-26ee-4369-a3a6-698d804f2292",
    "data": [
      {
        "text": "I entered the wrong details on my ",
        "userDefined": false
      },
      {
        "text": "application",
        "meta": "@Application",
        "alias": "application",
        "userDefined": false
      }
    ],
    "isTemplate": false,
    "count": 0,
    "lang": "en",
    "updated": 0
  },
  {
    "id": "e29ca349-0e28-4ada-98b0-3a066544fbf1",
    "data": [
      {
        "text": "submitted my ",
        "userDefined": false
      },
      {
        "text": "application",
        "meta": "@Application",
        "alias": "application",
        "userDefined": false
      },
      {
        "text": " and input the \"wrong\" employer. How do I correct?",
        "userDefined": false
      }
    ],
    "isTemplate": false,
    "count": 0,
    "lang": "en",
    "updated": 0
  },
  {
    "id": "af0f4e14-4789-4a25-9edc-251b0bff9292",
    "data": [
      {
        "text": "Edit",
        "meta": "@Update",
        "alias": "update",
        "userDefined": false
      },
      {
        "text": " submitted ",
        "userDefined": false
      },
      {
        "text": "application",
        "meta": "@Application",
        "alias": "application",
        "userDefined": false
      }
    ],
    "isTemplate": false,
    "count": 1,
    "lang": "en",
    "updated": 0
  },
  {
    "id": "3184253f-a377-45db-9d1c-b3421fa2fd0f",
    "data": [
      {
        "text": "Edit",
        "meta": "@Update",
        "alias": "update",
        "userDefined": false
      },
      {
        "text": " submitted request",
        "userDefined": false
      }
    ],
    "isTemplate": false,
    "count": 0,
    "lang": "en",
    "updated": 0
  },
  {
    "id": "5aacd1d5-78aa-447c-b897-74c84c174dfd",
    "data": [
      {
        "text": "Can i ",
        "userDefined": false
      },
      {
        "text": "edit",
        "meta": "@Update",
        "alias": "update",
        "userDefined": false
      },
      {
        "text": " already submitted ",
        "userDefined": false
      },
      {
        "text": "application",
        "meta": "@Application",
        "alias": "application",
        "userDefined": false
      }
    ],
    "isTemplate": false,
    "count": 0,
    "lang": "en",
    "updated": 0
  },
  {
    "id": "1b59d4dd-d08d-413a-92e9-6f3b0269f133",
    "data": [
      {
        "text": "Can submitted request be ",
        "userDefined": false
      },
      {
        "text": "edited",
        "meta": "@Update",
        "alias": "update",
        "userDefined": false
      }
    ],
    "isTemplate": false,
    "count": 0,
    "lang": "en",
    "updated": 0
  },
  {
    "id": "b2bcc10b-b099-47cb-8055-58e48d7cdae6",
    "data": [
      {
        "text": "Can I ",
        "userDefined": false
      },
      {
        "text": "edit",
        "meta": "@Update",
        "alias": "update",
        "userDefined": false
      },
      {
        "text": " ",
        "userDefined": false
      },
      {
        "text": "application",
        "meta": "@Application",
        "alias": "application",
        "userDefined": false
      },
      {
        "text": " after submission",
        "userDefined": false
      }
    ],
    "isTemplate": false,
    "count": 0,
    "lang": "en",
    "updated": 0
  },
  {
    "id": "2937d74c-6c32-4c85-adb9-707b9c5d7a26",
    "data": [
      {
        "text": "How to ",
        "userDefined": false
      },
      {
        "text": "edit",
        "meta": "@Update",
        "alias": "update",
        "userDefined": false
      },
      {
        "text": " ",
        "userDefined": false
      },
      {
        "text": "application",
        "meta": "@Application",
        "alias": "application",
        "userDefined": false
      }
    ],
    "isTemplate": false,
    "count": 0,
    "lang": "en",
    "updated": 0
  },
  {
    "id": "e919a037-7836-4c2f-9533-dfbd3fd08879",
    "data": [
      {
        "text": "Can i ",
        "userDefined": false
      },
      {
        "text": "update",
        "meta": "@Update",
        "alias": "update",
        "userDefined": false
      },
      {
        "text": " information the submitted ",
        "userDefined": false
      },
      {
        "text": "application",
        "meta": "@Application",
        "alias": "application",
        "userDefined": false
      }
    ],
    "isTemplate": false,
    "count": 0,
    "lang": "en",
    "updated": 0
  },
  {
    "id": "91984026-6321-4787-8083-cc1ce059fddb",
    "data": [
      {
        "text": "Can i ",
        "userDefined": false
      },
      {
        "text": "update",
        "meta": "@Update",
        "alias": "update",
        "userDefined": false
      },
      {
        "text": " my ",
        "userDefined": false
      },
      {
        "text": "application",
        "meta": "@Application",
        "alias": "application",
        "userDefined": false
      }
    ],
    "isTemplate": false,
    "count": 0,
    "lang": "en",
    "updated": 0
  },
  {
    "id": "40af8121-d5e8-4e85-a9d8-50d9e3b846f6",
    "data": [
      {
        "text": "I want to make ",
        "userDefined": false
      },
      {
        "text": "changes",
        "meta": "@Update",
        "alias": "update",
        "userDefined": false
      },
      {
        "text": " to the ",
        "userDefined": false
      },
      {
        "text": "application",
        "meta": "@Application",
        "alias": "application",
        "userDefined": false
      }
    ],
    "isTemplate": false,
    "count": 0,
    "lang": "en",
    "updated": 0
  },
  {
    "id": "bc576214-08af-49a7-ace2-d2321aa7b25f",
    "data": [
      {
        "text": "Entered wrong info need to correct the ",
        "userDefined": false
      },
      {
        "text": "application",
        "meta": "@Application",
        "alias": "application",
        "userDefined": false
      }
    ],
    "isTemplate": false,
    "count": 0,
    "lang": "en",
    "updated": 0
  },
  {
    "id": "00a18cb6-6b83-425d-bf10-aab5031813a1",
    "data": [
      {
        "text": "How can i ",
        "userDefined": false
      },
      {
        "text": "edit",
        "meta": "@Update",
        "alias": "update",
        "userDefined": false
      },
      {
        "text": " ",
        "userDefined": false
      },
      {
        "text": "application",
        "meta": "@Application",
        "alias": "application",
        "userDefined": false
      }
    ],
    "isTemplate": false,
    "count": 0,
    "lang": "en",
    "updated": 0
  },
  {
    "id": "310eff50-2e96-4bb2-8c3c-3aadd1137ce0",
    "data": [
      {
        "text": "Is this possible to ",
        "userDefined": false
      },
      {
        "text": "edit",
        "meta": "@Update",
        "alias": "update",
        "userDefined": false
      },
      {
        "text": " the ",
        "userDefined": false
      },
      {
        "text": "application",
        "meta": "@Application",
        "alias": "application",
        "userDefined": false
      },
      {
        "text": " after submission",
        "userDefined": false
      }
    ],
    "isTemplate": false,
    "count": 0,
    "lang": "en",
    "updated": 0
  },
  {
    "id": "8e64ed6d-8dd1-40ef-9152-455543bc6894",
    "data": [
      {
        "text": "Help me to ",
        "userDefined": false
      },
      {
        "text": "edit",
        "meta": "@Update",
        "alias": "update",
        "userDefined": false
      },
      {
        "text": " the ",
        "userDefined": false
      },
      {
        "text": "application",
        "meta": "@Application",
        "alias": "application",
        "userDefined": false
      }
    ],
    "isTemplate": false,
    "count": 0,
    "lang": "en",
    "updated": 0
  },
  {
    "id": "d1ea8b50-30d8-49c2-b6bb-f373b6efccb6",
    "data": [
      {
        "text": "How to ",
        "userDefined": false
      },
      {
        "text": "edit",
        "meta": "@Update",
        "alias": "update",
        "userDefined": false
      },
      {
        "text": " ",
        "userDefined": false
      },
      {
        "text": "application",
        "meta": "@Application",
        "alias": "application",
        "userDefined": false
      },
      {
        "text": " after submission",
        "userDefined": false
      }
    ],
    "isTemplate": false,
    "count": 0,
    "lang": "en",
    "updated": 0
  },
  {
    "id": "428189f5-7e75-4e6e-b671-72b5e260895b",
    "data": [
      {
        "text": "I need to ",
        "userDefined": false
      },
      {
        "text": "edit",
        "meta": "@Update",
        "alias": "update",
        "userDefined": false
      },
      {
        "text": " ",
        "userDefined": false
      },
      {
        "text": "application",
        "meta": "@Application",
        "alias": "application",
        "userDefined": false
      }
    ],
    "isTemplate": false,
    "count": 0,
    "lang": "en",
    "updated": 0
  },
  {
    "id": "e6bfb770-eb14-48e0-b3c9-0c02f975e373",
    "data": [
      {
        "text": "I want to ",
        "userDefined": false
      },
      {
        "text": "edit",
        "meta": "@Update",
        "alias": "update",
        "userDefined": false
      },
      {
        "text": " my ",
        "userDefined": false
      },
      {
        "text": "application",
        "meta": "@Application",
        "alias": "application",
        "userDefined": false
      }
    ],
    "isTemplate": false,
    "count": 0,
    "lang": "en",
    "updated": 0
  },
  {
    "id": "9dc2c0fe-2400-4a34-b3a4-1cc1efc8d68c",
    "data": [
      {
        "text": "Need to ",
        "userDefined": false
      },
      {
        "text": "edit",
        "meta": "@Update",
        "alias": "update",
        "userDefined": false
      },
      {
        "text": " submitted ",
        "userDefined": false
      },
      {
        "text": "application",
        "meta": "@Application",
        "alias": "application",
        "userDefined": false
      }
    ],
    "isTemplate": false,
    "count": 0,
    "lang": "en",
    "updated": 0
  },
  {
    "id": "4efd15e9-e576-471f-ba22-fc7df8a4fb1b",
    "data": [
      {
        "text": "Need to ",
        "userDefined": false
      },
      {
        "text": "edit",
        "meta": "@Update",
        "alias": "update",
        "userDefined": false
      },
      {
        "text": " ",
        "userDefined": false
      },
      {
        "text": "application",
        "meta": "@Application",
        "alias": "application",
        "userDefined": false
      }
    ],
    "isTemplate": false,
    "count": 0,
    "lang": "en",
    "updated": 0
  },
  {
    "id": "9bbef0ab-0c06-450e-bf50-efbaa73f7a10",
    "data": [
      {
        "text": "Help me in ",
        "userDefined": false
      },
      {
        "text": "editing",
        "meta": "@Update",
        "alias": "update",
        "userDefined": false
      },
      {
        "text": " the appliaction",
        "userDefined": false
      }
    ],
    "isTemplate": false,
    "count": 0,
    "lang": "en",
    "updated": 0
  },
  {
    "id": "3ef768fc-a22b-4df7-a086-ee25f3ace829",
    "data": [
      {
        "text": "Steps to ",
        "userDefined": false
      },
      {
        "text": "edit",
        "meta": "@Update",
        "alias": "update",
        "userDefined": false
      },
      {
        "text": " my appliacation after submission",
        "userDefined": false
      }
    ],
    "isTemplate": false,
    "count": 0,
    "lang": "en",
    "updated": 0
  },
  {
    "id": "a37473c6-30cf-4e61-9b96-2572902cb5cd",
    "data": [
      {
        "text": "I have submitted my ",
        "userDefined": false
      },
      {
        "text": "application",
        "meta": "@Application",
        "alias": "application",
        "userDefined": false
      },
      {
        "text": ", how to ",
        "userDefined": false
      },
      {
        "text": "edit",
        "meta": "@Update",
        "alias": "update",
        "userDefined": false
      },
      {
        "text": " again",
        "userDefined": false
      }
    ],
    "isTemplate": false,
    "count": 0,
    "lang": "en",
    "updated": 0
  },
  {
    "id": "d541c638-c384-488f-a559-9bbca37b7a44",
    "data": [
      {
        "text": "need to ",
        "userDefined": false
      },
      {
        "text": "edit",
        "meta": "@Update",
        "alias": "update",
        "userDefined": false
      },
      {
        "text": " my request, what can i do",
        "userDefined": false
      }
    ],
    "isTemplate": false,
    "count": 0,
    "lang": "en",
    "updated": 0
  },
  {
    "id": "3eeba1ac-effc-47e3-b0e2-bc4a8cab7bab",
    "data": [
      {
        "text": "how can i ",
        "userDefined": false
      },
      {
        "text": "update",
        "meta": "@Update",
        "alias": "update",
        "userDefined": false
      },
      {
        "text": " the ",
        "userDefined": false
      },
      {
        "text": "application",
        "meta": "@Application",
        "alias": "application",
        "userDefined": false
      },
      {
        "text": " which is submitted earlier",
        "userDefined": false
      }
    ],
    "isTemplate": false,
    "count": 0,
    "lang": "en",
    "updated": 0
  },
  {
    "id": "de789705-31e8-45d2-bba4-149635ed6d0f",
    "data": [
      {
        "text": "who should i contact to ",
        "userDefined": false
      },
      {
        "text": "edit",
        "meta": "@Update",
        "alias": "update",
        "userDefined": false
      },
      {
        "text": " my submitted ",
        "userDefined": false
      },
      {
        "text": "application",
        "meta": "@Application",
        "alias": "application",
        "userDefined": false
      }
    ],
    "isTemplate": false,
    "count": 0,
    "lang": "en",
    "updated": 0
  },
  {
    "id": "860e5b38-c669-469a-ab85-eca90e477f29",
    "data": [
      {
        "text": "I need to ",
        "userDefined": false
      },
      {
        "text": "edit",
        "meta": "@Update",
        "alias": "update",
        "userDefined": false
      },
      {
        "text": " my request",
        "userDefined": false
      }
    ],
    "isTemplate": false,
    "count": 0,
    "lang": "en",
    "updated": 0
  },
  {
    "id": "a73f9867-c10f-4c21-b810-ca73a2388798",
    "data": [
      {
        "text": "Need to ",
        "userDefined": false
      },
      {
        "text": "change",
        "meta": "@Update",
        "alias": "update",
        "userDefined": false
      },
      {
        "text": " my ",
        "userDefined": false
      },
      {
        "text": "application",
        "meta": "@Application",
        "alias": "application",
        "userDefined": false
      },
      {
        "text": " that I submitted before",
        "userDefined": false
      }
    ],
    "isTemplate": false,
    "count": 0,
    "lang": "en",
    "updated": 0
  },
  {
    "id": "6a05545a-2365-4ea4-9b6c-ec2093dd8859",
    "data": [
      {
        "text": "How can I ",
        "userDefined": false
      },
      {
        "text": "edit",
        "meta": "@Update",
        "alias": "update",
        "userDefined": false
      },
      {
        "text": " my ",
        "userDefined": false
      },
      {
        "text": "application",
        "meta": "@Application",
        "alias": "application",
        "userDefined": false
      },
      {
        "text": " that I submitted earlier",
        "userDefined": false
      }
    ],
    "isTemplate": false,
    "count": 0,
    "lang": "en",
    "updated": 0
  },
  {
    "id": "e439fb4e-4c73-4a09-9068-7cb5786664b4",
    "data": [
      {
        "text": "Is it possible to ",
        "userDefined": false
      },
      {
        "text": "edit",
        "meta": "@Update",
        "alias": "update",
        "userDefined": false
      },
      {
        "text": " my submitted ",
        "userDefined": false
      },
      {
        "text": "application",
        "meta": "@Application",
        "alias": "application",
        "userDefined": false
      }
    ],
    "isTemplate": false,
    "count": 0,
    "lang": "en",
    "updated": 0
  },
  {
    "id": "d99d478c-7d91-4643-97bf-e95703b9f907",
    "data": [
      {
        "text": "Need help in ",
        "userDefined": false
      },
      {
        "text": "editing",
        "meta": "@Update",
        "alias": "update",
        "userDefined": false
      },
      {
        "text": " the submitted ",
        "userDefined": false
      },
      {
        "text": "application",
        "meta": "@Application",
        "alias": "application",
        "userDefined": false
      }
    ],
    "isTemplate": false,
    "count": 0,
    "lang": "en",
    "updated": 0
  },
  {
    "id": "9f973355-3aff-4577-9710-6ab68daff7aa",
    "data": [
      {
        "text": "Request to ",
        "userDefined": false
      },
      {
        "text": "update",
        "meta": "@Update",
        "alias": "update",
        "userDefined": false
      },
      {
        "text": " or ",
        "userDefined": false
      },
      {
        "text": "edit",
        "meta": "@Update",
        "alias": "update",
        "userDefined": false
      }
    ],
    "isTemplate": false,
    "count": 0,
    "lang": "en",
    "updated": 0
  },
  {
    "id": "2252b957-861f-4a3c-9cff-2c53fa9780d7",
    "data": [
      {
        "text": "Is there a way to ",
        "userDefined": false
      },
      {
        "text": "edit",
        "meta": "@Update",
        "alias": "update",
        "userDefined": false
      },
      {
        "text": " my ",
        "userDefined": false
      },
      {
        "text": "application",
        "meta": "@Application",
        "alias": "application",
        "userDefined": false
      }
    ],
    "isTemplate": false,
    "count": 0,
    "lang": "en",
    "updated": 0
  },
  {
    "id": "3b23dff6-074c-4361-ae8b-22cce87ab6bc",
    "data": [
      {
        "text": "Can i ",
        "userDefined": false
      },
      {
        "text": "update",
        "meta": "@Update",
        "alias": "update",
        "userDefined": false
      },
      {
        "text": " my already submitted ",
        "userDefined": false
      },
      {
        "text": "application",
        "meta": "@Application",
        "alias": "application",
        "userDefined": false
      }
    ],
    "isTemplate": false,
    "count": 0,
    "lang": "en",
    "updated": 0
  },
  {
    "id": "3c583215-271d-4556-b82f-2e28d2a8e0bc",
    "data": [
      {
        "text": "I want to ",
        "userDefined": false
      },
      {
        "text": "edit",
        "meta": "@Update",
        "alias": "update",
        "userDefined": false
      },
      {
        "text": " my submitted ",
        "userDefined": false
      },
      {
        "text": "application",
        "meta": "@Application",
        "alias": "application",
        "userDefined": false
      }
    ],
    "isTemplate": false,
    "count": 0,
    "lang": "en",
    "updated": 0
  },
  {
    "id": "c9e99324-3b30-4286-b358-86951320c25b",
    "data": [
      {
        "text": "please help me ",
        "userDefined": false
      },
      {
        "text": "edit",
        "meta": "@Update",
        "alias": "update",
        "userDefined": false
      },
      {
        "text": " my ",
        "userDefined": false
      },
      {
        "text": "application",
        "meta": "@Application",
        "alias": "application",
        "userDefined": false
      },
      {
        "text": " after submission",
        "userDefined": false
      }
    ],
    "isTemplate": false,
    "count": 0,
    "lang": "en",
    "updated": 0
  },
  {
    "id": "3695d919-8090-4997-bba0-06b6a4613210",
    "data": [
      {
        "text": "Need to ",
        "userDefined": false
      },
      {
        "text": "edit",
        "meta": "@Update",
        "alias": "update",
        "userDefined": false
      },
      {
        "text": " my request, tell me how",
        "userDefined": false
      }
    ],
    "isTemplate": false,
    "count": 0,
    "lang": "en",
    "updated": 0
  },
  {
    "id": "ac5e2702-4808-4079-abf3-cef113bfc871",
    "data": [
      {
        "text": "Request ",
        "userDefined": false
      },
      {
        "text": "edit",
        "meta": "@Update",
        "alias": "update",
        "userDefined": false
      },
      {
        "text": " of an ",
        "userDefined": false
      },
      {
        "text": "application",
        "meta": "@Application",
        "alias": "application",
        "userDefined": false
      }
    ],
    "isTemplate": false,
    "count": 0,
    "lang": "en",
    "updated": 0
  },
  {
    "id": "998f8f74-b8c2-4401-9f96-9d9f473a7a50",
    "data": [
      {
        "text": "I need to ",
        "userDefined": false
      },
      {
        "text": "edit",
        "meta": "@Update",
        "alias": "update",
        "userDefined": false
      },
      {
        "text": " submitted ",
        "userDefined": false
      },
      {
        "text": "application",
        "meta": "@Application",
        "alias": "application",
        "userDefined": false
      }
    ],
    "isTemplate": false,
    "count": 0,
    "lang": "en",
    "updated": 0
  },
  {
    "id": "7cbb5876-c2cd-4372-8c9e-fd1c92db5333",
    "data": [
      {
        "text": "Edit",
        "meta": "@Update",
        "alias": "update",
        "userDefined": false
      },
      {
        "text": " request",
        "userDefined": false
      }
    ],
    "isTemplate": false,
    "count": 0,
    "lang": "en",
    "updated": 0
  },
  {
    "id": "67f1d590-1b89-4b50-ac5b-a60dfa0f0b6f",
    "data": [
      {
        "text": "Edit",
        "meta": "@Update",
        "alias": "update",
        "userDefined": false
      },
      {
        "text": " ",
        "userDefined": false
      },
      {
        "text": "application",
        "meta": "@Application",
        "alias": "application",
        "userDefined": false
      }
    ],
    "isTemplate": false,
    "count": 0,
    "lang": "en",
    "updated": 0
  },
  {
    "id": "f8f27f90-1303-4d44-991f-cc0ccef17eb4",
    "data": [
      {
        "text": "can I ",
        "userDefined": false
      },
      {
        "text": "edit",
        "meta": "@Update",
        "alias": "update",
        "userDefined": false
      },
      {
        "text": " an ",
        "userDefined": false
      },
      {
        "text": "application",
        "meta": "@Application",
        "alias": "application",
        "userDefined": false
      },
      {
        "text": " once it\u0027s been submitted",
        "userDefined": false
      }
    ],
    "isTemplate": false,
    "count": 0,
    "lang": "en",
    "updated": 0
  }
]