[
  {
    "id": "e5254dcc-fa00-4265-b90d-566dd7df02bb",
    "data": [
      {
        "text": "Are these FCCs good for volunteering in my child\u0027s school?",
        "userDefined": false
      }
    ],
    "isTemplate": false,
    "count": 0,
    "lang": "en",
    "updated": 0
  },
  {
    "id": "baba4265-bf5a-4f55-a5ac-7d80663fb95c",
    "data": [
      {
        "text": "Does volunteering for school need IVP card?",
        "userDefined": false
      }
    ],
    "isTemplate": false,
    "count": 0,
    "lang": "en",
    "updated": 0
  },
  {
    "id": "49e32a82-4399-48a3-a6af-b1d49e880bb4",
    "data": [
      {
        "text": "what is a clearance card number?",
        "userDefined": false
      }
    ],
    "isTemplate": false,
    "count": 0,
    "lang": "en",
    "updated": 0
  },
  {
    "id": "699fb77b-eadf-4ff8-8631-2648cb1dbe90",
    "data": [
      {
        "text": "What is an ivp number and how many digits is it",
        "userDefined": false
      }
    ],
    "isTemplate": false,
    "count": 0,
    "lang": "en",
    "updated": 0
  },
  {
    "id": "792bcea1-5401-4ed3-9073-447e7a6ecc0e",
    "data": [
      {
        "text": "What is my fingerprint clearance car number",
        "userDefined": false
      }
    ],
    "isTemplate": false,
    "count": 0,
    "lang": "en",
    "updated": 0
  },
  {
    "id": "09f2e0a6-c017-43fd-b749-0eb39b5fe00c",
    "data": [
      {
        "text": "Hi..sorry i want to make sure that i am requesting the correct type of application...what is IVP?",
        "userDefined": false
      }
    ],
    "isTemplate": false,
    "count": 0,
    "lang": "en",
    "updated": 0
  },
  {
    "id": "fc5d063e-104d-496b-9051-a45093cd5b86",
    "data": [
      {
        "text": "Is this IVP?",
        "userDefined": false
      }
    ],
    "isTemplate": false,
    "count": 0,
    "lang": "en",
    "updated": 0
  },
  {
    "id": "3dfbf5b5-9087-44fa-93b2-c1f595204a31",
    "data": [
      {
        "text": "I have a current State of Arizona Department of Public Safety Level One Clearance Card, and it does not have an IVP number on it. How can I access this IVP number?",
        "userDefined": false
      }
    ],
    "isTemplate": false,
    "count": 0,
    "lang": "en",
    "updated": 0
  },
  {
    "id": "bcf74369-af6f-48f7-836c-494611abd962",
    "data": [
      {
        "text": "I did not apply online. How do I get my IVP number?",
        "userDefined": false
      }
    ],
    "isTemplate": false,
    "count": 0,
    "lang": "en",
    "updated": 0
  },
  {
    "id": "aee5963c-4e7f-47d3-bcd4-c5cbde1494cf",
    "data": [
      {
        "text": "Hello I am trying to find my IVP number",
        "userDefined": false
      }
    ],
    "isTemplate": false,
    "count": 0,
    "lang": "en",
    "updated": 0
  },
  {
    "id": "7a5cbea6-eda1-447c-b7a5-c950ba071c70",
    "data": [
      {
        "text": "why doesnt my card have an ivp number",
        "userDefined": false
      }
    ],
    "isTemplate": false,
    "count": 0,
    "lang": "en",
    "updated": 0
  },
  {
    "id": "c2ca6210-0e91-4dd0-9a8c-1893998d3d3f",
    "data": [
      {
        "text": "IVPP",
        "userDefined": false
      },
      {
        "text": "828621",
        "userDefined": false
      }
    ],
    "isTemplate": false,
    "count": 0,
    "lang": "en",
    "updated": 0
  },
  {
    "id": "e932e891-996f-4cd3-95c5-3d962cd6129a",
    "data": [
      {
        "text": "I need to find out my previous IVP number, can you help me",
        "userDefined": false
      }
    ],
    "isTemplate": false,
    "count": 0,
    "lang": "en",
    "updated": 0
  },
  {
    "id": "97c880d3-f393-4b40-a774-cc0dd28754fe",
    "data": [
      {
        "text": "How do I find my IVP on a completed application?",
        "userDefined": false
      }
    ],
    "isTemplate": false,
    "count": 0,
    "lang": "en",
    "updated": 0
  },
  {
    "id": "90532dc2-40b5-471a-9d24-31a0bc6b4adb",
    "data": [
      {
        "text": "i cnt do nothing with out the ivp num",
        "userDefined": false
      }
    ],
    "isTemplate": false,
    "count": 0,
    "lang": "en",
    "updated": 0
  },
  {
    "id": "e7f4f428-98f0-4c65-9c97-355ab225a8af",
    "data": [
      {
        "text": "I need an IVEP ",
        "userDefined": false
      },
      {
        "text": "number",
        "meta": "@number_shorthand",
        "alias": "number_shorthand",
        "userDefined": false
      }
    ],
    "isTemplate": false,
    "count": 0,
    "lang": "en",
    "updated": 0
  },
  {
    "id": "1c1b56a8-965f-46e2-9495-b05dcd97ec1d",
    "data": [
      {
        "text": "IVPS mean",
        "userDefined": false
      }
    ],
    "isTemplate": false,
    "count": 0,
    "lang": "en",
    "updated": 0
  },
  {
    "id": "b5cec1e1-84c5-4473-90bb-e332e8014940",
    "data": [
      {
        "text": "request an IVP (Identity\n Verified Print) application packet",
        "userDefined": false
      }
    ],
    "isTemplate": false,
    "count": 0,
    "lang": "en",
    "updated": 0
  },
  {
    "id": "fc747df0-2ad5-4abc-80a4-66114db75011",
    "data": [
      {
        "text": "I want to know which box to select",
        "userDefined": false
      }
    ],
    "isTemplate": false,
    "count": 0,
    "lang": "en",
    "updated": 0
  },
  {
    "id": "1a3c9a5a-8cb9-4073-90da-977078414c92",
    "data": [
      {
        "text": "What option do I select when choosing what I need the card for",
        "userDefined": false
      }
    ],
    "isTemplate": false,
    "count": 0,
    "lang": "en",
    "updated": 0
  },
  {
    "id": "949eb068-1741-4e02-a9f6-ac2b92281bc4",
    "data": [
      {
        "text": "I don\u0027t know what option to select out of the ones given for my reason for applying",
        "userDefined": false
      }
    ],
    "isTemplate": false,
    "count": 0,
    "lang": "en",
    "updated": 0
  },
  {
    "id": "084b4be8-70ab-43d0-b932-edd612345eb9",
    "data": [
      {
        "text": "What box should I check for Nurse",
        "userDefined": false
      }
    ],
    "isTemplate": false,
    "count": 0,
    "lang": "en",
    "updated": 0
  },
  {
    "id": "ae9219b2-3d0a-4c3c-b1e4-813baa4898e5",
    "data": [
      {
        "text": "IVPP ",
        "userDefined": false
      },
      {
        "text": "Number",
        "meta": "@number_shorthand",
        "alias": "number_shorthand",
        "userDefined": true
      }
    ],
    "isTemplate": false,
    "count": 0,
    "lang": "en",
    "updated": 0
  },
  {
    "id": "52b892ec-546c-4157-802d-8fac8230ade0",
    "data": [
      {
        "text": "I don\u0027t have ",
        "userDefined": false
      },
      {
        "text": "number",
        "meta": "@number_shorthand",
        "alias": "number_shorthand",
        "userDefined": true
      }
    ],
    "isTemplate": false,
    "count": 0,
    "lang": "en",
    "updated": 0
  },
  {
    "id": "15b2b2d0-d837-4126-af6e-4c26a2b1e23e",
    "data": [
      {
        "text": "Finding my IVP",
        "userDefined": false
      }
    ],
    "isTemplate": false,
    "count": 0,
    "lang": "en",
    "updated": 0
  },
  {
    "id": "0451c1f0-be53-4e51-be30-c3b8ab57ad54",
    "data": [
      {
        "text": "Update me on iVP ",
        "userDefined": false
      },
      {
        "text": "number",
        "meta": "@number_shorthand",
        "alias": "number_shorthand",
        "userDefined": true
      }
    ],
    "isTemplate": false,
    "count": 0,
    "lang": "en",
    "updated": 0
  },
  {
    "id": "df54daef-0f65-41fe-aec5-ec71b0e8ad55",
    "data": [
      {
        "text": "info on IVP ",
        "userDefined": false
      },
      {
        "text": "number",
        "meta": "@number_shorthand",
        "alias": "number_shorthand",
        "userDefined": true
      }
    ],
    "isTemplate": false,
    "count": 0,
    "lang": "en",
    "updated": 0
  },
  {
    "id": "2ed0f52e-d39d-4706-bb62-02329c987353",
    "data": [
      {
        "text": "What is an IVP ",
        "userDefined": false
      },
      {
        "text": "number",
        "meta": "@number_shorthand",
        "alias": "number_shorthand",
        "userDefined": true
      }
    ],
    "isTemplate": false,
    "count": 0,
    "lang": "en",
    "updated": 0
  },
  {
    "id": "df4cc072-cd1c-45c5-b537-5cb2d3b10ab0",
    "data": [
      {
        "text": "Brief on IVP ",
        "userDefined": false
      },
      {
        "text": "number",
        "meta": "@number_shorthand",
        "alias": "number_shorthand",
        "userDefined": true
      }
    ],
    "isTemplate": false,
    "count": 0,
    "lang": "en",
    "updated": 0
  },
  {
    "id": "c8b00e67-c25c-4cd2-87dd-cf90da88ff45",
    "data": [
      {
        "text": "Need assistance in knowing IVP ",
        "userDefined": false
      },
      {
        "text": "number",
        "meta": "@number_shorthand",
        "alias": "number_shorthand",
        "userDefined": true
      }
    ],
    "isTemplate": false,
    "count": 0,
    "lang": "en",
    "updated": 0
  },
  {
    "id": "c4c1a1ba-390e-489b-bd6d-4bbe083f1ca9",
    "data": [
      {
        "text": "What does IVP ",
        "userDefined": false
      },
      {
        "text": "number",
        "meta": "@number_shorthand",
        "alias": "number_shorthand",
        "userDefined": true
      },
      {
        "text": " mean",
        "userDefined": false
      }
    ],
    "isTemplate": false,
    "count": 0,
    "lang": "en",
    "updated": 0
  },
  {
    "id": "c1093902-9e98-40ed-80f7-5ae4bdcbbd85",
    "data": [
      {
        "text": "Guide me to know more on IVP ",
        "userDefined": false
      },
      {
        "text": "number",
        "meta": "@number_shorthand",
        "alias": "number_shorthand",
        "userDefined": true
      }
    ],
    "isTemplate": false,
    "count": 0,
    "lang": "en",
    "updated": 0
  },
  {
    "id": "c146f3f3-fba6-451b-9d99-2cf6deab2315",
    "data": [
      {
        "text": "Tell me something on IVP ",
        "userDefined": false
      },
      {
        "text": "number",
        "meta": "@number_shorthand",
        "alias": "number_shorthand",
        "userDefined": true
      }
    ],
    "isTemplate": false,
    "count": 0,
    "lang": "en",
    "updated": 0
  },
  {
    "id": "eb39cf80-a388-41a4-a462-08fcc4ad5823",
    "data": [
      {
        "text": "I would like to know about IVP ",
        "userDefined": false
      },
      {
        "text": "number",
        "meta": "@number_shorthand",
        "alias": "number_shorthand",
        "userDefined": true
      }
    ],
    "isTemplate": false,
    "count": 0,
    "lang": "en",
    "updated": 0
  },
  {
    "id": "21bfb3da-05cc-421f-89f7-340d77da2ab4",
    "data": [
      {
        "text": "explain ivp ",
        "userDefined": false
      },
      {
        "text": "number",
        "meta": "@number_shorthand",
        "alias": "number_shorthand",
        "userDefined": true
      }
    ],
    "isTemplate": false,
    "count": 0,
    "lang": "en",
    "updated": 0
  },
  {
    "id": "3730f37c-adcd-4a67-bc63-01143e881446",
    "data": [
      {
        "text": "Need My IVP ",
        "userDefined": false
      },
      {
        "text": "number",
        "meta": "@number_shorthand",
        "alias": "number_shorthand",
        "userDefined": true
      }
    ],
    "isTemplate": false,
    "count": 0,
    "lang": "en",
    "updated": 0
  },
  {
    "id": "7cbf3ca6-eb4d-4852-a1ec-422daf3384e7",
    "data": [
      {
        "text": "How will i get my IVP",
        "userDefined": false
      }
    ],
    "isTemplate": false,
    "count": 0,
    "lang": "en",
    "updated": 0
  },
  {
    "id": "c09b5c8d-c14a-4c6e-8532-c5fc2a6cf9d2",
    "data": [
      {
        "text": "What is my IVP ",
        "userDefined": false
      },
      {
        "text": "number",
        "meta": "@number_shorthand",
        "alias": "number_shorthand",
        "userDefined": true
      }
    ],
    "isTemplate": false,
    "count": 0,
    "lang": "en",
    "updated": 0
  },
  {
    "id": "a7db0cbe-c1d3-470b-885e-15b1480a266a",
    "data": [
      {
        "text": "Need more information about IVP",
        "userDefined": false
      }
    ],
    "isTemplate": false,
    "count": 0,
    "lang": "en",
    "updated": 0
  },
  {
    "id": "0f54d775-edcc-44d4-87d8-1d42a9549b65",
    "data": [
      {
        "text": "IVP means",
        "userDefined": false
      }
    ],
    "isTemplate": false,
    "count": 0,
    "lang": "en",
    "updated": 0
  },
  {
    "id": "b5f2a18d-59af-414b-9ef7-faea7a2c4996",
    "data": [
      {
        "text": "IVP no. is required for what exactly",
        "userDefined": false
      }
    ],
    "isTemplate": false,
    "count": 0,
    "lang": "en",
    "updated": 0
  },
  {
    "id": "899645d8-6105-45ac-b743-bd148a8a2731",
    "data": [
      {
        "text": "FOr what IVP ",
        "userDefined": false
      },
      {
        "text": "number",
        "meta": "@number_shorthand",
        "alias": "number_shorthand",
        "userDefined": true
      },
      {
        "text": " is needed",
        "userDefined": false
      }
    ],
    "isTemplate": false,
    "count": 0,
    "lang": "en",
    "updated": 0
  },
  {
    "id": "109ee669-c5c6-4563-a763-63f65d8131b4",
    "data": [
      {
        "text": "ivp num",
        "userDefined": false
      }
    ],
    "isTemplate": false,
    "count": 0,
    "lang": "en",
    "updated": 0
  },
  {
    "id": "f128e0c0-fd85-4959-bd09-e8fcd17cd362",
    "data": [
      {
        "text": "IVP ",
        "userDefined": false
      },
      {
        "text": "number",
        "meta": "@number_shorthand",
        "alias": "number_shorthand",
        "userDefined": true
      },
      {
        "text": " meaning",
        "userDefined": false
      }
    ],
    "isTemplate": false,
    "count": 0,
    "lang": "en",
    "updated": 0
  },
  {
    "id": "e86a4378-a0ae-4f76-9e83-5ab9dbb61b98",
    "data": [
      {
        "text": "What do you mean by IVP ",
        "userDefined": false
      },
      {
        "text": "number",
        "meta": "@number_shorthand",
        "alias": "number_shorthand",
        "userDefined": true
      }
    ],
    "isTemplate": false,
    "count": 0,
    "lang": "en",
    "updated": 0
  },
  {
    "id": "e98d1fac-454d-43b1-a9c4-c180c8355cd2",
    "data": [
      {
        "text": "Can you share info about IVP",
        "userDefined": false
      }
    ],
    "isTemplate": false,
    "count": 0,
    "lang": "en",
    "updated": 0
  },
  {
    "id": "1aa267eb-3c09-46fc-a16b-c8ba56ff4c47",
    "data": [
      {
        "text": "Inform me about IVP ",
        "userDefined": false
      },
      {
        "text": "number",
        "meta": "@number_shorthand",
        "alias": "number_shorthand",
        "userDefined": true
      }
    ],
    "isTemplate": false,
    "count": 0,
    "lang": "en",
    "updated": 0
  },
  {
    "id": "268de584-44fe-41d0-a535-a1375d6e802c",
    "data": [
      {
        "text": "More info on IVP ",
        "userDefined": false
      },
      {
        "text": "number",
        "meta": "@number_shorthand",
        "alias": "number_shorthand",
        "userDefined": true
      },
      {
        "text": " please",
        "userDefined": false
      }
    ],
    "isTemplate": false,
    "count": 0,
    "lang": "en",
    "updated": 0
  },
  {
    "id": "ce9fa017-7645-44f3-929c-9f60101e09a1",
    "data": [
      {
        "text": "Can you inform me about IVP ",
        "userDefined": false
      },
      {
        "text": "number",
        "meta": "@number_shorthand",
        "alias": "number_shorthand",
        "userDefined": true
      }
    ],
    "isTemplate": false,
    "count": 0,
    "lang": "en",
    "updated": 0
  },
  {
    "id": "ce39d59a-c4dc-4a73-9e29-ea5f03f3eadc",
    "data": [
      {
        "text": "IVP ",
        "userDefined": false
      },
      {
        "text": "number",
        "meta": "@number_shorthand",
        "alias": "number_shorthand",
        "userDefined": true
      },
      {
        "text": ", what is that",
        "userDefined": false
      }
    ],
    "isTemplate": false,
    "count": 0,
    "lang": "en",
    "updated": 0
  },
  {
    "id": "bf8369f4-f5df-45aa-903c-bed11ba955d1",
    "data": [
      {
        "text": "Let me know about where to get IVP ",
        "userDefined": false
      },
      {
        "text": "number",
        "meta": "@number_shorthand",
        "alias": "number_shorthand",
        "userDefined": true
      }
    ],
    "isTemplate": false,
    "count": 0,
    "lang": "en",
    "updated": 0
  },
  {
    "id": "9e644cce-245d-4dba-b991-066144390b25",
    "data": [
      {
        "text": "Where to get IVP ",
        "userDefined": false
      },
      {
        "text": "number",
        "meta": "@number_shorthand",
        "alias": "number_shorthand",
        "userDefined": true
      }
    ],
    "isTemplate": false,
    "count": 0,
    "lang": "en",
    "updated": 0
  },
  {
    "id": "1f9c685f-49fd-4186-8c53-7d7380efa054",
    "data": [
      {
        "text": "Help me in getting IVP ",
        "userDefined": false
      },
      {
        "text": "number",
        "meta": "@number_shorthand",
        "alias": "number_shorthand",
        "userDefined": true
      }
    ],
    "isTemplate": false,
    "count": 0,
    "lang": "en",
    "updated": 0
  },
  {
    "id": "b15b3ce0-e27c-4709-befa-53850a099272",
    "data": [
      {
        "text": "Need IVP ",
        "userDefined": false
      },
      {
        "text": "number",
        "meta": "@number_shorthand",
        "alias": "number_shorthand",
        "userDefined": true
      }
    ],
    "isTemplate": false,
    "count": 0,
    "lang": "en",
    "updated": 0
  },
  {
    "id": "effd1445-8d9f-4df8-9fee-315088214e36",
    "data": [
      {
        "text": "Tell me about IVP ",
        "userDefined": false
      },
      {
        "text": "number",
        "meta": "@number_shorthand",
        "alias": "number_shorthand",
        "userDefined": true
      }
    ],
    "isTemplate": false,
    "count": 0,
    "lang": "en",
    "updated": 0
  },
  {
    "id": "cfb25041-13f1-4921-8b24-379af2211189",
    "data": [
      {
        "text": "IVP ",
        "userDefined": false
      },
      {
        "text": "number",
        "meta": "@number_shorthand",
        "alias": "number_shorthand",
        "userDefined": true
      },
      {
        "text": " information",
        "userDefined": false
      }
    ],
    "isTemplate": false,
    "count": 0,
    "lang": "en",
    "updated": 0
  },
  {
    "id": "7a9ab6e2-f155-45d8-b352-4e3518e1bf30",
    "data": [
      {
        "text": "Is IVP ",
        "userDefined": false
      },
      {
        "text": "number",
        "meta": "@number_shorthand",
        "alias": "number_shorthand",
        "userDefined": true
      },
      {
        "text": " have length criteria",
        "userDefined": false
      }
    ],
    "isTemplate": false,
    "count": 0,
    "lang": "en",
    "updated": 0
  },
  {
    "id": "d5e0bc53-0015-4ef3-a855-197772773dbd",
    "data": [
      {
        "text": "IVP ",
        "userDefined": false
      },
      {
        "text": "number",
        "meta": "@number_shorthand",
        "alias": "number_shorthand",
        "userDefined": true
      },
      {
        "text": " have how many digits",
        "userDefined": false
      }
    ],
    "isTemplate": false,
    "count": 0,
    "lang": "en",
    "updated": 0
  },
  {
    "id": "ebd07f23-25d8-48dc-bb36-5422c01afa7f",
    "data": [
      {
        "text": "How many IVP ",
        "userDefined": false
      },
      {
        "text": "number",
        "meta": "@number_shorthand",
        "alias": "number_shorthand",
        "userDefined": true
      },
      {
        "text": " have",
        "userDefined": false
      }
    ],
    "isTemplate": false,
    "count": 0,
    "lang": "en",
    "updated": 0
  },
  {
    "id": "1ca22f02-bd37-48ac-927c-9a7be2d7c1fd",
    "data": [
      {
        "text": "What is IVP",
        "userDefined": false
      }
    ],
    "isTemplate": false,
    "count": 0,
    "lang": "en",
    "updated": 0
  },
  {
    "id": "7bdade6b-ad5a-421d-8a6f-5fc65497760c",
    "data": [
      {
        "text": "IVP",
        "userDefined": false
      }
    ],
    "isTemplate": false,
    "count": 0,
    "lang": "en",
    "updated": 0
  },
  {
    "id": "858407be-f31c-4c71-86d5-6ac76bd5a31a",
    "data": [
      {
        "text": "Info about IVP number",
        "userDefined": false
      }
    ],
    "isTemplate": false,
    "count": 1,
    "lang": "en",
    "updated": 0
  },
  {
    "id": "33e5577d-dc45-48bf-8a5f-93deef0e4b37",
    "data": [
      {
        "text": "Need to know what is IVP number",
        "userDefined": false
      }
    ],
    "isTemplate": false,
    "count": 0,
    "lang": "en",
    "updated": 0
  },
  {
    "id": "f57a2f74-729a-4f3f-89be-b5c7f0d9b53a",
    "data": [
      {
        "text": "IVP number means",
        "userDefined": false
      }
    ],
    "isTemplate": false,
    "count": 0,
    "lang": "en",
    "updated": 0
  },
  {
    "id": "ebcf5ca3-354b-4ea0-b984-2cc80ee3f326",
    "data": [
      {
        "text": "IVP number",
        "userDefined": false
      }
    ],
    "isTemplate": false,
    "count": 0,
    "lang": "en",
    "updated": 0
  },
  {
    "id": "71877ba8-d24d-4a4f-8749-d08255728810",
    "data": [
      {
        "text": "What is an IVP number?",
        "userDefined": false
      }
    ],
    "isTemplate": false,
    "count": 0,
    "lang": "en",
    "updated": 0
  }
]