[
  {
    "id": "8d114cd2-e7cd-4969-b085-8be420d5d4f0",
    "data": [
      {
        "text": "I_Arrested_Request_Report",
        "userDefined": false
      }
    ],
    "isTemplate": false,
    "count": 0,
    "lang": "en",
    "updated": 0
  },
  {
    "id": "d2b3e1c7-c9d0-476d-8e2a-42a3c0a112ec",
    "data": [
      {
        "text": "LI_Arrested_Request_Report",
        "userDefined": false
      },
      {
        "text": ".",
        "userDefined": false
      }
    ],
    "isTemplate": false,
    "count": 0,
    "lang": "en",
    "updated": 0
  },
  {
    "id": "686065ac-d482-4647-ae26-4ef4531796f3",
    "data": [
      {
        "text": "LI_Arrested_Request_Report",
        "userDefined": false
      }
    ],
    "isTemplate": false,
    "count": 0,
    "lang": "en",
    "updated": 0
  }
]