[
  {
    "id": "14774a30-05b9-471d-870a-962c7aa3a9fe",
    "data": [
      {
        "text": "I_Arrested_Notify_DPS_SG/PI_Licensing",
        "userDefined": false
      }
    ],
    "isTemplate": false,
    "count": 0,
    "lang": "en",
    "updated": 0
  },
  {
    "id": "e1de5b89-bc6f-44d7-80a7-512505b05570",
    "data": [
      {
        "text": "LI_Arrested_Notify_DPS_SG/PI_Licensing.",
        "userDefined": false
      }
    ],
    "isTemplate": false,
    "count": 0,
    "lang": "en",
    "updated": 0
  },
  {
    "id": "21eb5c43-2e58-4f29-8f25-3acb9bd68ee8",
    "data": [
      {
        "text": "LI_Arrested_Notify_DPS_SG/PI_Licensing",
        "userDefined": false
      }
    ],
    "isTemplate": false,
    "count": 0,
    "lang": "en",
    "updated": 0
  }
]