[
  {
    "id": "676794cd-453e-4351-853b-9bcda7528a29",
    "data": [
      {
        "text": "I_Arrested_Notify_DPS",
        "userDefined": false
      }
    ],
    "isTemplate": false,
    "count": 0,
    "lang": "en",
    "updated": 0
  },
  {
    "id": "7446b13b-a37c-4398-b816-5f9babd01004",
    "data": [
      {
        "text": "LI_Arrested_Notify_DPS.",
        "userDefined": false
      }
    ],
    "isTemplate": false,
    "count": 0,
    "lang": "en",
    "updated": 0
  },
  {
    "id": "4bd242e9-a657-4b3f-a5d8-2173901737a5",
    "data": [
      {
        "text": "LI_Arrested_Notify_DPS",
        "userDefined": false
      }
    ],
    "isTemplate": false,
    "count": 0,
    "lang": "en",
    "updated": 0
  }
]