[
  {
    "id": "5cdc9e49-a9ce-49fe-b0ee-240a61f39cc3",
    "data": [
      {
        "text": "I am trying to apply for a finger print card. I tried to create an account but it states there is already one with my email. I don\u0027t remember the password and would like to reset",
        "userDefined": false
      }
    ],
    "isTemplate": false,
    "count": 0,
    "lang": "en",
    "updated": 0
  },
  {
    "id": "a648d7bf-f550-441e-8172-b7e1d0f5b8e7",
    "data": [
      {
        "text": "I\u0027m locked out of my account and it said it was only for 24 hours and it\u0027s been 48",
        "userDefined": false
      }
    ],
    "isTemplate": false,
    "count": 0,
    "lang": "en",
    "updated": 0
  },
  {
    "id": "47cd96e4-ebf6-44e9-b09e-550550cd565c",
    "data": [
      {
        "text": "I am trying to change my password because I forgot it but it is saying my security questions are incorrect but they are not.",
        "userDefined": false
      }
    ],
    "isTemplate": false,
    "count": 0,
    "lang": "en",
    "updated": 0
  },
  {
    "id": "1c30652d-b833-4201-baf7-cb534679003c",
    "data": [
      {
        "text": "My account was locked. Can you help me?",
        "userDefined": false
      }
    ],
    "isTemplate": false,
    "count": 0,
    "lang": "en",
    "updated": 0
  },
  {
    "id": "169fa17a-2e42-48b5-a4c1-494277cde615",
    "data": [
      {
        "text": "My password isn\u0027t working",
        "userDefined": false
      }
    ],
    "isTemplate": false,
    "count": 0,
    "lang": "en",
    "updated": 0
  },
  {
    "id": "98506e7c-8890-41a5-8970-7d540383f2df",
    "data": [
      {
        "text": "I have just signed up and it says my username or password is incorrect!!  I need to renew my IVP",
        "userDefined": false
      }
    ],
    "isTemplate": false,
    "count": 0,
    "lang": "en",
    "updated": 0
  },
  {
    "id": "120d781d-7d4a-45bc-8502-d86127ee595b",
    "data": [
      {
        "text": "I have no password?",
        "userDefined": false
      }
    ],
    "isTemplate": false,
    "count": 0,
    "lang": "en",
    "updated": 0
  },
  {
    "id": "6f09a26b-fe55-4eba-9c92-e3c89a1803da",
    "data": [
      {
        "text": "I locked my account on accident but I\u0027m trying to get a replacement fingerprint card. Can I have my account unlocked please?",
        "userDefined": false
      }
    ],
    "isTemplate": false,
    "count": 0,
    "lang": "en",
    "updated": 0
  },
  {
    "id": "c30e0b06-ba46-4a74-8e99-589ab73cd839",
    "data": [
      {
        "text": "my account has been locked out for several days now. I am trying to pay my fees",
        "userDefined": false
      }
    ],
    "isTemplate": false,
    "count": 0,
    "lang": "en",
    "updated": 0
  },
  {
    "id": "962f9b3b-e883-4bb3-8757-08f39e5a8296",
    "data": [
      {
        "text": "Can\u0027t get unlocked",
        "userDefined": false
      }
    ],
    "isTemplate": false,
    "count": 0,
    "lang": "en",
    "updated": 0
  },
  {
    "id": "6ca6ac2b-3d36-4150-ad0d-2133811af7f4",
    "data": [
      {
        "text": "locked out",
        "userDefined": false
      }
    ],
    "isTemplate": false,
    "count": 0,
    "lang": "en",
    "updated": 0
  },
  {
    "id": "17a6d967-b318-42c1-9fa9-29a337fbb5d9",
    "data": [
      {
        "text": "I tried to registered through your website but I was locked out",
        "userDefined": false
      }
    ],
    "isTemplate": false,
    "count": 0,
    "lang": "en",
    "updated": 0
  },
  {
    "id": "3b1aa2e4-016c-41aa-a2f2-f585d6a241ec",
    "data": [
      {
        "text": "Passcode won\u0027t work now",
        "userDefined": false
      }
    ],
    "isTemplate": false,
    "count": 0,
    "lang": "en",
    "updated": 0
  },
  {
    "id": "3d31920d-8009-4c4a-9586-aa5078062e11",
    "data": [
      {
        "text": "I don\u0027t remember my pass word",
        "userDefined": false
      }
    ],
    "isTemplate": false,
    "count": 0,
    "lang": "en",
    "updated": 0
  },
  {
    "id": "db7bac7b-0be6-4309-b1bf-0fa9dc861959",
    "data": [
      {
        "text": "I am having trouble logging in.",
        "userDefined": false
      }
    ],
    "isTemplate": false,
    "count": 1,
    "lang": "en",
    "updated": 0
  },
  {
    "id": "e735fd4c-5899-4fea-b492-7cd1cf3c36ea",
    "data": [
      {
        "text": "I need to reset password \n But I am giving wrong answer to one of the ",
        "userDefined": false
      },
      {
        "text": "3",
        "meta": "@sys.number",
        "alias": "number",
        "userDefined": false
      },
      {
        "text": " security questions\n What else can I do so that I can reset my password\n I need to renew my fingerprint card",
        "userDefined": false
      }
    ],
    "isTemplate": false,
    "count": 0,
    "lang": "en",
    "updated": 0
  },
  {
    "id": "3b6f6db7-ac82-4811-bdd4-6c1c8cd3b764",
    "data": [
      {
        "text": "Forgot passowrd",
        "userDefined": false
      }
    ],
    "isTemplate": false,
    "count": 0,
    "lang": "en",
    "updated": 0
  },
  {
    "id": "cc65b1ca-fa0d-4bad-80f5-adbbeba7141d",
    "data": [
      {
        "text": "my acct is locked",
        "userDefined": false
      }
    ],
    "isTemplate": false,
    "count": 0,
    "lang": "en",
    "updated": 0
  },
  {
    "id": "86d0faaf-0c26-444e-9b17-266704579f01",
    "data": [
      {
        "text": "It been over ",
        "userDefined": false
      },
      {
        "text": "24 hours",
        "meta": "@sys.duration",
        "alias": "duration",
        "userDefined": false
      },
      {
        "text": " and my account is still lock",
        "userDefined": false
      }
    ],
    "isTemplate": false,
    "count": 0,
    "lang": "en",
    "updated": 0
  },
  {
    "id": "8bf39ed7-ff86-4d8b-9132-5bf6a8b9221d",
    "data": [
      {
        "text": "Where is pasword reset link?",
        "userDefined": false
      }
    ],
    "isTemplate": false,
    "count": 0,
    "lang": "en",
    "updated": 0
  },
  {
    "id": "8c049649-f0f0-4b05-8613-5b4d4f280d38",
    "data": [
      {
        "text": "Locked out my account",
        "userDefined": false
      }
    ],
    "isTemplate": false,
    "count": 0,
    "lang": "en",
    "updated": 0
  },
  {
    "id": "d572b49f-63bd-4680-957a-8ddbce1bb000",
    "data": [
      {
        "text": "i cant reset my pwd",
        "userDefined": false
      }
    ],
    "isTemplate": false,
    "count": 1,
    "lang": "en",
    "updated": 0
  },
  {
    "id": "6242f98a-cf0f-4108-8f67-a5cefa90b4d1",
    "data": [
      {
        "text": "What is the number for tech support",
        "userDefined": false
      }
    ],
    "isTemplate": false,
    "count": 0,
    "lang": "en",
    "updated": 0
  },
  {
    "id": "3faff8b7-9616-4a6a-871e-2bdb3a4e194b",
    "data": [
      {
        "text": "why can\u0027t i login",
        "userDefined": false
      }
    ],
    "isTemplate": false,
    "count": 0,
    "lang": "en",
    "updated": 0
  },
  {
    "id": "039a2a39-e3f1-4f16-a8b4-3969e84c2d55",
    "data": [
      {
        "text": "I think I already have an account but can\u0027t remember the email I used",
        "userDefined": false
      }
    ],
    "isTemplate": false,
    "count": 0,
    "lang": "en",
    "updated": 0
  },
  {
    "id": "69277402-0f28-4e51-b6b4-9301ed581bb1",
    "data": [
      {
        "text": "Error while creating user",
        "userDefined": false
      }
    ],
    "isTemplate": false,
    "count": 0,
    "lang": "en",
    "updated": 0
  },
  {
    "id": "daf80e3f-ee3c-4d6f-9196-3d972c73238f",
    "data": [
      {
        "text": " I don\u0027t remember username or password",
        "userDefined": false
      }
    ],
    "isTemplate": false,
    "count": 0,
    "lang": "en",
    "updated": 0
  },
  {
    "id": "f7349dc5-cd41-49a1-a918-1e883be6bd38",
    "data": [
      {
        "text": "Error with login",
        "userDefined": false
      }
    ],
    "isTemplate": false,
    "count": 0,
    "lang": "en",
    "updated": 0
  },
  {
    "id": "cebb2f34-e421-4045-8511-9e5a7b9b7ee2",
    "data": [
      {
        "text": "I need to change my password",
        "userDefined": false
      }
    ],
    "isTemplate": false,
    "count": 0,
    "lang": "en",
    "updated": 0
  },
  {
    "id": "648d6fac-f1c5-4ae6-b802-a4ee35f00ccf",
    "data": [
      {
        "text": "I can\u0027t make a profile because every time I press continue, it says error while creating user",
        "userDefined": false
      }
    ],
    "isTemplate": false,
    "count": 0,
    "lang": "en",
    "updated": 0
  },
  {
    "id": "72a6e620-491f-494d-a91a-35251b498c7c",
    "data": [
      {
        "text": "It wants my password",
        "userDefined": false
      }
    ],
    "isTemplate": false,
    "count": 0,
    "lang": "en",
    "updated": 0
  },
  {
    "id": "7052a778-2ec8-48d1-881e-90c4d9e5ccc5",
    "data": [
      {
        "text": "I need to login to my account",
        "userDefined": false
      }
    ],
    "isTemplate": false,
    "count": 0,
    "lang": "en",
    "updated": 0
  },
  {
    "id": "ab7f3ab3-dd98-40d8-bbba-25e535aeda71",
    "data": [
      {
        "text": "Issues with resetting my password",
        "userDefined": false
      }
    ],
    "isTemplate": false,
    "count": 0,
    "lang": "en",
    "updated": 0
  },
  {
    "id": "3199d271-390a-4f2a-9c99-0631067ac7b5",
    "data": [
      {
        "text": "I have created a Login, recieved my verification email and still three hours later I am unable to login to the system to request a new FingerPrint Clearance Card.  Any reson why that is happening",
        "userDefined": false
      }
    ],
    "isTemplate": false,
    "count": 0,
    "lang": "en",
    "updated": 0
  },
  {
    "id": "db3b00b6-6c4f-4490-ad0f-1cc1ce094f91",
    "data": [
      {
        "text": "My login information is not working",
        "userDefined": false
      }
    ],
    "isTemplate": false,
    "count": 0,
    "lang": "en",
    "updated": 0
  },
  {
    "id": "15eedb66-c107-4639-ba83-ece075c995e7",
    "data": [
      {
        "text": "i have entered my login ",
        "userDefined": false
      },
      {
        "text": "7",
        "userDefined": false
      },
      {
        "text": " times followed by the ",
        "userDefined": false
      },
      {
        "text": "one",
        "userDefined": false
      },
      {
        "text": " time password and it keeps repeating",
        "userDefined": false
      }
    ],
    "isTemplate": false,
    "count": 0,
    "lang": "en",
    "updated": 0
  },
  {
    "id": "ad4044d3-9d7b-4d6a-9c2a-a8e45f8e6841",
    "data": [
      {
        "text": "Trying to login",
        "userDefined": false
      }
    ],
    "isTemplate": false,
    "count": 0,
    "lang": "en",
    "updated": 0
  },
  {
    "id": "f8d25187-e835-4c69-9b93-add940c4d46c",
    "data": [
      {
        "text": "I\u0027m trying to continue with the pw creation, and seems like I cannot contiue,  Why",
        "userDefined": false
      }
    ],
    "isTemplate": false,
    "count": 0,
    "lang": "en",
    "updated": 0
  },
  {
    "id": "537ac6c1-70b0-44cb-9c71-25401adb9933",
    "data": [
      {
        "text": "password reset issue",
        "userDefined": false
      }
    ],
    "isTemplate": false,
    "count": 0,
    "lang": "en",
    "updated": 0
  },
  {
    "id": "4067422c-4282-4f2e-a957-87ed880741bf",
    "data": [
      {
        "text": "Forgot password",
        "userDefined": false
      }
    ],
    "isTemplate": false,
    "count": 0,
    "lang": "en",
    "updated": 0
  },
  {
    "id": "ccb2b89a-5eec-4cf6-953e-04aa131db9c1",
    "data": [
      {
        "text": "I signed up for the website but did not receive a login",
        "userDefined": false
      }
    ],
    "isTemplate": false,
    "count": 0,
    "lang": "en",
    "updated": 0
  },
  {
    "id": "a0ada789-5c2a-4934-9cef-48e3c7e3a1dd",
    "data": [
      {
        "text": "when do I receive my login and initial password",
        "userDefined": false
      }
    ],
    "isTemplate": false,
    "count": 0,
    "lang": "en",
    "updated": 0
  },
  {
    "id": "7809acd4-b20d-4793-81ad-77e5c4e0d45a",
    "data": [
      {
        "text": "I\u0027m forget my password",
        "userDefined": false
      }
    ],
    "isTemplate": false,
    "count": 0,
    "lang": "en",
    "updated": 0
  },
  {
    "id": "3ad59ef0-8d1a-47a1-a55e-8e6b47fdda4d",
    "data": [
      {
        "text": "log in not working",
        "userDefined": false
      }
    ],
    "isTemplate": false,
    "count": 0,
    "lang": "en",
    "updated": 0
  },
  {
    "id": "fefb9e76-8eb6-4465-8e61-98e49d39ead8",
    "data": [
      {
        "text": "can\u0027t log in",
        "userDefined": false
      }
    ],
    "isTemplate": false,
    "count": 0,
    "lang": "en",
    "updated": 0
  },
  {
    "id": "a11eab59-cf60-4969-a069-7032491e91d1",
    "data": [
      {
        "text": "cannot log in",
        "userDefined": false
      }
    ],
    "isTemplate": false,
    "count": 0,
    "lang": "en",
    "updated": 0
  },
  {
    "id": "47cc2b7f-b239-41f2-b8fd-95361ab99505",
    "data": [
      {
        "text": "how long wait to verify access to account",
        "userDefined": false
      }
    ],
    "isTemplate": false,
    "count": 0,
    "lang": "en",
    "updated": 0
  },
  {
    "id": "3f49d847-db55-41ac-91e2-9c559971c852",
    "data": [
      {
        "text": "I am trying to log into my account. I got locked out. I just changed my password and forgot it LOL. Can you help",
        "userDefined": false
      }
    ],
    "isTemplate": false,
    "count": 0,
    "lang": "en",
    "updated": 0
  },
  {
    "id": "4096e6bd-3c90-454f-a653-7ef49b121ee7",
    "data": [
      {
        "text": "I would like to upload the signed documents to your portal to submit but it will not take my profile info including the password that I submitted. Please help",
        "userDefined": false
      }
    ],
    "isTemplate": false,
    "count": 0,
    "lang": "en",
    "updated": 0
  },
  {
    "id": "0d6d99cd-f995-4936-a000-740670b1f38c",
    "data": [
      {
        "text": "Hello I\u0027m trying to reset my password and it says the security questions maybe because I\u0027m using a mobile device it\u0027s not showing what the security questions are",
        "userDefined": false
      }
    ],
    "isTemplate": false,
    "count": 0,
    "lang": "en",
    "updated": 0
  },
  {
    "id": "3d9463f2-3d3a-4d34-8585-b0feb24332f4",
    "data": [
      {
        "text": "login",
        "userDefined": false
      }
    ],
    "isTemplate": false,
    "count": 0,
    "lang": "en",
    "updated": 0
  },
  {
    "id": "d1b91503-71ba-42b2-8dbb-211d61a74748",
    "data": [
      {
        "text": "I\u0027ve already reset  my password twice",
        "userDefined": false
      }
    ],
    "isTemplate": false,
    "count": 0,
    "lang": "en",
    "updated": 0
  },
  {
    "id": "b4bd39f2-92b3-486f-a646-c2522f16ef69",
    "data": [
      {
        "text": "I cannot get into my account",
        "userDefined": false
      }
    ],
    "isTemplate": false,
    "count": 0,
    "lang": "en",
    "updated": 0
  },
  {
    "id": "f09b2d24-a85e-4731-9673-6caf0469a580",
    "data": [
      {
        "text": "I need to reset my password but I forgot my security questions as well and now my account its lock",
        "userDefined": false
      }
    ],
    "isTemplate": false,
    "count": 0,
    "lang": "en",
    "updated": 0
  },
  {
    "id": "2efb06e5-e2cd-442c-9211-9c68220003ba",
    "data": [
      {
        "text": "Hey I can\u0027t log into my account",
        "userDefined": false
      }
    ],
    "isTemplate": false,
    "count": 0,
    "lang": "en",
    "updated": 0
  },
  {
    "id": "a368ed31-8b3a-4347-be3a-2a025659c201",
    "data": [
      {
        "text": "I cannot login with the password I just reset for the ",
        "userDefined": false
      },
      {
        "text": "second time today",
        "userDefined": false
      }
    ],
    "isTemplate": false,
    "count": 0,
    "lang": "en",
    "updated": 0
  },
  {
    "id": "9d6cf733-daca-4473-8deb-bd3ba27b513c",
    "data": [
      {
        "text": "Im locked out of my account",
        "userDefined": false
      }
    ],
    "isTemplate": false,
    "count": 0,
    "lang": "en",
    "updated": 0
  },
  {
    "id": "b88544e2-ceb2-4373-bbfe-5706ab1434d4",
    "data": [
      {
        "text": "How do I unlock my account",
        "userDefined": false
      }
    ],
    "isTemplate": false,
    "count": 0,
    "lang": "en",
    "updated": 0
  },
  {
    "id": "9715423a-5de3-4ef8-b22a-92a17eb440e2",
    "data": [
      {
        "text": "My account is locked need to login",
        "userDefined": false
      }
    ],
    "isTemplate": false,
    "count": 0,
    "lang": "en",
    "updated": 0
  },
  {
    "id": "33a3f56b-3abb-48e8-91ff-2f25badc7911",
    "data": [
      {
        "text": "Unable to login into my account",
        "userDefined": false
      }
    ],
    "isTemplate": false,
    "count": 0,
    "lang": "en",
    "updated": 0
  },
  {
    "id": "eac66d11-f91c-4621-b372-2f727a62419f",
    "data": [
      {
        "text": "I am locked out of my account",
        "userDefined": false
      }
    ],
    "isTemplate": false,
    "count": 0,
    "lang": "en",
    "updated": 0
  },
  {
    "id": "7081a18d-1046-4acc-b295-b63d5f08fc97",
    "data": [
      {
        "text": "How to get into my account",
        "userDefined": false
      }
    ],
    "isTemplate": false,
    "count": 0,
    "lang": "en",
    "updated": 0
  },
  {
    "id": "a20cd6cb-7548-40c8-b6bd-f9f80ae824ed",
    "data": [
      {
        "text": "I cant get in my account?",
        "userDefined": false
      }
    ],
    "isTemplate": false,
    "count": 0,
    "lang": "en",
    "updated": 0
  },
  {
    "id": "df4ca2c0-ed8f-46b2-90a9-27c8badf6781",
    "data": [
      {
        "text": "I lost the reset password link, can u send me again?",
        "userDefined": false
      }
    ],
    "isTemplate": false,
    "count": 0,
    "lang": "en",
    "updated": 0
  },
  {
    "id": "6e2facba-69cf-4434-943a-b3d5bacb13a3",
    "data": [
      {
        "text": "Reset my password",
        "userDefined": false
      }
    ],
    "isTemplate": false,
    "count": 0,
    "lang": "en",
    "updated": 0
  },
  {
    "id": "d71a9499-2038-4da1-b0bf-0b35544071e3",
    "data": [
      {
        "text": "Password reset",
        "userDefined": false
      }
    ],
    "isTemplate": false,
    "count": 0,
    "lang": "en",
    "updated": 0
  },
  {
    "id": "58d81bf0-a35b-4c3e-87a8-52aadfdbb791",
    "data": [
      {
        "text": "I lost my password, so I can\u0027t login",
        "userDefined": false
      }
    ],
    "isTemplate": false,
    "count": 0,
    "lang": "en",
    "updated": 0
  },
  {
    "id": "15482f46-d0df-4980-b8b4-a277622348a9",
    "data": [
      {
        "text": "I am unable to login as I lost my credentials",
        "userDefined": false
      }
    ],
    "isTemplate": false,
    "count": 0,
    "lang": "en",
    "updated": 0
  },
  {
    "id": "12fba326-49ee-4b50-8401-f225a62412a7",
    "data": [
      {
        "text": "Is ",
        "userDefined": false
      },
      {
        "text": "therea",
        "userDefined": false
      },
      {
        "text": " a way to reset my password as I forgot it and unable to login",
        "userDefined": false
      }
    ],
    "isTemplate": false,
    "count": 0,
    "lang": "en",
    "updated": 0
  },
  {
    "id": "e63f84cf-89cf-4443-b13b-6784d1ff0fb0",
    "data": [
      {
        "text": "Can I reset my password as I forgot it",
        "userDefined": false
      }
    ],
    "isTemplate": false,
    "count": 0,
    "lang": "en",
    "updated": 0
  },
  {
    "id": "2628c0cd-0b0a-4e1f-937e-0494ab9d7398",
    "data": [
      {
        "text": "Please help me in logging in as I forgot my password",
        "userDefined": false
      }
    ],
    "isTemplate": false,
    "count": 0,
    "lang": "en",
    "updated": 0
  },
  {
    "id": "d75bc808-3a03-427f-8d99-9baf74aa8fc0",
    "data": [
      {
        "text": "Unable to login as I forgot my credentials",
        "userDefined": false
      }
    ],
    "isTemplate": false,
    "count": 0,
    "lang": "en",
    "updated": 0
  },
  {
    "id": "b6267056-270d-4311-bc3f-0eb9b2e5a737",
    "data": [
      {
        "text": "Forgot password unable to login",
        "userDefined": false
      }
    ],
    "isTemplate": false,
    "count": 0,
    "lang": "en",
    "updated": 0
  },
  {
    "id": "88bcddeb-608b-4b83-9cf9-f06197ddfb0e",
    "data": [
      {
        "text": "How to get new password",
        "userDefined": false
      }
    ],
    "isTemplate": false,
    "count": 0,
    "lang": "en",
    "updated": 0
  },
  {
    "id": "e78dc701-2bf6-47f3-ad21-3e018793a207",
    "data": [
      {
        "text": "Not able to login,forgot password",
        "userDefined": false
      }
    ],
    "isTemplate": false,
    "count": 0,
    "lang": "en",
    "updated": 0
  },
  {
    "id": "3057cd2c-5c85-40e3-ae0d-ac6b56a60d2e",
    "data": [
      {
        "text": "what can be done if i forgot my password",
        "userDefined": false
      }
    ],
    "isTemplate": false,
    "count": 0,
    "lang": "en",
    "updated": 0
  },
  {
    "id": "d9aa43fc-e05e-475b-82bf-5a92ec43f107",
    "data": [
      {
        "text": "i forgot my password, how to get new password",
        "userDefined": false
      }
    ],
    "isTemplate": false,
    "count": 0,
    "lang": "en",
    "updated": 0
  },
  {
    "id": "8e8f56a3-cec0-4a14-bffd-125b8bf0c4a5",
    "data": [
      {
        "text": "what is the procedure of resetting login password",
        "userDefined": false
      }
    ],
    "isTemplate": false,
    "count": 0,
    "lang": "en",
    "updated": 0
  },
  {
    "id": "68497ee0-a42f-4fd1-8e1a-f861416c6dac",
    "data": [
      {
        "text": "forgot  my login password",
        "userDefined": false
      }
    ],
    "isTemplate": false,
    "count": 0,
    "lang": "en",
    "updated": 0
  },
  {
    "id": "60dc7d2f-9c6f-4028-8161-3fe2d590c273",
    "data": [
      {
        "text": "How to reset my password?",
        "userDefined": false
      }
    ],
    "isTemplate": false,
    "count": 0,
    "lang": "en",
    "updated": 0
  },
  {
    "id": "0be31f85-8d06-4b32-af57-62025132b5a8",
    "data": [
      {
        "text": "I\u0027m having login issues",
        "userDefined": false
      }
    ],
    "isTemplate": false,
    "count": 0,
    "lang": "en",
    "updated": 0
  },
  {
    "id": "b2799c56-dd17-4f01-a867-e81dc99082b4",
    "data": [
      {
        "text": "How to login if I forget my password",
        "userDefined": false
      }
    ],
    "isTemplate": false,
    "count": 0,
    "lang": "en",
    "updated": 0
  },
  {
    "id": "81f2992c-fa91-4c41-88d2-799f5f3312a0",
    "data": [
      {
        "text": "Help me in resetting the password",
        "userDefined": false
      }
    ],
    "isTemplate": false,
    "count": 0,
    "lang": "en",
    "updated": 0
  },
  {
    "id": "49a420a3-a057-4412-8a36-0c80264c6a89",
    "data": [
      {
        "text": "What to do if I forget my password",
        "userDefined": false
      }
    ],
    "isTemplate": false,
    "count": 0,
    "lang": "en",
    "updated": 0
  },
  {
    "id": "a55968bd-abc8-4c9d-96f2-04874223b0f8",
    "data": [
      {
        "text": "Not able to login?",
        "userDefined": false
      }
    ],
    "isTemplate": false,
    "count": 0,
    "lang": "en",
    "updated": 0
  },
  {
    "id": "9bdfbd97-18d1-4344-ac77-200816859d71",
    "data": [
      {
        "text": "Login issues",
        "userDefined": false
      }
    ],
    "isTemplate": false,
    "count": 0,
    "lang": "en",
    "updated": 0
  },
  {
    "id": "53ce0aa5-e7b0-4fff-8c01-d08a23cee7e8",
    "data": [
      {
        "text": "What to do i dont remember my password",
        "userDefined": false
      }
    ],
    "isTemplate": false,
    "count": 0,
    "lang": "en",
    "updated": 0
  },
  {
    "id": "cf959ea5-4283-4622-9e2b-d7eff524e1a7",
    "data": [
      {
        "text": "Cant login",
        "userDefined": false
      }
    ],
    "isTemplate": false,
    "count": 1,
    "lang": "en",
    "updated": 0
  },
  {
    "id": "72ea20c7-3f32-4c61-bc2b-837ba1c80118",
    "data": [
      {
        "text": "I don\u0027t remember my password",
        "userDefined": false
      }
    ],
    "isTemplate": false,
    "count": 0,
    "lang": "en",
    "updated": 0
  },
  {
    "id": "a3da3e76-710c-490d-b0ae-bc69d20b92d9",
    "data": [
      {
        "text": "Help me reset my password",
        "userDefined": false
      }
    ],
    "isTemplate": false,
    "count": 0,
    "lang": "en",
    "updated": 0
  },
  {
    "id": "cb461abc-0a5a-4bb5-af7f-5cd43f31c7a4",
    "data": [
      {
        "text": "What if I forgot my password",
        "userDefined": false
      }
    ],
    "isTemplate": false,
    "count": 0,
    "lang": "en",
    "updated": 0
  },
  {
    "id": "ba6f0cfe-461e-4d60-8991-574fbc7d34d9",
    "data": [
      {
        "text": "Forgot my password",
        "userDefined": false
      }
    ],
    "isTemplate": false,
    "count": 0,
    "lang": "en",
    "updated": 0
  },
  {
    "id": "0cdc5b2e-b53c-435b-94e4-9516bf57e28f",
    "data": [
      {
        "text": "I can\u0027t log in. I forgot my password",
        "userDefined": false
      }
    ],
    "isTemplate": false,
    "count": 0,
    "lang": "en",
    "updated": 0
  }
]