[
  {
    "id": "d8cfc870-bbf4-4523-a2d9-127ae9650080",
    "data": [
      {
        "text": "i have refreshed numerous times and end up back at the beginning and it goes on all over again.",
        "userDefined": false
      }
    ],
    "isTemplate": false,
    "count": 0,
    "lang": "en",
    "updated": 0
  },
  {
    "id": "5a2068ae-676b-4807-ab50-e0f861511b3d",
    "data": [
      {
        "text": "I can\u0027t add an item to my order",
        "userDefined": false
      }
    ],
    "isTemplate": false,
    "count": 0,
    "lang": "en",
    "updated": 0
  },
  {
    "id": "e5c640b3-9e8d-442d-8b50-6903296f7e80",
    "data": [
      {
        "text": "the account im trying to make wont let me get pass the adderss part",
        "userDefined": false
      }
    ],
    "isTemplate": false,
    "count": 0,
    "lang": "en",
    "updated": 0
  },
  {
    "id": "a22e1290-45c7-4b41-b41c-dc3dbd4ab03f",
    "data": [
      {
        "text": "I\u0027m trying to get a replacement fingerprint clearance card. But I can\u0027t login to your system.",
        "userDefined": false
      }
    ],
    "isTemplate": false,
    "count": 0,
    "lang": "en",
    "updated": 0
  },
  {
    "id": "c2d76ed2-bda8-49dc-afa9-94549840bc66",
    "data": [
      {
        "text": "I am clicking on request a replacement/apply for a card for myself or someone . It won\u0027t let me click on it",
        "userDefined": false
      }
    ],
    "isTemplate": false,
    "count": 0,
    "lang": "en",
    "updated": 0
  },
  {
    "id": "62ac7904-7a0f-46ee-8ece-1064fa793f97",
    "data": [
      {
        "text": "Hi it\u0027s not letting add my documents",
        "userDefined": false
      }
    ],
    "isTemplate": false,
    "count": 1,
    "lang": "en",
    "updated": 0
  },
  {
    "id": "0a738127-7708-4edf-ae4a-7f9d153b6136",
    "data": [
      {
        "text": "ive applied with you guys and got locked out. was told",
        "userDefined": false
      }
    ],
    "isTemplate": false,
    "count": 0,
    "lang": "en",
    "updated": 0
  },
  {
    "id": "95942ac5-bc85-4716-9b81-61d10a4c378c",
    "data": [
      {
        "text": "Every time I enter my information and name to create act I get an error message",
        "userDefined": false
      }
    ],
    "isTemplate": false,
    "count": 0,
    "lang": "en",
    "updated": 0
  },
  {
    "id": "11980004-c7a4-4aab-ac97-86dadbd008be",
    "data": [
      {
        "text": "Unable to enter city of birth.",
        "userDefined": false
      }
    ],
    "isTemplate": false,
    "count": 0,
    "lang": "en",
    "updated": 0
  },
  {
    "id": "bc27fe21-6092-4567-8ca2-b89b1320cf40",
    "data": [
      {
        "text": "i am clicking on contimue to my order button but nothing is happening",
        "userDefined": false
      }
    ],
    "isTemplate": false,
    "count": 0,
    "lang": "en",
    "updated": 0
  },
  {
    "id": "f236ad2c-bd8f-48c6-bc6d-c52c8b061f77",
    "data": [
      {
        "text": "I\u0027m stuck at address and can\u0027t go on. Can you tell me what the problem is?",
        "userDefined": false
      }
    ],
    "isTemplate": false,
    "count": 0,
    "lang": "en",
    "updated": 0
  },
  {
    "id": "b557a26f-37cc-460d-ba51-2714d2c319d6",
    "data": [
      {
        "text": "everytime i press continue to my order it doesnt do anything",
        "userDefined": false
      }
    ],
    "isTemplate": false,
    "count": 0,
    "lang": "en",
    "updated": 0
  },
  {
    "id": "82575cb5-13ee-4239-a10b-ee199b676cb8",
    "data": [
      {
        "text": "now it is telling me that my email is already associated to an account",
        "userDefined": false
      }
    ],
    "isTemplate": false,
    "count": 0,
    "lang": "en",
    "updated": 0
  },
  {
    "id": "c57d90c8-4123-4988-b7d8-7baf593a198f",
    "data": [
      {
        "text": "For some reason my account could not be activated. How do I get this resolved?",
        "userDefined": false
      }
    ],
    "isTemplate": false,
    "count": 0,
    "lang": "en",
    "updated": 0
  },
  {
    "id": "04b019db-b629-456d-9135-7c084000f2b7",
    "data": [
      {
        "text": "I\u0027m trying to create an acct and it\u0027s saying I have an error but not saying what it is.",
        "userDefined": false
      }
    ],
    "isTemplate": false,
    "count": 1,
    "lang": "en",
    "updated": 0
  },
  {
    "id": "2fe61ccf-039d-414c-bbda-520d183de216",
    "data": [
      {
        "text": "Trying to continue my order",
        "userDefined": false
      }
    ],
    "isTemplate": false,
    "count": 0,
    "lang": "en",
    "updated": 0
  },
  {
    "id": "ccad5fd0-9516-452b-a662-8df2200bc3d8",
    "data": [
      {
        "text": "I can\u0027t get any further than the set-up page. What am I doing wrong?",
        "userDefined": false
      }
    ],
    "isTemplate": false,
    "count": 0,
    "lang": "en",
    "updated": 0
  },
  {
    "id": "57fbeb2c-02ea-456c-b722-b1d624a61feb",
    "data": [
      {
        "text": "Don\u0027t know why it\u0027s not letting me continue",
        "userDefined": false
      }
    ],
    "isTemplate": false,
    "count": 0,
    "lang": "en",
    "updated": 0
  },
  {
    "id": "17517df9-5988-48a8-956a-5cb5ef365fb3",
    "data": [
      {
        "text": "why am i not able to continue my order?",
        "userDefined": false
      }
    ],
    "isTemplate": false,
    "count": 0,
    "lang": "en",
    "updated": 0
  },
  {
    "id": "f3180242-1ebc-407b-892b-57695ad5a0c7",
    "data": [
      {
        "text": "Screen not going to next screen",
        "userDefined": false
      }
    ],
    "isTemplate": false,
    "count": 0,
    "lang": "en",
    "updated": 0
  },
  {
    "id": "4c9f9e03-8eb8-4255-a414-e68e0d27f45e",
    "data": [
      {
        "text": "I hit continue and nothing happens",
        "userDefined": false
      }
    ],
    "isTemplate": false,
    "count": 0,
    "lang": "en",
    "updated": 0
  },
  {
    "id": "3b742730-4dc5-496a-b637-d860b869ee6d",
    "data": [
      {
        "text": "It does not provide access when I input for app number.",
        "userDefined": false
      }
    ],
    "isTemplate": false,
    "count": 0,
    "lang": "en",
    "updated": 0
  },
  {
    "id": "ab0f71f4-f44b-49ea-b36e-d1cac1497ce4",
    "data": [
      {
        "text": "I got my confirmation # but it was giving me a pending message",
        "userDefined": false
      }
    ],
    "isTemplate": false,
    "count": 0,
    "lang": "en",
    "updated": 0
  },
  {
    "id": "ff7c69a9-b27d-4d51-a494-f59b6349bebb",
    "data": [
      {
        "text": "Hi, when I type in my ",
        "userDefined": false
      },
      {
        "text": "first",
        "meta": "@sys.ordinal",
        "alias": "ordinal",
        "userDefined": false
      },
      {
        "text": " and last name when creating an account, the system shows it to be an error.",
        "userDefined": false
      }
    ],
    "isTemplate": false,
    "count": 0,
    "lang": "en",
    "updated": 0
  },
  {
    "id": "4a70cbea-6086-47eb-b148-8e1f0c643002",
    "data": [
      {
        "text": "I am trying to create a account it is high lighting my email address when I push continue nothing happens",
        "userDefined": false
      }
    ],
    "isTemplate": false,
    "count": 0,
    "lang": "en",
    "updated": 0
  },
  {
    "id": "e6d21021-2d8a-4c32-86aa-ee7651e76bc4",
    "data": [
      {
        "text": "It is not allowing me to continue after entering my name data ",
        "userDefined": false
      },
      {
        "text": "first",
        "meta": "@sys.ordinal",
        "alias": "ordinal",
        "userDefined": false
      },
      {
        "text": " a fingerprint card.",
        "userDefined": false
      }
    ],
    "isTemplate": false,
    "count": 0,
    "lang": "en",
    "updated": 0
  },
  {
    "id": "889c2552-e286-4924-9d2f-f89c0ac974f8",
    "data": [
      {
        "text": "I am trying to do account for the fingerprint and it will not take my email at all I have did  so many time is there a other way to do this",
        "userDefined": false
      }
    ],
    "isTemplate": false,
    "count": 0,
    "lang": "en",
    "updated": 0
  },
  {
    "id": "7093f07b-07ec-4f4f-a27e-edf942a23ae9",
    "data": [
      {
        "text": "my ivp application will not let me submit",
        "userDefined": false
      }
    ],
    "isTemplate": false,
    "count": 0,
    "lang": "en",
    "updated": 0
  },
  {
    "id": "7c87666f-4db0-4da8-98b5-2ff0dff540e5",
    "data": [
      {
        "text": "i want to continue my order and it will not let me",
        "userDefined": false
      }
    ],
    "isTemplate": false,
    "count": 0,
    "lang": "en",
    "updated": 0
  },
  {
    "id": "2fa7e974-a6d2-404a-9da2-4021a4a9a06e",
    "data": [
      {
        "text": "I am trying to submit a request but your system wont allow me",
        "userDefined": false
      }
    ],
    "isTemplate": false,
    "count": 0,
    "lang": "en",
    "updated": 0
  },
  {
    "id": "e2e35d52-6ea7-4cc5-b5de-aa7c9c77b237",
    "data": [
      {
        "text": "I just finished my application amd it won\u0027t allow me to click finish my order",
        "userDefined": false
      }
    ],
    "isTemplate": false,
    "count": 0,
    "lang": "en",
    "updated": 0
  },
  {
    "id": "afc4724a-2f6b-47a5-bfa6-b6990f545e30",
    "data": [
      {
        "text": "is the website not working",
        "userDefined": false
      }
    ],
    "isTemplate": false,
    "count": 0,
    "lang": "en",
    "updated": 0
  },
  {
    "id": "d36bf330-855e-4046-a108-5036831b9374",
    "data": [
      {
        "text": "It wont let me continue to my order?",
        "userDefined": false
      }
    ],
    "isTemplate": false,
    "count": 0,
    "lang": "en",
    "updated": 0
  },
  {
    "id": "3ed53330-8836-4891-b4dd-e1f33f91669a",
    "data": [
      {
        "text": "Submitting my application and system is unavailable",
        "userDefined": false
      }
    ],
    "isTemplate": false,
    "count": 0,
    "lang": "en",
    "updated": 0
  },
  {
    "id": "afa25ace-9481-4fc2-ae02-4dd15ec6da04",
    "data": [
      {
        "text": "Your website is not working properly",
        "userDefined": false
      }
    ],
    "isTemplate": false,
    "count": 0,
    "lang": "en",
    "updated": 0
  },
  {
    "id": "1dab04c5-53f2-45cf-9797-5f88a36dc5ca",
    "data": [
      {
        "text": "I cannot type my name",
        "userDefined": false
      }
    ],
    "isTemplate": false,
    "count": 0,
    "lang": "en",
    "updated": 0
  },
  {
    "id": "5bc8be36-5e0b-4fdf-8cd3-37c1c99b9e6a",
    "data": [
      {
        "text": "link broken",
        "userDefined": false
      }
    ],
    "isTemplate": false,
    "count": 0,
    "lang": "en",
    "updated": 0
  },
  {
    "id": "e62ae24b-be9a-474f-9759-79ce5abb8902",
    "data": [
      {
        "text": "i am applying for my fingerprint clearance and it is not letting me continue with my order",
        "userDefined": false
      }
    ],
    "isTemplate": false,
    "count": 0,
    "lang": "en",
    "updated": 0
  },
  {
    "id": "58c4b6e6-5ffd-40b6-bc48-43e3348093fa",
    "data": [
      {
        "text": "It\u0027s not letting me continue to my order",
        "userDefined": false
      }
    ],
    "isTemplate": false,
    "count": 0,
    "lang": "en",
    "updated": 0
  },
  {
    "id": "7d35a55d-4496-471c-bc6a-98c0da820e8d",
    "data": [
      {
        "text": "I\u0027m trying to renew my fingerprint card- I\u0027m a teacher- I\u0027m on your website and trying to get to the security questions, however I\u0027m stuck on the address page...It wont let me go on...I do not see any alerts that I missed something...",
        "userDefined": false
      }
    ],
    "isTemplate": false,
    "count": 0,
    "lang": "en",
    "updated": 0
  },
  {
    "id": "276176ab-1973-4b5c-a507-8747ab312bb0",
    "data": [
      {
        "text": "why does it keep asking and then verifing my request but goes no where",
        "userDefined": false
      }
    ],
    "isTemplate": false,
    "count": 0,
    "lang": "en",
    "updated": 0
  },
  {
    "id": "eddf9d0f-d23e-4d68-9494-15770f5cddc5",
    "data": [
      {
        "text": "I just  filled out and it won\u0027t let me present my oder",
        "userDefined": false
      }
    ],
    "isTemplate": false,
    "count": 0,
    "lang": "en",
    "updated": 0
  },
  {
    "id": "46e91f71-d183-439b-8253-8e7807db1f1a",
    "data": [
      {
        "text": "I can not submit my application",
        "userDefined": false
      }
    ],
    "isTemplate": false,
    "count": 0,
    "lang": "en",
    "updated": 0
  },
  {
    "id": "f8ec0fcc-4626-4077-8734-4aff5acdee1a",
    "data": [
      {
        "text": "Arcandor move forward from this page of data entry filling out my application.",
        "userDefined": false
      }
    ],
    "isTemplate": false,
    "count": 0,
    "lang": "en",
    "updated": 0
  },
  {
    "id": "aef5f830-b5e6-471d-8506-9beb458cb756",
    "data": [
      {
        "text": "Trying to create an  account but I\u0027m stuck profile information. I click continue and the screen doesn\u0027t move",
        "userDefined": false
      }
    ],
    "isTemplate": false,
    "count": 0,
    "lang": "en",
    "updated": 0
  },
  {
    "id": "6e5f2d23-a689-4bfb-9e94-42f1aca0a652",
    "data": [
      {
        "text": "I try to ",
        "userDefined": false
      },
      {
        "text": "coantinue",
        "meta": "@sys.person",
        "alias": "person",
        "userDefined": false
      },
      {
        "text": " and capcha wont let me",
        "userDefined": false
      }
    ],
    "isTemplate": false,
    "count": 0,
    "lang": "en",
    "updated": 0
  },
  {
    "id": "841a9960-5f9c-41af-a407-a0a1d3f2f82b",
    "data": [
      {
        "text": "THE PROGRAM WONT CONTINUE TO MY ORDER",
        "userDefined": false
      }
    ],
    "isTemplate": false,
    "count": 0,
    "lang": "en",
    "updated": 0
  },
  {
    "id": "320f6ddc-9c8d-4d5d-9312-a91d3b253a83",
    "data": [
      {
        "text": "AFTER I PUT ALL MY INFO IN ADDRESS PHONE NUMBER IT WANT ALLOW ME TO CLICK CONTINUE",
        "userDefined": false
      }
    ],
    "isTemplate": false,
    "count": 0,
    "lang": "en",
    "updated": 0
  },
  {
    "id": "a8211792-a564-434f-826e-2ed0b3b0ad7b",
    "data": [
      {
        "text": "On the application for fingerprint clearance card there is no box to check for department of public safety concealed weapons permit.",
        "userDefined": false
      }
    ],
    "isTemplate": false,
    "count": 0,
    "lang": "en",
    "updated": 0
  },
  {
    "id": "57b7a8a8-e931-4f25-9408-3e60d0185c12",
    "data": [
      {
        "text": "captcha is not going through",
        "userDefined": false
      }
    ],
    "isTemplate": false,
    "count": 0,
    "lang": "en",
    "updated": 0
  },
  {
    "id": "c8827dac-7a19-4fb5-b4a0-f326d97064fa",
    "data": [
      {
        "text": "CAPCHA ISNT GOING THROUGH",
        "userDefined": false
      }
    ],
    "isTemplate": false,
    "count": 0,
    "lang": "en",
    "updated": 0
  },
  {
    "id": "53f74c15-8f22-4f2f-ab71-a9011c1698e6",
    "data": [
      {
        "text": "is the system down?",
        "userDefined": false
      }
    ],
    "isTemplate": false,
    "count": 0,
    "lang": "en",
    "updated": 0
  },
  {
    "id": "b58a29cb-c3d1-4606-a132-a9a932025c6c",
    "data": [
      {
        "text": "Yes hello I am trying to answer security questions and the sight keeps telling me to only enter letters not numbers and that\u0027s what I\u0027m doing and it still won\u0027t let me continue.",
        "userDefined": false
      }
    ],
    "isTemplate": false,
    "count": 0,
    "lang": "en",
    "updated": 0
  },
  {
    "id": "821ba914-88db-4a81-9cdc-e19ea42c0add",
    "data": [
      {
        "text": "ITS NOT LETTING ME CLICK CONTINUE ON THE APPLACTION",
        "userDefined": false
      }
    ],
    "isTemplate": false,
    "count": 0,
    "lang": "en",
    "updated": 0
  },
  {
    "id": "7921b6eb-f79e-4538-8019-9db995bf51d0",
    "data": [
      {
        "text": "I CPMPLETED MY APPLICATION AND THE PROGRAM WONT GO TO MY ORDER PAGE",
        "userDefined": false
      }
    ],
    "isTemplate": false,
    "count": 0,
    "lang": "en",
    "updated": 0
  },
  {
    "id": "03905804-1605-4bc6-8936-9863b95b981c",
    "data": [
      {
        "text": "‍♀️not working",
        "userDefined": false
      }
    ],
    "isTemplate": false,
    "count": 0,
    "lang": "en",
    "updated": 0
  },
  {
    "id": "001d3aec-71cf-4d74-a87c-e0df9447937f",
    "data": [
      {
        "text": "I am having trouble with captcha",
        "userDefined": false
      }
    ],
    "isTemplate": false,
    "count": 0,
    "lang": "en",
    "updated": 0
  },
  {
    "id": "b768f78c-1d03-422e-adf0-2464951848ec",
    "data": [
      {
        "text": "The Continue to my Order button is not responding",
        "userDefined": false
      }
    ],
    "isTemplate": false,
    "count": 0,
    "lang": "en",
    "updated": 0
  },
  {
    "id": "aec9764a-12e1-4d91-a166-14cc77e2a977",
    "data": [
      {
        "text": "Page content is not getting loaded",
        "userDefined": false
      }
    ],
    "isTemplate": false,
    "count": 0,
    "lang": "en",
    "updated": 0
  },
  {
    "id": "52ee44ba-53e7-4b42-81d4-c57550ab4126",
    "data": [
      {
        "text": "Unable to read the content as page is not loading",
        "userDefined": false
      }
    ],
    "isTemplate": false,
    "count": 0,
    "lang": "en",
    "updated": 0
  },
  {
    "id": "d7bc431b-1cde-432c-acd8-b6cf27161503",
    "data": [
      {
        "text": "Can you help me in loading the page",
        "userDefined": false
      }
    ],
    "isTemplate": false,
    "count": 0,
    "lang": "en",
    "updated": 0
  },
  {
    "id": "44ce860f-377e-4cb4-b263-69aebaa7047f",
    "data": [
      {
        "text": "Unable to load the page content",
        "userDefined": false
      }
    ],
    "isTemplate": false,
    "count": 0,
    "lang": "en",
    "updated": 0
  },
  {
    "id": "8f0833f4-381a-4d6c-963f-683b76e4d7cb",
    "data": [
      {
        "text": "Page is not loading fo me",
        "userDefined": false
      }
    ],
    "isTemplate": false,
    "count": 0,
    "lang": "en",
    "updated": 0
  },
  {
    "id": "4f6bda24-3b9b-44f5-9a1d-4a0eca76d43d",
    "data": [
      {
        "text": "why does my web page shows unable to load",
        "userDefined": false
      }
    ],
    "isTemplate": false,
    "count": 0,
    "lang": "en",
    "updated": 0
  },
  {
    "id": "51e9562e-f7ed-41e4-93e6-8a7433ed0f70",
    "data": [
      {
        "text": "Unable to load what is that",
        "userDefined": false
      }
    ],
    "isTemplate": false,
    "count": 0,
    "lang": "en",
    "updated": 0
  },
  {
    "id": "84caddcd-ee78-4bdd-8239-439a2b727f3c",
    "data": [
      {
        "text": "The page shows an error message una\\ble to load?",
        "userDefined": false
      }
    ],
    "isTemplate": false,
    "count": 0,
    "lang": "en",
    "updated": 0
  },
  {
    "id": "aa5cbc40-e665-4f33-8f88-c191c123f4cc",
    "data": [
      {
        "text": "Where is the page content?",
        "userDefined": false
      }
    ],
    "isTemplate": false,
    "count": 0,
    "lang": "en",
    "updated": 0
  },
  {
    "id": "e2870a90-e069-4dcc-8e5e-b005e041c2c1",
    "data": [
      {
        "text": "Nothing loading on the page?",
        "userDefined": false
      }
    ],
    "isTemplate": false,
    "count": 0,
    "lang": "en",
    "updated": 0
  },
  {
    "id": "04f11783-44cf-43a4-940c-04c28f71c1f6",
    "data": [
      {
        "text": "What to do if page is not loading",
        "userDefined": false
      }
    ],
    "isTemplate": false,
    "count": 0,
    "lang": "en",
    "updated": 0
  },
  {
    "id": "2e076ceb-a53a-4dde-8183-6ecd127009c1",
    "data": [
      {
        "text": "Page doesn\u0027t even load",
        "userDefined": false
      }
    ],
    "isTemplate": false,
    "count": 0,
    "lang": "en",
    "updated": 0
  },
  {
    "id": "e50878bd-01b4-4de1-ab14-755a60ee70e2",
    "data": [
      {
        "text": "Not loading page",
        "userDefined": false
      }
    ],
    "isTemplate": false,
    "count": 0,
    "lang": "en",
    "updated": 0
  },
  {
    "id": "9e6e49f9-85fd-49de-b52b-11075426cdd4",
    "data": [
      {
        "text": "Page not loading tried many times",
        "userDefined": false
      }
    ],
    "isTemplate": false,
    "count": 0,
    "lang": "en",
    "updated": 0
  },
  {
    "id": "95ef2111-46c5-490c-99d9-bf67c0b2e622",
    "data": [
      {
        "text": "I tried refreshing almost ",
        "userDefined": false
      },
      {
        "text": "10",
        "userDefined": false
      },
      {
        "text": " times the page never loads",
        "userDefined": false
      }
    ],
    "isTemplate": false,
    "count": 0,
    "lang": "en",
    "updated": 0
  },
  {
    "id": "39db2a1a-08d4-4320-8399-8bec100af5b5",
    "data": [
      {
        "text": "What can i be done,if page is not loading",
        "userDefined": false
      }
    ],
    "isTemplate": false,
    "count": 0,
    "lang": "en",
    "updated": 0
  },
  {
    "id": "dacd60d2-ab2f-4a92-8011-22f16e100098",
    "data": [
      {
        "text": "Unable to load the page",
        "userDefined": false
      }
    ],
    "isTemplate": false,
    "count": 0,
    "lang": "en",
    "updated": 0
  },
  {
    "id": "a8fb8eec-1710-4cce-8a5c-3b191d8ae7a6",
    "data": [
      {
        "text": "what will do if page is not loading",
        "userDefined": false
      }
    ],
    "isTemplate": false,
    "count": 0,
    "lang": "en",
    "updated": 0
  },
  {
    "id": "d4ba775d-6ac1-4f53-b492-0b6bbc4a861b",
    "data": [
      {
        "text": "what is the procedure if the page is not getting load",
        "userDefined": false
      }
    ],
    "isTemplate": false,
    "count": 0,
    "lang": "en",
    "updated": 0
  },
  {
    "id": "39d16b8f-882b-4da0-a87b-6d43c8a695cf",
    "data": [
      {
        "text": "page is not getting load",
        "userDefined": false
      }
    ],
    "isTemplate": false,
    "count": 0,
    "lang": "en",
    "updated": 0
  },
  {
    "id": "ef465983-eec7-46cf-b533-c13561ab7067",
    "data": [
      {
        "text": "page loading problem",
        "userDefined": false
      }
    ],
    "isTemplate": false,
    "count": 0,
    "lang": "en",
    "updated": 0
  },
  {
    "id": "305a2aff-13f1-4179-9892-ec287b6ae8e5",
    "data": [
      {
        "text": "Getting error message If I load the page",
        "userDefined": false
      }
    ],
    "isTemplate": false,
    "count": 0,
    "lang": "en",
    "updated": 0
  },
  {
    "id": "54b9e88f-3af0-4ab2-9849-c7bb1515a799",
    "data": [
      {
        "text": "Let me know what can I do If  page is no loading",
        "userDefined": false
      }
    ],
    "isTemplate": false,
    "count": 0,
    "lang": "en",
    "updated": 0
  },
  {
    "id": "4f231023-a0e5-46be-aeab-b8fb7ff98351",
    "data": [
      {
        "text": "What to if i get page is not loading error",
        "userDefined": false
      }
    ],
    "isTemplate": false,
    "count": 0,
    "lang": "en",
    "updated": 0
  },
  {
    "id": "29d44ec8-36e5-44ca-8f5b-8b028de100dd",
    "data": [
      {
        "text": "Getting error while loading the page",
        "userDefined": false
      }
    ],
    "isTemplate": false,
    "count": 0,
    "lang": "en",
    "updated": 0
  },
  {
    "id": "4ce8a25c-6ccf-4575-9f91-7132b2f444dc",
    "data": [
      {
        "text": "Page is not loading",
        "userDefined": false
      }
    ],
    "isTemplate": false,
    "count": 0,
    "lang": "en",
    "updated": 0
  },
  {
    "id": "6af23761-74a0-4dbe-8415-93252d59f85e",
    "data": [
      {
        "text": "Page is giving error to load",
        "userDefined": false
      }
    ],
    "isTemplate": false,
    "count": 0,
    "lang": "en",
    "updated": 0
  },
  {
    "id": "63b4c906-11f5-4972-8f7c-6969ed0c2fe1",
    "data": [
      {
        "text": "Why some sites are not loading",
        "userDefined": false
      }
    ],
    "isTemplate": false,
    "count": 0,
    "lang": "en",
    "updated": 0
  },
  {
    "id": "77746b6d-f0b3-410d-aa16-2bfa080e6c29",
    "data": [
      {
        "text": "How do I fix a page that is not loading",
        "userDefined": false
      }
    ],
    "isTemplate": false,
    "count": 0,
    "lang": "en",
    "updated": 0
  },
  {
    "id": "4d721da1-681f-49cc-84c5-307b2eb33c7d",
    "data": [
      {
        "text": "Why are some pages not loading",
        "userDefined": false
      }
    ],
    "isTemplate": false,
    "count": 0,
    "lang": "en",
    "updated": 0
  },
  {
    "id": "fc78f2fe-f801-473a-9972-d5639012b106",
    "data": [
      {
        "text": "What to do, page is not loading",
        "userDefined": false
      }
    ],
    "isTemplate": false,
    "count": 0,
    "lang": "en",
    "updated": 0
  },
  {
    "id": "08c14f41-baad-422c-97f5-532ea6bdb007",
    "data": [
      {
        "text": "Why page is not loading",
        "userDefined": false
      }
    ],
    "isTemplate": false,
    "count": 0,
    "lang": "en",
    "updated": 0
  },
  {
    "id": "af4fd7f0-e710-44ac-9843-6cbb27b01f7d",
    "data": [
      {
        "text": "Issue with page loading",
        "userDefined": false
      }
    ],
    "isTemplate": false,
    "count": 0,
    "lang": "en",
    "updated": 0
  },
  {
    "id": "7a0676c8-6d1d-4c1f-a1b4-36be4be2883f",
    "data": [
      {
        "text": "Page not loading",
        "userDefined": false
      }
    ],
    "isTemplate": false,
    "count": 0,
    "lang": "en",
    "updated": 0
  },
  {
    "id": "c69cdf53-fdab-445e-9881-7fd207b8f8e4",
    "data": [
      {
        "text": "Page doesn\u0027t load",
        "userDefined": false
      }
    ],
    "isTemplate": false,
    "count": 0,
    "lang": "en",
    "updated": 0
  }
]