[
  {
    "id": "450409b2-95f5-4711-a101-e7a0a7598899",
    "data": [
      {
        "text": "_Submit_and_Pay _SG/PI_License",
        "userDefined": false
      }
    ],
    "isTemplate": false,
    "count": 0,
    "lang": "en",
    "updated": 0
  },
  {
    "id": "bd3f5bba-9d0d-463d-a274-ab7acef685cb",
    "data": [
      {
        "text": "II_Submit_and_Pay _SG/PI_License",
        "userDefined": false
      }
    ],
    "isTemplate": false,
    "count": 0,
    "lang": "en",
    "updated": 0
  },
  {
    "id": "5ed7ae0c-108f-4c95-a9bc-bf1c81fff9f3",
    "data": [
      {
        "text": "LVII_Submit_and_Pay _SG/PI_License.",
        "userDefined": false
      }
    ],
    "isTemplate": false,
    "count": 0,
    "lang": "en",
    "updated": 0
  },
  {
    "id": "9a6f840d-8758-4011-9080-ab343bc8c30f",
    "data": [
      {
        "text": "LVII_Submit_and_Pay _SG/PI_License",
        "userDefined": false
      }
    ],
    "isTemplate": false,
    "count": 0,
    "lang": "en",
    "updated": 0
  }
]