[
  {
    "id": "231b4b1a-a909-43bc-913b-2753479b1d55",
    "data": [
      {
        "text": "_Submit_and_Pay_Clearance_Card",
        "userDefined": false
      }
    ],
    "isTemplate": false,
    "count": 0,
    "lang": "en",
    "updated": 0
  },
  {
    "id": "ccf18059-2e6a-48dc-94e6-db8982515c84",
    "data": [
      {
        "text": "VII_Submit_and_Pay_Clearance_Card",
        "userDefined": false
      }
    ],
    "isTemplate": false,
    "count": 0,
    "lang": "en",
    "updated": 0
  },
  {
    "id": "6ac1a471-6070-453d-9ebc-39367f234643",
    "data": [
      {
        "text": "LVII_Submit_and_Pay_Clearance_Card.",
        "userDefined": false
      }
    ],
    "isTemplate": false,
    "count": 0,
    "lang": "en",
    "updated": 0
  },
  {
    "id": "83332a5a-124a-439a-82de-1a4c9af1c4bd",
    "data": [
      {
        "text": "LVII_Submit_and_Pay_Clearance_Card",
        "userDefined": false
      }
    ],
    "isTemplate": false,
    "count": 0,
    "lang": "en",
    "updated": 0
  }
]