[
  {
    "id": "f93d8f78-c962-4a47-8536-a0c912fbd91f",
    "data": [
      {
        "text": "II_Submit_and_Pay_Records_Request",
        "userDefined": false
      }
    ],
    "isTemplate": false,
    "count": 0,
    "lang": "en",
    "updated": 0
  },
  {
    "id": "f9f5a585-f0f9-4bd6-ab79-c37bd422f1c6",
    "data": [
      {
        "text": "VII_Submit_and_Pay_Records_Request",
        "userDefined": false
      }
    ],
    "isTemplate": false,
    "count": 0,
    "lang": "en",
    "updated": 0
  },
  {
    "id": "1bb2c2c5-c41a-4818-a363-688a68adf669",
    "data": [
      {
        "text": "LVII_Submit_and_Pay_Records_Request.",
        "userDefined": false
      }
    ],
    "isTemplate": false,
    "count": 0,
    "lang": "en",
    "updated": 0
  },
  {
    "id": "ce15502a-cfce-494a-a7c3-0c3d71ff496a",
    "data": [
      {
        "text": "LVII_Submit_and_Pay_Records_Request",
        "userDefined": false
      }
    ],
    "isTemplate": false,
    "count": 0,
    "lang": "en",
    "updated": 0
  }
]