[
  {
    "id": "edc737f3-3639-4029-aef0-39000cc48d97",
    "data": [
      {
        "text": "I am done with my fingerprinting. I sent the card to DPS. May I know what is the next step to do?",
        "userDefined": false
      }
    ],
    "isTemplate": false,
    "count": 0,
    "lang": "en",
    "updated": 0
  },
  {
    "id": "5ffce90f-63a1-46fc-ae6c-57129192079b",
    "data": [
      {
        "text": "I now paid for electronic finger print too. I am not understanding what I need to do next? The school is needing me to start as soon as possible.",
        "userDefined": false
      }
    ],
    "isTemplate": false,
    "count": 0,
    "lang": "en",
    "updated": 0
  },
  {
    "id": "75e88b92-c42b-4f56-94f5-1697cb9bda79",
    "data": [
      {
        "text": "I paid with my credit card but I don\u0027t find any message as to how to proceed on my dashboard",
        "userDefined": false
      }
    ],
    "isTemplate": false,
    "count": 0,
    "lang": "en",
    "updated": 0
  },
  {
    "id": "45c9668d-3350-4b0b-a9df-343d7308f5ef",
    "data": [
      {
        "text": "so I just paid for a fingerprint clearance card and when I check for the status of my card it says no results ?",
        "userDefined": false
      }
    ],
    "isTemplate": false,
    "count": 0,
    "lang": "en",
    "updated": 0
  },
  {
    "id": "87a267a8-b56f-4020-bf4d-cf3fa6be1435",
    "data": [
      {
        "text": "I am trying to get my accident report and I completed all the steps online to get it but I still can\u0027t get to report",
        "userDefined": false
      }
    ],
    "isTemplate": false,
    "count": 0,
    "lang": "en",
    "updated": 0
  },
  {
    "id": "6735de50-c29f-49c1-942b-6632844ac339",
    "data": [
      {
        "text": "I paid for a new card this spring and I have not received anything",
        "userDefined": false
      }
    ],
    "isTemplate": false,
    "count": 0,
    "lang": "en",
    "updated": 0
  },
  {
    "id": "67eda54c-e8f4-4e02-b7d0-987e8f7a2ff0",
    "data": [
      {
        "text": "I paid my invoice but haven\u0027t gotten the report",
        "userDefined": false
      }
    ],
    "isTemplate": false,
    "count": 0,
    "lang": "en",
    "updated": 0
  },
  {
    "id": "01a2e623-1a13-4ba7-bae5-268635b3710d",
    "data": [
      {
        "text": "I paid the invoice",
        "userDefined": false
      }
    ],
    "isTemplate": false,
    "count": 0,
    "lang": "en",
    "updated": 0
  },
  {
    "id": "b82f49bb-980d-4683-8e5e-f1940fe9557a",
    "data": [
      {
        "text": "I have requested the report and paid for it already",
        "userDefined": false
      }
    ],
    "isTemplate": false,
    "count": 0,
    "lang": "en",
    "updated": 0
  },
  {
    "id": "7d98b05c-2f4c-4a9f-bdb9-74a92c7bf0b3",
    "data": [
      {
        "text": "I Paid $65.00 order ID CREDIT_CARD_NUMBER Authorization #3323429 on 7/7/202 - waiting for IVP Packet - when will I receive this?",
        "userDefined": false
      }
    ],
    "isTemplate": false,
    "count": 0,
    "lang": "en",
    "updated": 0
  },
  {
    "id": "ea51ad98-ae1f-4c0d-973d-3e3f7b760939",
    "data": [
      {
        "text": "I just got fingerprinted today in another state, do I need to mail my fingerprints? I don\u0027t know what the next step is",
        "userDefined": false
      }
    ],
    "isTemplate": false,
    "count": 0,
    "lang": "en",
    "updated": 0
  },
  {
    "id": "134d4f06-566b-482c-8fc8-72323851ce92",
    "data": [
      {
        "text": "Greetings - I have paid for a fingerprint card and would like to schedule an appointment",
        "userDefined": false
      }
    ],
    "isTemplate": false,
    "count": 1,
    "lang": "en",
    "updated": 0
  },
  {
    "id": "b37c969b-a3dd-4b2b-a551-81de1b2fb954",
    "data": [
      {
        "text": "I completed the process, can you tell me if there is anything else I need to do?",
        "userDefined": false
      }
    ],
    "isTemplate": false,
    "count": 1,
    "lang": "en",
    "updated": 0
  },
  {
    "id": "b794ff29-4537-4f8d-a691-929dcf46b200",
    "data": [
      {
        "text": "I filled out the application for a fingerprint clearance card and paid the fees, how do i go about giving you my fingerprints?",
        "userDefined": false
      }
    ],
    "isTemplate": false,
    "count": 0,
    "lang": "en",
    "updated": 0
  },
  {
    "id": "1d234a8d-8f4c-452a-96f2-ea2cd5836bbb",
    "data": [
      {
        "text": "I just paid for a report, got the receipt, but no report. Help!",
        "userDefined": false
      }
    ],
    "isTemplate": false,
    "count": 0,
    "lang": "en",
    "updated": 0
  },
  {
    "id": "508338f3-ab3b-45a9-b6ea-d56d9a79da70",
    "data": [
      {
        "text": "My status says in process. What is the next step",
        "userDefined": false
      }
    ],
    "isTemplate": false,
    "count": 0,
    "lang": "en",
    "updated": 0
  },
  {
    "id": "e2884067-79f9-4aa4-ad5e-509efd0d7195",
    "data": [
      {
        "text": "I have applied and paid  the fee. what do I do now?",
        "userDefined": false
      }
    ],
    "isTemplate": false,
    "count": 0,
    "lang": "en",
    "updated": 0
  },
  {
    "id": "fdb93f72-4a1b-449c-9014-fcfd574769c9",
    "data": [
      {
        "text": "I just paid for an invoice.  when should I get the report paid?",
        "userDefined": false
      }
    ],
    "isTemplate": false,
    "count": 0,
    "lang": "en",
    "updated": 0
  },
  {
    "id": "cc86e448-435d-4282-b755-a190afafa3c0",
    "data": [
      {
        "text": "I PAID FOR REPORT HOW DO I GET IT",
        "userDefined": false
      }
    ],
    "isTemplate": false,
    "count": 0,
    "lang": "en",
    "updated": 0
  },
  {
    "id": "d3644b3d-9ecd-4234-b7b0-0f3e7de4b64e",
    "data": [
      {
        "text": "what do I need to do next? Just go somewhere with my receipt and get fingerprinted?",
        "userDefined": false
      }
    ],
    "isTemplate": false,
    "count": 0,
    "lang": "en",
    "updated": 0
  },
  {
    "id": "21c3e016-294f-42da-91da-2ea70ce6f11c",
    "data": [
      {
        "text": "i just paid my clearance card application fee and then was taken back to the home screen. I need further instruction on where to send my fingerprints",
        "userDefined": false
      }
    ],
    "isTemplate": false,
    "count": 0,
    "lang": "en",
    "updated": 0
  },
  {
    "id": "e09d9be6-becc-43e8-838a-337ecb256067",
    "data": [
      {
        "text": "I just paid my report how I can get it now ?",
        "userDefined": false
      }
    ],
    "isTemplate": false,
    "count": 0,
    "lang": "en",
    "updated": 0
  },
  {
    "id": "a9c6fe6d-bee8-4234-8e03-412a6a16320f",
    "data": [
      {
        "text": "I paid the invoice fee. How will I receive a copy of the police report.",
        "userDefined": false
      }
    ],
    "isTemplate": false,
    "count": 0,
    "lang": "en",
    "updated": 0
  },
  {
    "id": "18863dd5-cff9-49db-8bab-6f969cff26ed",
    "data": [
      {
        "text": "How do I retrieve the police report I just paid for",
        "userDefined": false
      }
    ],
    "isTemplate": false,
    "count": 0,
    "lang": "en",
    "updated": 0
  },
  {
    "id": "f10810c0-5b32-42eb-bc34-59cb897ece50",
    "data": [
      {
        "text": "I have completed online application and went to get my fingerprints taken. What is the next step in getting my fingerprint clearance card?",
        "userDefined": false
      }
    ],
    "isTemplate": false,
    "count": 1,
    "lang": "en",
    "updated": 0
  },
  {
    "id": "f7328488-6c42-4592-b667-48dce58ec36d",
    "data": [
      {
        "text": "Hi! I already did my finger print what is next step for me? I need clearance level 1 card for my nursing program",
        "userDefined": false
      }
    ],
    "isTemplate": false,
    "count": 0,
    "lang": "en",
    "updated": 0
  },
  {
    "id": "4bc1da7c-ebd2-4ca3-814a-b5f6c3a4b777",
    "data": [
      {
        "text": "I filled out all the information required for a new fingerprint clearance card and then I paid the ",
        "userDefined": false
      },
      {
        "text": "$67.00",
        "meta": "@sys.unit-currency",
        "alias": "unit-currency",
        "userDefined": false
      },
      {
        "text": " fee.  It stated I would receive further info on how to proceed from there.  There is no more info.",
        "userDefined": false
      }
    ],
    "isTemplate": false,
    "count": 0,
    "lang": "en",
    "updated": 0
  },
  {
    "id": "fdd0b0e5-b9eb-4fb5-9e98-7a56b67818f7",
    "data": [
      {
        "text": "Hello I\u0027m waiting to see what\u0027s next for my fingerprint card",
        "userDefined": false
      }
    ],
    "isTemplate": false,
    "count": 1,
    "lang": "en",
    "updated": 0
  },
  {
    "id": "c77a6446-7657-4cac-a68d-a33757317385",
    "data": [
      {
        "text": "when I get my fingerprints done at the agency, do i pay you through them or do i have to pay you directly through the website?",
        "userDefined": false
      }
    ],
    "isTemplate": false,
    "count": 0,
    "lang": "en",
    "updated": 0
  },
  {
    "id": "2941465e-07f3-4605-a0d2-27952c3f3a5e",
    "data": [
      {
        "text": "I am sending you my fingerprint card . Please let me know if I need to give you any additional information or if there are any other fees involved.",
        "userDefined": false
      }
    ],
    "isTemplate": false,
    "count": 0,
    "lang": "en",
    "updated": 0
  },
  {
    "id": "17fb013a-fb31-43a2-8e5c-2f969617f4db",
    "data": [
      {
        "text": "How do I pay for fingerprint card",
        "userDefined": false
      }
    ],
    "isTemplate": false,
    "count": 0,
    "lang": "en",
    "updated": 0
  },
  {
    "id": "ba1989e6-c39b-4715-95ac-9bfe2ded80fa",
    "data": [
      {
        "text": "Hi there I received a notification to pay for a request but there is no icon available for me to hit pay on",
        "userDefined": false
      }
    ],
    "isTemplate": false,
    "count": 0,
    "lang": "en",
    "updated": 0
  },
  {
    "id": "cf3d5317-8c11-4998-8e4e-9c17905dc0f2",
    "data": [
      {
        "text": "I completed my fingerprint application and payment.  Where do I get messages on how to submit fingerprint card?",
        "userDefined": false
      }
    ],
    "isTemplate": false,
    "count": 0,
    "lang": "en",
    "updated": 0
  },
  {
    "id": "dec3cb95-a354-4f13-98d9-aadd303bf9b2",
    "data": [
      {
        "text": "i paid for the fingerprint card, how do i go back in to finish the process?",
        "userDefined": false
      }
    ],
    "isTemplate": false,
    "count": 0,
    "lang": "en",
    "updated": 0
  },
  {
    "id": "f23c0e1b-e167-4748-a95b-d5598e25befc",
    "data": [
      {
        "text": "I submitted my application for a clearance card, now what?",
        "userDefined": false
      }
    ],
    "isTemplate": false,
    "count": 0,
    "lang": "en",
    "updated": 0
  },
  {
    "id": "139eb3ab-d227-457a-8f97-44aa8b62bc36",
    "data": [
      {
        "text": "I just got my fingerprints done at the ups store in ",
        "userDefined": false
      },
      {
        "text": "camp Verde",
        "meta": "@sys.geo-city",
        "alias": "geo-city",
        "userDefined": false
      },
      {
        "text": ". What is my next step",
        "userDefined": false
      }
    ],
    "isTemplate": false,
    "count": 0,
    "lang": "en",
    "updated": 0
  },
  {
    "id": "3859892b-aabb-45c3-a4a8-0150f14a3a2b",
    "data": [
      {
        "text": "I need to figure out what happened with my fingerprint app. I filled out everything and paid but I have no info",
        "userDefined": false
      }
    ],
    "isTemplate": false,
    "count": 0,
    "lang": "en",
    "updated": 0
  },
  {
    "id": "e757266a-f38f-4227-83ee-9029b85efa10",
    "data": [
      {
        "text": "fingerprint card filled out, now what?",
        "userDefined": false
      }
    ],
    "isTemplate": false,
    "count": 0,
    "lang": "en",
    "updated": 0
  },
  {
    "id": "fb8d6a5d-9580-45ba-992c-9905d59cf25b",
    "data": [
      {
        "text": "i have my fingerprints. What is the next step?",
        "userDefined": false
      }
    ],
    "isTemplate": false,
    "count": 0,
    "lang": "en",
    "updated": 0
  },
  {
    "id": "4441de94-8165-4064-a58c-2d0d4918af5a",
    "data": [
      {
        "text": "After I apply and pay $",
        "userDefined": false
      },
      {
        "text": "67",
        "meta": "@sys.number",
        "alias": "number",
        "userDefined": false
      },
      {
        "text": ", I get fingerprinted.  Then I mail it to you?  Don\u0027t I need a reference number?",
        "userDefined": false
      }
    ],
    "isTemplate": false,
    "count": 0,
    "lang": "en",
    "updated": 0
  },
  {
    "id": "9265a02d-b4b1-4001-bace-abf795384b36",
    "data": [
      {
        "text": "How do I pay for fingerprints done by Payson Police Department",
        "userDefined": false
      }
    ],
    "isTemplate": false,
    "count": 0,
    "lang": "en",
    "updated": 0
  },
  {
    "id": "de111526-9e31-48be-8d71-d95e9d817516",
    "data": [
      {
        "text": "i filled out a request for police report .... where is the pay process",
        "userDefined": false
      }
    ],
    "isTemplate": false,
    "count": 0,
    "lang": "en",
    "updated": 0
  },
  {
    "id": "ff8f3d94-57f2-49d7-b93f-8d81b6542ced",
    "data": [
      {
        "text": "I need the next step after myn application number so i can get a fingerprint.",
        "userDefined": false
      }
    ],
    "isTemplate": false,
    "count": 1,
    "lang": "en",
    "updated": 0
  },
  {
    "id": "75255fc8-7ace-497f-9751-370dca4059cb",
    "data": [
      {
        "text": "I don\u0027t know what to do next",
        "userDefined": false
      }
    ],
    "isTemplate": false,
    "count": 0,
    "lang": "en",
    "updated": 0
  },
  {
    "id": "88b9fdde-b555-4e0f-9491-37086d17f5cc",
    "data": [
      {
        "text": "Hello what are the steps after I complete the online application",
        "userDefined": false
      }
    ],
    "isTemplate": false,
    "count": 0,
    "lang": "en",
    "updated": 0
  },
  {
    "id": "5d4b2680-8d97-4863-abb8-81877549ea15",
    "data": [
      {
        "text": "After I pay for the fingerprint clearance card where can I go to get it done?",
        "userDefined": false
      }
    ],
    "isTemplate": false,
    "count": 1,
    "lang": "en",
    "updated": 0
  },
  {
    "id": "115f4bde-2dd1-4dd7-824a-562dfd40bfe7",
    "data": [
      {
        "text": "What is the next step in my application",
        "userDefined": false
      }
    ],
    "isTemplate": false,
    "count": 0,
    "lang": "en",
    "updated": 0
  },
  {
    "id": "8db61ca5-7477-48df-8cc2-f4bba9375f88",
    "data": [
      {
        "text": "I paid for finger print card and have nothing",
        "userDefined": false
      }
    ],
    "isTemplate": false,
    "count": 0,
    "lang": "en",
    "updated": 0
  },
  {
    "id": "38ab6c5f-a6f1-4030-a057-52dc28e477ab",
    "data": [
      {
        "text": "I paid for an application for my fingerprint card in ",
        "userDefined": false
      },
      {
        "text": "April",
        "userDefined": false
      },
      {
        "text": " but never received follow up directions for getting my prints",
        "userDefined": false
      }
    ],
    "isTemplate": false,
    "count": 0,
    "lang": "en",
    "updated": 0
  },
  {
    "id": "feb056c5-17ab-4430-8803-bf08fa072863",
    "data": [
      {
        "text": "Where is my report that I paid for?",
        "userDefined": false
      }
    ],
    "isTemplate": false,
    "count": 0,
    "lang": "en",
    "updated": 0
  },
  {
    "id": "17492cbe-b322-49c1-a0f3-59d12f7532d6",
    "data": [
      {
        "text": "How do I complete my application?",
        "userDefined": false
      }
    ],
    "isTemplate": false,
    "count": 0,
    "lang": "en",
    "updated": 0
  },
  {
    "id": "287c5c17-fe36-4113-a27e-946684a1b2d8",
    "data": [
      {
        "text": "I completed the application to the payment part online. I have my fingerprint card to send to you. How do I do that? There were no messages in the portal.",
        "userDefined": false
      }
    ],
    "isTemplate": false,
    "count": 0,
    "lang": "en",
    "updated": 0
  },
  {
    "id": "0818c673-1db9-496a-8642-c933d3a8953d",
    "data": [
      {
        "text": "continue to application payment",
        "userDefined": false
      }
    ],
    "isTemplate": false,
    "count": 0,
    "lang": "en",
    "updated": 0
  },
  {
    "id": "2e28b79c-930b-4d0c-8eec-ce9a8868deb5",
    "data": [
      {
        "text": "I paid for the clearance card",
        "userDefined": false
      }
    ],
    "isTemplate": false,
    "count": 0,
    "lang": "en",
    "updated": 0
  },
  {
    "id": "1d6c63b0-8482-4f11-a1ba-d52c6040fff0",
    "data": [
      {
        "text": "I paid for fingerprint clearance card on 4/",
        "userDefined": false
      },
      {
        "text": "20",
        "meta": "@sys.number",
        "alias": "number",
        "userDefined": false
      },
      {
        "text": "/",
        "userDefined": false
      },
      {
        "text": "21",
        "meta": "@sys.number",
        "alias": "number",
        "userDefined": false
      }
    ],
    "isTemplate": false,
    "count": 0,
    "lang": "en",
    "updated": 0
  },
  {
    "id": "07798957-0075-43c6-9f20-71b5f2be5009",
    "data": [
      {
        "text": "I paid for my clearance card",
        "userDefined": false
      }
    ],
    "isTemplate": false,
    "count": 0,
    "lang": "en",
    "updated": 0
  },
  {
    "id": "6c071695-7cfe-42ac-b825-52308b9b7bdd",
    "data": [
      {
        "text": "I need my card I also paid",
        "userDefined": false
      }
    ],
    "isTemplate": false,
    "count": 0,
    "lang": "en",
    "updated": 0
  },
  {
    "id": "07dacd20-362d-4f7f-b16e-50626784d797",
    "data": [
      {
        "text": "I paid for my file when can I get it",
        "userDefined": false
      }
    ],
    "isTemplate": false,
    "count": 0,
    "lang": "en",
    "updated": 0
  },
  {
    "id": "47ff8fee-7386-426b-857e-4d6226fc6c42",
    "data": [
      {
        "text": "How do I continue with my order",
        "userDefined": false
      }
    ],
    "isTemplate": false,
    "count": 0,
    "lang": "en",
    "updated": 0
  },
  {
    "id": "4729ada5-bf7b-4356-8fce-3bd4de41e50c",
    "data": [
      {
        "text": "I filled out the application online what do i do now",
        "userDefined": false
      }
    ],
    "isTemplate": false,
    "count": 0,
    "lang": "en",
    "updated": 0
  },
  {
    "id": "b534076b-d57e-49a6-af25-ef133cd2095a",
    "data": [
      {
        "text": "I have filled out the application, what is the next step to get fingerprinted?",
        "userDefined": false
      }
    ],
    "isTemplate": false,
    "count": 0,
    "lang": "en",
    "updated": 0
  },
  {
    "id": "0fea40ae-53a3-4dd7-9966-4822d2e4c7be",
    "data": [
      {
        "text": "What do i do after i\u0027ve submitted my application?",
        "userDefined": false
      }
    ],
    "isTemplate": false,
    "count": 0,
    "lang": "en",
    "updated": 0
  },
  {
    "id": "0746911a-87fc-4349-b5d0-f7efc6eefca7",
    "data": [
      {
        "text": "I did submit and pay for a clearance card renewal",
        "userDefined": false
      }
    ],
    "isTemplate": false,
    "count": 0,
    "lang": "en",
    "updated": 0
  },
  {
    "id": "2954cb59-253d-409a-854c-beb2133d80a9",
    "data": [
      {
        "text": "i paid for my fingerprint card and I am still waiting",
        "userDefined": false
      }
    ],
    "isTemplate": false,
    "count": 0,
    "lang": "en",
    "updated": 0
  },
  {
    "id": "d4c599d2-5e50-4bfe-b270-8fe1c6a50bd1",
    "data": [
      {
        "text": "I have paid for my fingerprint card and still no number or status",
        "userDefined": false
      }
    ],
    "isTemplate": false,
    "count": 0,
    "lang": "en",
    "updated": 0
  },
  {
    "id": "ac78e499-3e35-49d8-a1f0-0e958f2706b6",
    "data": [
      {
        "text": "Submitting electronically",
        "userDefined": false
      }
    ],
    "isTemplate": false,
    "count": 0,
    "lang": "en",
    "updated": 0
  },
  {
    "id": "c47f42ce-a700-40e0-81c8-4518d7f9cb3a",
    "data": [
      {
        "text": "I already paid.  What do I do next",
        "userDefined": false
      }
    ],
    "isTemplate": false,
    "count": 0,
    "lang": "en",
    "updated": 0
  },
  {
    "id": "142314e3-f6ff-4605-a60c-c07988ad9f96",
    "data": [
      {
        "text": "What would be the next immediate step after submitting payment for fingerprint clearance card?",
        "userDefined": false
      }
    ],
    "isTemplate": false,
    "count": 0,
    "lang": "en",
    "updated": 0
  },
  {
    "id": "9947b74b-d343-4fb2-8e56-c7b5158684fa",
    "data": [
      {
        "text": "IF I PAID FOR THE CLEARNCE CARD WHAT IS THE NEXT STEP",
        "userDefined": false
      }
    ],
    "isTemplate": false,
    "count": 0,
    "lang": "en",
    "updated": 0
  },
  {
    "id": "a64925cd-cf4e-4f81-832f-4bb74ce46b2f",
    "data": [
      {
        "text": "I just paid $",
        "userDefined": false
      },
      {
        "text": "67",
        "meta": "@sys.number",
        "alias": "number",
        "userDefined": true
      },
      {
        "text": " for my fingerprint card. What do I do now?",
        "userDefined": false
      }
    ],
    "isTemplate": false,
    "count": 0,
    "lang": "en",
    "updated": 0
  },
  {
    "id": "f134c8c0-cabe-4c28-ad51-b51c97fc34a8",
    "data": [
      {
        "text": "I applied for fingerprint clearance. what is the next step",
        "userDefined": false
      }
    ],
    "isTemplate": false,
    "count": 0,
    "lang": "en",
    "updated": 0
  },
  {
    "id": "7ae4925e-9b15-4b6b-a4fa-c022385d38aa",
    "data": [
      {
        "text": "What action is necessary after I submit information and payment on line",
        "userDefined": false
      }
    ],
    "isTemplate": false,
    "count": 0,
    "lang": "en",
    "updated": 0
  },
  {
    "id": "d420c7ed-989f-413e-8e9a-5bbf52063347",
    "data": [
      {
        "text": "what do I do after I submit my application for a new card",
        "userDefined": false
      }
    ],
    "isTemplate": false,
    "count": 0,
    "lang": "en",
    "updated": 0
  },
  {
    "id": "ea11eca5-95c8-40b5-b63e-793cce5bd9ab",
    "data": [
      {
        "text": "Hi I just completed payment for fingerprinting. What do I do now",
        "userDefined": false
      }
    ],
    "isTemplate": false,
    "count": 0,
    "lang": "en",
    "updated": 0
  },
  {
    "id": "8d0fddcf-312b-4ff1-a817-b50a3ac8e1d0",
    "data": [
      {
        "text": "What\u0027s my next step",
        "userDefined": false
      }
    ],
    "isTemplate": false,
    "count": 0,
    "lang": "en",
    "updated": 0
  },
  {
    "id": "d540c186-8c92-44d8-b601-910283fab4f0",
    "data": [
      {
        "text": "can you see if I already have a fingerprint card please",
        "userDefined": false
      }
    ],
    "isTemplate": false,
    "count": 0,
    "lang": "en",
    "updated": 0
  },
  {
    "id": "dd11d01d-8258-48f6-a4d4-23b8370719df",
    "data": [
      {
        "text": "I paid the ",
        "userDefined": false
      },
      {
        "text": "$67.00",
        "userDefined": false
      },
      {
        "text": ". and I have the authorization code. Are there other steps to take or am I all done",
        "userDefined": false
      }
    ],
    "isTemplate": false,
    "count": 0,
    "lang": "en",
    "updated": 0
  },
  {
    "id": "71b6695c-286c-4251-8fa0-070ac94930a9",
    "data": [
      {
        "text": "Ive paid the ",
        "userDefined": false
      },
      {
        "text": "$69.00",
        "userDefined": false
      },
      {
        "text": " for my DPS card. What is my next step",
        "userDefined": false
      }
    ],
    "isTemplate": false,
    "count": 0,
    "lang": "en",
    "updated": 0
  },
  {
    "id": "d1e1f01e-db30-4df4-8b67-4ba63ae9bb94",
    "data": [
      {
        "text": "How to move forward post submit and pay",
        "userDefined": false
      }
    ],
    "isTemplate": false,
    "count": 0,
    "lang": "en",
    "updated": 0
  },
  {
    "id": "4f50ab56-d46f-4bf8-9199-05b32bb2bad1",
    "data": [
      {
        "text": "How to proceed after submit and pay",
        "userDefined": false
      }
    ],
    "isTemplate": false,
    "count": 0,
    "lang": "en",
    "updated": 0
  },
  {
    "id": "9cb88a5e-b2c7-475b-be3a-7990cb05dc75",
    "data": [
      {
        "text": "what to do after submit and pay",
        "userDefined": false
      }
    ],
    "isTemplate": false,
    "count": 0,
    "lang": "en",
    "updated": 0
  },
  {
    "id": "a2e6f7f2-b481-4fda-851d-8e0097137f37",
    "data": [
      {
        "text": "What is the next step post submit and pay",
        "userDefined": false
      }
    ],
    "isTemplate": false,
    "count": 0,
    "lang": "en",
    "updated": 0
  },
  {
    "id": "6a1200e2-0c5e-4520-a44b-5dedc627f695",
    "data": [
      {
        "text": "I already paid, what should be the next part",
        "userDefined": false
      }
    ],
    "isTemplate": false,
    "count": 0,
    "lang": "en",
    "updated": 0
  },
  {
    "id": "815e8294-d046-415b-bbe4-8d60bfcc3c0e",
    "data": [
      {
        "text": "Payment done, whats next",
        "userDefined": false
      }
    ],
    "isTemplate": false,
    "count": 0,
    "lang": "en",
    "updated": 0
  },
  {
    "id": "d6b3ee11-ad64-4ee9-834e-93ea7c125368",
    "data": [
      {
        "text": "Can you tell me further steps after payment",
        "userDefined": false
      }
    ],
    "isTemplate": false,
    "count": 0,
    "lang": "en",
    "updated": 0
  },
  {
    "id": "1be568bd-3cc3-45ae-b3e0-19fce56ff09c",
    "data": [
      {
        "text": "Already paid what is the next step",
        "userDefined": false
      }
    ],
    "isTemplate": false,
    "count": 0,
    "lang": "en",
    "updated": 0
  },
  {
    "id": "69cfb1fc-af1d-4696-b292-fae2066bc94d",
    "data": [
      {
        "text": "Inform me what to do if i already paid",
        "userDefined": false
      }
    ],
    "isTemplate": false,
    "count": 0,
    "lang": "en",
    "updated": 0
  },
  {
    "id": "bb223dad-1e56-4081-94df-bea0f7fb0877",
    "data": [
      {
        "text": "Already submitted and paid",
        "userDefined": false
      }
    ],
    "isTemplate": false,
    "count": 0,
    "lang": "en",
    "updated": 0
  },
  {
    "id": "78570b33-8e84-4e3f-aa3e-bf4ebd377312",
    "data": [
      {
        "text": "I already paid, what to do next?",
        "userDefined": false
      }
    ],
    "isTemplate": false,
    "count": 0,
    "lang": "en",
    "updated": 0
  },
  {
    "id": "89bbd620-78db-42c3-914c-681fe28e097e",
    "data": [
      {
        "text": "I already submitted what should I do next",
        "userDefined": false
      }
    ],
    "isTemplate": false,
    "count": 0,
    "lang": "en",
    "updated": 0
  },
  {
    "id": "06ce7d0f-affe-4be5-aafd-fa53eb1338f0",
    "data": [
      {
        "text": "I submitted and paid what next",
        "userDefined": false
      }
    ],
    "isTemplate": false,
    "count": 0,
    "lang": "en",
    "updated": 0
  },
  {
    "id": "a74553c0-8ca6-4157-9434-466cd08a6acf",
    "data": [
      {
        "text": "payment is done, what is next",
        "userDefined": false
      }
    ],
    "isTemplate": false,
    "count": 0,
    "lang": "en",
    "updated": 0
  },
  {
    "id": "8ad6c6a5-5bcb-4ebf-ac74-b0328c56ab6b",
    "data": [
      {
        "text": "what is the next step once i complete the payment",
        "userDefined": false
      }
    ],
    "isTemplate": false,
    "count": 0,
    "lang": "en",
    "updated": 0
  },
  {
    "id": "a51008ec-196d-4b8e-a4bc-e9570a94b3fa",
    "data": [
      {
        "text": "complete the payment, what is the next step",
        "userDefined": false
      }
    ],
    "isTemplate": false,
    "count": 0,
    "lang": "en",
    "updated": 0
  },
  {
    "id": "f78e6b96-20e3-42db-8721-679ee4ddcce1",
    "data": [
      {
        "text": "what is the next procedure after completeing the payment",
        "userDefined": false
      }
    ],
    "isTemplate": false,
    "count": 0,
    "lang": "en",
    "updated": 0
  },
  {
    "id": "e4f6bb75-c793-494b-be41-f9c10702ac2c",
    "data": [
      {
        "text": "What is the process after pay and submit",
        "userDefined": false
      }
    ],
    "isTemplate": false,
    "count": 0,
    "lang": "en",
    "updated": 0
  },
  {
    "id": "db6461ab-04de-449e-bb17-016c11752c8f",
    "data": [
      {
        "text": "What is the next proccess after pay and submit",
        "userDefined": false
      }
    ],
    "isTemplate": false,
    "count": 0,
    "lang": "en",
    "updated": 0
  },
  {
    "id": "f2da70f0-dfdf-41e1-98e9-87ac37343784",
    "data": [
      {
        "text": "Tell me the action that I have to take after submitting the payment",
        "userDefined": false
      }
    ],
    "isTemplate": false,
    "count": 0,
    "lang": "en",
    "updated": 0
  },
  {
    "id": "fbcde3bd-7b7a-4c3c-b88d-a5c0e25ce235",
    "data": [
      {
        "text": "What action do i have to take after the payment",
        "userDefined": false
      }
    ],
    "isTemplate": false,
    "count": 0,
    "lang": "en",
    "updated": 0
  },
  {
    "id": "86f77c3a-a555-49b8-bfdd-046005ebf811",
    "data": [
      {
        "text": "Let me know the steps after I submit the pay",
        "userDefined": false
      }
    ],
    "isTemplate": false,
    "count": 0,
    "lang": "en",
    "updated": 0
  },
  {
    "id": "0d8034d3-080f-49a2-b750-8fe3e3426249",
    "data": [
      {
        "text": "Tell me the next step after  payment",
        "userDefined": false
      }
    ],
    "isTemplate": false,
    "count": 0,
    "lang": "en",
    "updated": 0
  },
  {
    "id": "ffda8d9d-ad05-45bc-b3f7-65b094fb43b8",
    "data": [
      {
        "text": "What action I need to take after submitting",
        "userDefined": false
      }
    ],
    "isTemplate": false,
    "count": 0,
    "lang": "en",
    "updated": 0
  },
  {
    "id": "ff887c93-2f03-4ef3-a061-640fb180aa34",
    "data": [
      {
        "text": "What is the next procedure after I paid",
        "userDefined": false
      }
    ],
    "isTemplate": false,
    "count": 0,
    "lang": "en",
    "updated": 0
  },
  {
    "id": "05f61d48-ec6c-4611-a702-da6d9b788ce9",
    "data": [
      {
        "text": "What are the next steps after I submit?",
        "userDefined": false
      }
    ],
    "isTemplate": false,
    "count": 0,
    "lang": "en",
    "updated": 0
  },
  {
    "id": "cd980d77-eda8-4ec9-a0f7-5e8b5af9923e",
    "data": [
      {
        "text": "What should I do after I submit",
        "userDefined": false
      }
    ],
    "isTemplate": false,
    "count": 0,
    "lang": "en",
    "updated": 0
  },
  {
    "id": "c84825dd-dc9a-4ba5-9a79-fc6861555179",
    "data": [
      {
        "text": "Further process after pay and submit",
        "userDefined": false
      }
    ],
    "isTemplate": false,
    "count": 0,
    "lang": "en",
    "updated": 0
  },
  {
    "id": "1300d92e-33a2-4c94-a78d-0d5cef2036b2",
    "data": [
      {
        "text": "What should be the next step to do after pay and submit",
        "userDefined": false
      }
    ],
    "isTemplate": false,
    "count": 0,
    "lang": "en",
    "updated": 0
  },
  {
    "id": "ece93d76-fd48-4eef-ba2f-9a44bc6bcd0e",
    "data": [
      {
        "text": "Steps after pay and submit",
        "userDefined": false
      }
    ],
    "isTemplate": false,
    "count": 0,
    "lang": "en",
    "updated": 0
  },
  {
    "id": "60443f17-dc16-4140-8989-bf6a19b65aca",
    "data": [
      {
        "text": "What is the next step after I submit and ",
        "userDefined": false
      },
      {
        "text": "pay",
        "userDefined": false
      }
    ],
    "isTemplate": false,
    "count": 0,
    "lang": "en",
    "updated": 0
  }
]