[
  {
    "id": "907cccab-329d-426b-803b-7c976925bb46",
    "data": [
      {
        "text": "I\u0027m just confused because it asks for the employment info but I\u0027m not being offered a job until I obtain the card",
        "userDefined": false
      }
    ],
    "isTemplate": false,
    "count": 0,
    "lang": "en",
    "updated": 0
  },
  {
    "id": "99bd9e26-f3ae-44a7-a10f-28def4d1de37",
    "data": [
      {
        "text": "Do I skip the employment information since I am not yet hired?",
        "userDefined": false
      }
    ],
    "isTemplate": false,
    "count": 0,
    "lang": "en",
    "updated": 0
  },
  {
    "id": "69493041-6492-4348-a203-1722cb993793",
    "data": [
      {
        "text": "do I need to have an employer for the fingerprint card?",
        "userDefined": false
      }
    ],
    "isTemplate": false,
    "count": 0,
    "lang": "en",
    "updated": 0
  },
  {
    "id": "59f79aca-60df-419d-b782-34b4b352fd16",
    "data": [
      {
        "text": "if I haven\u0027t been hired yet, do I still need to note the place of employment in the employment section of the application?",
        "userDefined": false
      }
    ],
    "isTemplate": false,
    "count": 0,
    "lang": "en",
    "updated": 0
  },
  {
    "id": "18920aad-fd94-47be-ae3b-8bd2202c74c0",
    "data": [
      {
        "text": "Do I need an employment offer before obtaining fingerprints",
        "userDefined": false
      }
    ],
    "isTemplate": false,
    "count": 0,
    "lang": "en",
    "updated": 0
  },
  {
    "id": "ed1e3891-b7c2-4b1d-8d92-5bdbeccd1c97",
    "data": [
      {
        "text": "I don\u0027t have a job but want a fingerprint clearance card",
        "userDefined": false
      }
    ],
    "isTemplate": false,
    "count": 0,
    "lang": "en",
    "updated": 0
  },
  {
    "id": "5626f735-53f6-4e3e-9417-437f6e9dae90",
    "data": [
      {
        "text": "do i need a job 1st",
        "userDefined": false
      }
    ],
    "isTemplate": false,
    "count": 0,
    "lang": "en",
    "updated": 0
  },
  {
    "id": "8ab267f0-0bcf-4a99-ac13-c0916fd5da26",
    "data": [
      {
        "text": "not employed yet",
        "userDefined": false
      }
    ],
    "isTemplate": false,
    "count": 0,
    "lang": "en",
    "updated": 0
  },
  {
    "id": "da8a3fdd-0f61-46d7-ac72-012f7a45769f",
    "data": [
      {
        "text": "Do you put your current jobs information",
        "userDefined": false
      }
    ],
    "isTemplate": false,
    "count": 0,
    "lang": "en",
    "updated": 0
  },
  {
    "id": "b2028cf0-6dba-4f83-b3d0-bbfc70bdabc9",
    "data": [
      {
        "text": "Do you put your current employers information",
        "userDefined": false
      }
    ],
    "isTemplate": false,
    "count": 0,
    "lang": "en",
    "updated": 0
  },
  {
    "id": "7599f4d7-e706-4ffe-a47e-bc8d96c65a8a",
    "data": [
      {
        "text": "no agency or employer.",
        "userDefined": false
      }
    ],
    "isTemplate": false,
    "count": 0,
    "lang": "en",
    "updated": 0
  },
  {
    "id": "b1c42ed6-a10f-4bf9-953d-a8a3ad0b01f3",
    "data": [
      {
        "text": "I don\u0027t have an employer",
        "userDefined": false
      }
    ],
    "isTemplate": false,
    "count": 0,
    "lang": "en",
    "updated": 0
  },
  {
    "id": "62908e3f-5f35-4e6d-afa6-19c38ba16201",
    "data": [
      {
        "text": "unable to complete it because i dont have employer",
        "userDefined": false
      }
    ],
    "isTemplate": false,
    "count": 0,
    "lang": "en",
    "updated": 0
  },
  {
    "id": "4d52850d-3bb3-47e8-8ad3-2c3a6bb84bec",
    "data": [
      {
        "text": "I\u0027m neither an employee or volunteer at this time because I have not been hired",
        "userDefined": false
      }
    ],
    "isTemplate": false,
    "count": 0,
    "lang": "en",
    "updated": 0
  },
  {
    "id": "11c9bbe0-d25e-4c98-825b-37cdde3c916f",
    "data": [
      {
        "text": "What if i do not have an employer",
        "userDefined": false
      }
    ],
    "isTemplate": false,
    "count": 0,
    "lang": "en",
    "updated": 0
  },
  {
    "id": "d875d3ab-14a9-4b50-9957-cb702b0d87ed",
    "data": [
      {
        "text": "I currently don\u0027t have an employer we are moving to Arizona and I am a teacher",
        "userDefined": false
      }
    ],
    "isTemplate": false,
    "count": 0,
    "lang": "en",
    "updated": 0
  },
  {
    "id": "2f06bcb8-33e7-48e2-b4ac-fc0d744953a9",
    "data": [
      {
        "text": "I need my finger print ",
        "userDefined": false
      },
      {
        "text": "clearance card",
        "meta": "@Fingerprint_Clearance_card",
        "alias": "fingerprint_clearance_card",
        "userDefined": false
      },
      {
        "text": " number",
        "userDefined": false
      }
    ],
    "isTemplate": false,
    "count": 0,
    "lang": "en",
    "updated": 0
  },
  {
    "id": "7fe745d5-ccb6-48a2-a127-66bee694e85f",
    "data": [
      {
        "text": "Do I have to have a job to get the ",
        "userDefined": false
      },
      {
        "text": "card",
        "meta": "@Card",
        "alias": "card",
        "userDefined": false
      }
    ],
    "isTemplate": false,
    "count": 0,
    "lang": "en",
    "updated": 0
  },
  {
    "id": "4bd2333b-5752-4d81-ae6a-dcde326bf6ff",
    "data": [
      {
        "text": "I am trying to get a clearance ",
        "userDefined": false
      },
      {
        "text": "card",
        "meta": "@Card",
        "alias": "card",
        "userDefined": false
      },
      {
        "text": " and have it in my possession for when I do find employment. So I do not have a company name. Can I get a ",
        "userDefined": false
      },
      {
        "text": "fingerprint card",
        "meta": "@Fingerprint_Clearance_card",
        "alias": "fingerprint_clearance_card",
        "userDefined": false
      },
      {
        "text": " without a company name?",
        "userDefined": false
      }
    ],
    "isTemplate": false,
    "count": 0,
    "lang": "en",
    "updated": 0
  },
  {
    "id": "c877d4a6-74ec-4b25-b4af-06c66ecec543",
    "data": [
      {
        "text": "I don\u0027t have a job. I am wanting to get the card to ",
        "userDefined": false
      },
      {
        "text": "apply",
        "userDefined": false
      },
      {
        "text": " for a job.",
        "userDefined": false
      }
    ],
    "isTemplate": false,
    "count": 0,
    "lang": "en",
    "updated": 0
  },
  {
    "id": "605ffb2b-a009-488d-88c3-a2af29733985",
    "data": [
      {
        "text": "it is asking for employer information and I\u0027m not employed yet",
        "userDefined": false
      }
    ],
    "isTemplate": false,
    "count": 0,
    "lang": "en",
    "updated": 0
  },
  {
    "id": "899f7f4a-884e-4671-9b56-678dd3f9a20a",
    "data": [
      {
        "text": "I am not employed yet but need my fingerprints done in order to do observations for my master in education.",
        "userDefined": false
      }
    ],
    "isTemplate": false,
    "count": 0,
    "lang": "en",
    "updated": 0
  },
  {
    "id": "f34a6d2b-c5af-4626-93eb-e0820da51aa7",
    "data": [
      {
        "text": "Finger print",
        "meta": "@Fingerprinted",
        "alias": "fingerprinted",
        "userDefined": false
      },
      {
        "text": " ",
        "userDefined": false
      },
      {
        "text": "card",
        "meta": "@Card",
        "alias": "card",
        "userDefined": false
      },
      {
        "text": " for unemployed",
        "userDefined": false
      }
    ],
    "isTemplate": false,
    "count": 0,
    "lang": "en",
    "updated": 0
  },
  {
    "id": "52feb0fc-6c4a-49be-8e85-ab7133af012f",
    "data": [
      {
        "text": "i am unemployed, where can i ",
        "userDefined": false
      },
      {
        "text": "get",
        "meta": "@Receive",
        "alias": "receive",
        "userDefined": false
      },
      {
        "text": " the ",
        "userDefined": false
      },
      {
        "text": "finger print",
        "meta": "@Fingerprinted",
        "alias": "fingerprinted",
        "userDefined": false
      },
      {
        "text": " ",
        "userDefined": false
      },
      {
        "text": "card",
        "meta": "@Card",
        "alias": "card",
        "userDefined": false
      }
    ],
    "isTemplate": false,
    "count": 0,
    "lang": "en",
    "updated": 0
  },
  {
    "id": "614cfab7-455f-442c-9d09-012a1059c4bf",
    "data": [
      {
        "text": "i want to ",
        "userDefined": false
      },
      {
        "text": "get",
        "meta": "@Receive",
        "alias": "receive",
        "userDefined": false
      },
      {
        "text": " ",
        "userDefined": false
      },
      {
        "text": "fingerprint card",
        "meta": "@Fingerprint_Clearance_card",
        "alias": "fingerprint_clearance_card",
        "userDefined": false
      }
    ],
    "isTemplate": false,
    "count": 0,
    "lang": "en",
    "updated": 0
  },
  {
    "id": "162a2435-19be-4411-9d31-0336e216343a",
    "data": [
      {
        "text": "How to ",
        "userDefined": false
      },
      {
        "text": "get",
        "meta": "@Receive",
        "alias": "receive",
        "userDefined": false
      },
      {
        "text": " ",
        "userDefined": false
      },
      {
        "text": "finger print",
        "meta": "@Fingerprinted",
        "alias": "fingerprinted",
        "userDefined": false
      },
      {
        "text": " ",
        "userDefined": false
      },
      {
        "text": "card",
        "meta": "@Card",
        "alias": "card",
        "userDefined": false
      }
    ],
    "isTemplate": false,
    "count": 0,
    "lang": "en",
    "updated": 0
  },
  {
    "id": "abd79fad-cfa2-43a4-87d0-b2f7003c1b1d",
    "data": [
      {
        "text": "How do I ",
        "userDefined": false
      },
      {
        "text": "get",
        "meta": "@Receive",
        "alias": "receive",
        "userDefined": false
      },
      {
        "text": " ",
        "userDefined": false
      },
      {
        "text": "fingerprint card",
        "meta": "@Fingerprint_Clearance_card",
        "alias": "fingerprint_clearance_card",
        "userDefined": false
      },
      {
        "text": "?",
        "userDefined": false
      }
    ],
    "isTemplate": false,
    "count": 0,
    "lang": "en",
    "updated": 0
  },
  {
    "id": "97211a11-534f-450d-9d90-ca7894f4b57c",
    "data": [
      {
        "text": "I need to ",
        "userDefined": false
      },
      {
        "text": "get",
        "meta": "@Receive",
        "alias": "receive",
        "userDefined": false
      },
      {
        "text": " ",
        "userDefined": false
      },
      {
        "text": "fingerprint card",
        "meta": "@Fingerprint_Clearance_card",
        "alias": "fingerprint_clearance_card",
        "userDefined": false
      }
    ],
    "isTemplate": false,
    "count": 0,
    "lang": "en",
    "updated": 0
  },
  {
    "id": "556fd223-b2f5-4034-b4d8-eed13ed316a5",
    "data": [
      {
        "text": "How do I ",
        "userDefined": false
      },
      {
        "text": "get",
        "meta": "@Receive",
        "alias": "receive",
        "userDefined": false
      },
      {
        "text": " ",
        "userDefined": false
      },
      {
        "text": "fingerprint card",
        "meta": "@Fingerprint_Clearance_card",
        "alias": "fingerprint_clearance_card",
        "userDefined": false
      },
      {
        "text": " If i\u0027m unemployed?",
        "userDefined": false
      }
    ],
    "isTemplate": false,
    "count": 0,
    "lang": "en",
    "updated": 0
  },
  {
    "id": "ce53921e-8551-4b30-a8e6-50b8608fea40",
    "data": [
      {
        "text": "I\u0027m unemployed now,How can I ",
        "userDefined": false
      },
      {
        "text": "get",
        "meta": "@Receive",
        "alias": "receive",
        "userDefined": false
      },
      {
        "text": " ",
        "userDefined": false
      },
      {
        "text": "fingerprint card",
        "meta": "@Fingerprint_Clearance_card",
        "alias": "fingerprint_clearance_card",
        "userDefined": false
      },
      {
        "text": "?",
        "userDefined": false
      }
    ],
    "isTemplate": false,
    "count": 0,
    "lang": "en",
    "updated": 0
  },
  {
    "id": "473494ac-c26c-42c9-90fa-604604ff1f75",
    "data": [
      {
        "text": "Unemployed need ",
        "userDefined": false
      },
      {
        "text": "fingerprint card",
        "meta": "@Fingerprint_Clearance_card",
        "alias": "fingerprint_clearance_card",
        "userDefined": false
      }
    ],
    "isTemplate": false,
    "count": 0,
    "lang": "en",
    "updated": 0
  },
  {
    "id": "75c70d4c-a54a-48d3-ad77-135025abfba5",
    "data": [
      {
        "text": "Help me to ",
        "userDefined": false
      },
      {
        "text": "get",
        "meta": "@Receive",
        "alias": "receive",
        "userDefined": false
      },
      {
        "text": " ",
        "userDefined": false
      },
      {
        "text": "fingerprint card",
        "meta": "@Fingerprint_Clearance_card",
        "alias": "fingerprint_clearance_card",
        "userDefined": false
      },
      {
        "text": " am unemployed",
        "userDefined": false
      }
    ],
    "isTemplate": false,
    "count": 0,
    "lang": "en",
    "updated": 0
  },
  {
    "id": "63558c13-6881-464b-8543-a60c5e7ec63a",
    "data": [
      {
        "text": "Can i ",
        "userDefined": false
      },
      {
        "text": "get",
        "meta": "@Receive",
        "alias": "receive",
        "userDefined": false
      },
      {
        "text": " ",
        "userDefined": false
      },
      {
        "text": "fingerprint card",
        "meta": "@Fingerprint_Clearance_card",
        "alias": "fingerprint_clearance_card",
        "userDefined": false
      },
      {
        "text": " am unemployed",
        "userDefined": false
      }
    ],
    "isTemplate": false,
    "count": 0,
    "lang": "en",
    "updated": 0
  },
  {
    "id": "18a440ee-679d-41c1-8e13-bce9cea29297",
    "data": [
      {
        "text": "Am unemployed how to ",
        "userDefined": false
      },
      {
        "text": "get",
        "meta": "@Receive",
        "alias": "receive",
        "userDefined": false
      },
      {
        "text": " a ",
        "userDefined": false
      },
      {
        "text": "fingerprint card",
        "meta": "@Fingerprint_Clearance_card",
        "alias": "fingerprint_clearance_card",
        "userDefined": false
      },
      {
        "text": "?",
        "userDefined": false
      }
    ],
    "isTemplate": false,
    "count": 0,
    "lang": "en",
    "updated": 0
  },
  {
    "id": "469109b1-b67d-40c2-a6a2-5b5975fa2c44",
    "data": [
      {
        "text": "Is this possible to ",
        "userDefined": false
      },
      {
        "text": "get",
        "meta": "@Receive",
        "alias": "receive",
        "userDefined": false
      },
      {
        "text": " ",
        "userDefined": false
      },
      {
        "text": "fingerprint card",
        "meta": "@Fingerprint_Clearance_card",
        "alias": "fingerprint_clearance_card",
        "userDefined": false
      },
      {
        "text": " if am unemployed?",
        "userDefined": false
      }
    ],
    "isTemplate": false,
    "count": 0,
    "lang": "en",
    "updated": 0
  },
  {
    "id": "e08dc201-aacd-4a0d-89c1-1fbe3c3b511c",
    "data": [
      {
        "text": "unemployed ",
        "userDefined": false
      },
      {
        "text": "fingerprint card",
        "meta": "@Fingerprint_Clearance_card",
        "alias": "fingerprint_clearance_card",
        "userDefined": false
      },
      {
        "text": " ",
        "userDefined": false
      },
      {
        "text": "application",
        "meta": "@Application",
        "alias": "application",
        "userDefined": false
      }
    ],
    "isTemplate": false,
    "count": 0,
    "lang": "en",
    "updated": 0
  },
  {
    "id": "cdf3c3a4-162f-4d60-95c2-6eb1a6b00465",
    "data": [
      {
        "text": "How does an unemployed ",
        "userDefined": false
      },
      {
        "text": "apply",
        "meta": "@Apply",
        "alias": "apply",
        "userDefined": false
      },
      {
        "text": " for ",
        "userDefined": false
      },
      {
        "text": "fingerprint card",
        "meta": "@Fingerprint_Clearance_card",
        "alias": "fingerprint_clearance_card",
        "userDefined": false
      }
    ],
    "isTemplate": false,
    "count": 0,
    "lang": "en",
    "updated": 0
  },
  {
    "id": "074a7dbe-94a4-4268-863b-662ca07c9ba0",
    "data": [
      {
        "text": "Am an unemployed wishing to ",
        "userDefined": false
      },
      {
        "text": "get",
        "meta": "@Receive",
        "alias": "receive",
        "userDefined": false
      },
      {
        "text": " a ",
        "userDefined": false
      },
      {
        "text": "fingerprint card",
        "meta": "@Fingerprint_Clearance_card",
        "alias": "fingerprint_clearance_card",
        "userDefined": false
      }
    ],
    "isTemplate": false,
    "count": 0,
    "lang": "en",
    "updated": 0
  },
  {
    "id": "cb6e8565-e191-4a82-b891-0100cf6ac9bb",
    "data": [
      {
        "text": "Can an unemployed ",
        "userDefined": false
      },
      {
        "text": "get",
        "meta": "@Receive",
        "alias": "receive",
        "userDefined": false
      },
      {
        "text": " ",
        "userDefined": false
      },
      {
        "text": "finger print",
        "meta": "@Fingerprinted",
        "alias": "fingerprinted",
        "userDefined": false
      },
      {
        "text": " ",
        "userDefined": false
      },
      {
        "text": "card",
        "meta": "@Card",
        "alias": "card",
        "userDefined": false
      }
    ],
    "isTemplate": false,
    "count": 0,
    "lang": "en",
    "updated": 0
  },
  {
    "id": "4ded83bf-4a2a-44f5-9cc6-06c90535a8d9",
    "data": [
      {
        "text": "unemployed ",
        "userDefined": false
      },
      {
        "text": "finger print",
        "meta": "@Fingerprinted",
        "alias": "fingerprinted",
        "userDefined": false
      },
      {
        "text": " ",
        "userDefined": false
      },
      {
        "text": "cards",
        "meta": "@Card",
        "alias": "card",
        "userDefined": false
      }
    ],
    "isTemplate": false,
    "count": 0,
    "lang": "en",
    "updated": 0
  },
  {
    "id": "cec25608-c1a1-4e83-b1ed-0c3b902308d1",
    "data": [
      {
        "text": "fingerprint cards",
        "meta": "@Fingerprint_Clearance_card",
        "alias": "fingerprint_clearance_card",
        "userDefined": false
      },
      {
        "text": " for the unemployed",
        "userDefined": false
      }
    ],
    "isTemplate": false,
    "count": 0,
    "lang": "en",
    "updated": 0
  },
  {
    "id": "aa6d32a8-f024-4220-91a6-ba56f07fdfd0",
    "data": [
      {
        "text": "how to ",
        "userDefined": false
      },
      {
        "text": "get",
        "meta": "@Receive",
        "alias": "receive",
        "userDefined": false
      },
      {
        "text": " ",
        "userDefined": false
      },
      {
        "text": "fingerprint card",
        "meta": "@Fingerprint_Clearance_card",
        "alias": "fingerprint_clearance_card",
        "userDefined": false
      },
      {
        "text": " for unemployed",
        "userDefined": false
      }
    ],
    "isTemplate": false,
    "count": 0,
    "lang": "en",
    "updated": 0
  },
  {
    "id": "0f117fac-a317-47f4-aaaf-4144baa19e57",
    "data": [
      {
        "text": "need my unemployed ",
        "userDefined": false
      },
      {
        "text": "fingerprint card",
        "meta": "@Fingerprint_Clearance_card",
        "alias": "fingerprint_clearance_card",
        "userDefined": false
      }
    ],
    "isTemplate": false,
    "count": 0,
    "lang": "en",
    "updated": 0
  },
  {
    "id": "255b0011-2c0a-42f7-a00f-924fa140a69a",
    "data": [
      {
        "text": "Can I ",
        "userDefined": false
      },
      {
        "text": "get",
        "meta": "@Receive",
        "alias": "receive",
        "userDefined": false
      },
      {
        "text": " ",
        "userDefined": false
      },
      {
        "text": "fingerprint card",
        "meta": "@Fingerprint_Clearance_card",
        "alias": "fingerprint_clearance_card",
        "userDefined": false
      },
      {
        "text": " if I am unemployed?",
        "userDefined": false
      }
    ],
    "isTemplate": false,
    "count": 0,
    "lang": "en",
    "updated": 0
  },
  {
    "id": "34fb88c3-6f89-429c-9f52-98fd0352291e",
    "data": [
      {
        "text": "I am unemployed. How can I ",
        "userDefined": false
      },
      {
        "text": "apply",
        "meta": "@Apply",
        "alias": "apply",
        "userDefined": false
      },
      {
        "text": " for FCC?",
        "userDefined": false
      }
    ],
    "isTemplate": false,
    "count": 0,
    "lang": "en",
    "updated": 0
  },
  {
    "id": "9a1650e1-8b64-442e-8901-23d2d41a9253",
    "data": [
      {
        "text": "Can someone ",
        "userDefined": false
      },
      {
        "text": "apply",
        "meta": "@Apply",
        "alias": "apply",
        "userDefined": false
      },
      {
        "text": " for ",
        "userDefined": false
      },
      {
        "text": "fingerprint card",
        "meta": "@Fingerprint_Clearance_card",
        "alias": "fingerprint_clearance_card",
        "userDefined": false
      },
      {
        "text": " when he/she is employed?",
        "userDefined": false
      }
    ],
    "isTemplate": false,
    "count": 0,
    "lang": "en",
    "updated": 0
  },
  {
    "id": "985c28b1-13a2-4a41-848c-1dc6ea756a87",
    "data": [
      {
        "text": "Help me in ",
        "userDefined": false
      },
      {
        "text": "getting",
        "meta": "@Receive",
        "alias": "receive",
        "userDefined": false
      },
      {
        "text": " a ",
        "userDefined": false
      },
      {
        "text": "fingerprint card",
        "meta": "@Fingerprint_Clearance_card",
        "alias": "fingerprint_clearance_card",
        "userDefined": false
      }
    ],
    "isTemplate": false,
    "count": 0,
    "lang": "en",
    "updated": 0
  },
  {
    "id": "fab1c2f2-3d8e-4ce5-b90e-2e9d26e44ba7",
    "data": [
      {
        "text": "i need a ",
        "userDefined": false
      },
      {
        "text": "fingerprint card",
        "meta": "@Fingerprint_Clearance_card",
        "alias": "fingerprint_clearance_card",
        "userDefined": false
      },
      {
        "text": " as I am unemployed",
        "userDefined": false
      }
    ],
    "isTemplate": false,
    "count": 0,
    "lang": "en",
    "updated": 0
  },
  {
    "id": "011eeea1-e2c0-4780-9868-a31fac772289",
    "data": [
      {
        "text": "How to ",
        "userDefined": false
      },
      {
        "text": "get",
        "meta": "@Receive",
        "alias": "receive",
        "userDefined": false
      },
      {
        "text": " ",
        "userDefined": false
      },
      {
        "text": "fingerprint card",
        "meta": "@Fingerprint_Clearance_card",
        "alias": "fingerprint_clearance_card",
        "userDefined": false
      },
      {
        "text": "?",
        "userDefined": false
      }
    ],
    "isTemplate": false,
    "count": 0,
    "lang": "en",
    "updated": 0
  },
  {
    "id": "d7d0c69c-ecef-42fd-863b-d9f4b20397a2",
    "data": [
      {
        "text": "Can I ",
        "userDefined": false
      },
      {
        "text": "get",
        "meta": "@Receive",
        "alias": "receive",
        "userDefined": false
      },
      {
        "text": " ",
        "userDefined": false
      },
      {
        "text": "fingerprint clearance card",
        "meta": "@Fingerprint_Clearance_card",
        "alias": "fingerprint_clearance_card",
        "userDefined": false
      },
      {
        "text": " if I am unemployed?",
        "userDefined": false
      }
    ],
    "isTemplate": false,
    "count": 0,
    "lang": "en",
    "updated": 0
  },
  {
    "id": "472622b3-82c5-4c7b-a144-36321f314a04",
    "data": [
      {
        "text": "Who can ",
        "userDefined": false
      },
      {
        "text": "apply",
        "meta": "@Apply",
        "alias": "apply",
        "userDefined": false
      },
      {
        "text": " for ",
        "userDefined": false
      },
      {
        "text": "fingerprint clearance card",
        "meta": "@Fingerprint_Clearance_card",
        "alias": "fingerprint_clearance_card",
        "userDefined": false
      },
      {
        "text": "?",
        "userDefined": false
      }
    ],
    "isTemplate": false,
    "count": 0,
    "lang": "en",
    "updated": 0
  },
  {
    "id": "a9af2a4d-bbc0-4321-9a54-406d1aefb066",
    "data": [
      {
        "text": "Only employers can ",
        "userDefined": false
      },
      {
        "text": "apply",
        "meta": "@Apply",
        "alias": "apply",
        "userDefined": false
      },
      {
        "text": " for ",
        "userDefined": false
      },
      {
        "text": "fingerprint clearance card",
        "meta": "@Fingerprint_Clearance_card",
        "alias": "fingerprint_clearance_card",
        "userDefined": false
      },
      {
        "text": "?",
        "userDefined": false
      }
    ],
    "isTemplate": false,
    "count": 0,
    "lang": "en",
    "updated": 0
  },
  {
    "id": "97d22a50-09c3-43d8-a5f5-55bcc87c8d82",
    "data": [
      {
        "text": "Do I need to be employed to ",
        "userDefined": false
      },
      {
        "text": "apply",
        "meta": "@Apply",
        "alias": "apply",
        "userDefined": false
      },
      {
        "text": " for FCC?",
        "userDefined": false
      }
    ],
    "isTemplate": false,
    "count": 0,
    "lang": "en",
    "updated": 0
  },
  {
    "id": "8e16ad7b-d2db-47e3-8aed-a9362247dc65",
    "data": [
      {
        "text": "Need FCC, I\u0027m unemployed",
        "userDefined": false
      }
    ],
    "isTemplate": false,
    "count": 0,
    "lang": "en",
    "updated": 0
  },
  {
    "id": "b0d0458a-1d43-4b96-ae5a-abc32323e96a",
    "data": [
      {
        "text": "Is it mandatory to be employed to ",
        "userDefined": false
      },
      {
        "text": "get",
        "meta": "@Receive",
        "alias": "receive",
        "userDefined": false
      },
      {
        "text": " an FCC",
        "userDefined": false
      }
    ],
    "isTemplate": false,
    "count": 0,
    "lang": "en",
    "updated": 0
  },
  {
    "id": "7707f75e-dbd2-4989-88e9-b8eb82050eb3",
    "data": [
      {
        "text": "Can I ",
        "userDefined": false
      },
      {
        "text": "get",
        "meta": "@Receive",
        "alias": "receive",
        "userDefined": false
      },
      {
        "text": " a ",
        "userDefined": false
      },
      {
        "text": "fingerprint clearance card",
        "meta": "@Fingerprint_Clearance_card",
        "alias": "fingerprint_clearance_card",
        "userDefined": false
      },
      {
        "text": " if I\u0027m unemployed",
        "userDefined": false
      }
    ],
    "isTemplate": false,
    "count": 0,
    "lang": "en",
    "updated": 0
  },
  {
    "id": "e07390f2-d3cc-4420-ad40-d61dbb2c3057",
    "data": [
      {
        "text": "unemployed how do I ",
        "userDefined": false
      },
      {
        "text": "get",
        "meta": "@Receive",
        "alias": "receive",
        "userDefined": false
      },
      {
        "text": " ",
        "userDefined": false
      },
      {
        "text": "fingerprint card",
        "meta": "@Fingerprint_Clearance_card",
        "alias": "fingerprint_clearance_card",
        "userDefined": false
      },
      {
        "text": "?",
        "userDefined": false
      }
    ],
    "isTemplate": false,
    "count": 0,
    "lang": "en",
    "updated": 0
  }
]