[
  {
    "id": "9fb8db96-3e49-43e6-9a90-85393cb46dee",
    "data": [
      {
        "text": "I have been fingerprinted for school personnel and for my Church in the past. Do you still have those fingerprints on record",
        "userDefined": false
      }
    ],
    "isTemplate": false,
    "count": 0,
    "lang": "en",
    "updated": 0
  },
  {
    "id": "41713b2b-cc03-49ba-8367-f43b2be28078",
    "data": [
      {
        "text": "I am needing a copy of my fingerprint clearance card- I believe it is still valid. How do I check this?",
        "userDefined": false
      }
    ],
    "isTemplate": false,
    "count": 0,
    "lang": "en",
    "updated": 0
  },
  {
    "id": "b2d9d587-f713-44a3-a3c6-32940faa7d03",
    "data": [
      {
        "text": "I had my fingerprints taken over ",
        "userDefined": false
      },
      {
        "text": "20 years ago",
        "meta": "@sys.date-time",
        "alias": "date-time",
        "userDefined": false
      },
      {
        "text": " by Dept of Insurance. Do I need them renewed or are they still on record?",
        "userDefined": false
      }
    ],
    "isTemplate": false,
    "count": 0,
    "lang": "en",
    "updated": 0
  },
  {
    "id": "57052495-f857-4c21-bf69-eaea56dd40c9",
    "data": [
      {
        "text": "how long are fingerprint clearance card good for",
        "userDefined": false
      }
    ],
    "isTemplate": false,
    "count": 0,
    "lang": "en",
    "updated": 0
  },
  {
    "id": "f418e417-0d6b-43de-a793-b1fd5f497adf",
    "data": [
      {
        "text": "Hi, I lost my card and need to know if it is still valid",
        "userDefined": false
      }
    ],
    "isTemplate": false,
    "count": 0,
    "lang": "en",
    "updated": 0
  },
  {
    "id": "d030b63b-821a-4a24-9625-e7ba5149f8b3",
    "data": [
      {
        "text": "I am trying to find out if I have a valid card",
        "userDefined": false
      }
    ],
    "isTemplate": false,
    "count": 0,
    "lang": "en",
    "updated": 0
  },
  {
    "id": "d243186a-a844-4a50-977e-902e9e6c8539",
    "data": [
      {
        "text": "I am not sure if my card is still active. I can not find it.",
        "userDefined": false
      }
    ],
    "isTemplate": false,
    "count": 0,
    "lang": "en",
    "updated": 0
  },
  {
    "id": "6cb0fa0e-b9ca-4321-9ae9-a239ff7c90f7",
    "data": [
      {
        "text": "do I need to apply again then if its been more than 6 years",
        "userDefined": false
      }
    ],
    "isTemplate": false,
    "count": 0,
    "lang": "en",
    "updated": 0
  },
  {
    "id": "f0c17b2b-6e93-4e59-b65d-0c3f4730d61c",
    "data": [
      {
        "text": "MY employer and I check daily it states valid but expire since 2016????",
        "userDefined": false
      }
    ],
    "isTemplate": false,
    "count": 0,
    "lang": "en",
    "updated": 0
  },
  {
    "id": "a86b433a-c79f-4ab6-ab41-fd23766b62ac",
    "data": [
      {
        "text": "I need to check to see if my card has expired",
        "userDefined": false
      }
    ],
    "isTemplate": false,
    "count": 0,
    "lang": "en",
    "updated": 0
  },
  {
    "id": "592ba272-2d8c-496b-b3df-d5ddacbb3efe",
    "data": [
      {
        "text": "How do I check if I have a valid finger print card",
        "userDefined": false
      }
    ],
    "isTemplate": false,
    "count": 0,
    "lang": "en",
    "updated": 0
  },
  {
    "id": "1fc28a92-ebfd-4ee6-b7a8-4e6e188d99f1",
    "data": [
      {
        "text": "I have had my fingerprint clearance card since July 0f 2015.",
        "userDefined": false
      }
    ],
    "isTemplate": false,
    "count": 0,
    "lang": "en",
    "updated": 0
  },
  {
    "id": "fc80773a-d31b-412c-8b02-c2126c62bcfd",
    "data": [
      {
        "text": "Am I able to have a tracking number",
        "userDefined": false
      }
    ],
    "isTemplate": false,
    "count": 0,
    "lang": "en",
    "updated": 0
  },
  {
    "id": "8d1f2373-66ba-47c5-9932-f6d9a47336fb",
    "data": [
      {
        "text": "Is my finger print card valid card number is 2A01249996",
        "userDefined": false
      }
    ],
    "isTemplate": false,
    "count": 0,
    "lang": "en",
    "updated": 0
  },
  {
    "id": "0d2c3863-0400-4b1a-aee6-094103018724",
    "data": [
      {
        "text": "I do not know what my number is and never applied on the portal what should I do",
        "userDefined": false
      }
    ],
    "isTemplate": false,
    "count": 0,
    "lang": "en",
    "updated": 0
  },
  {
    "id": "d154d491-de04-4c7b-a08e-8c52d56af2d7",
    "data": [
      {
        "text": "Where can I get the agency license number?",
        "userDefined": false
      }
    ],
    "isTemplate": false,
    "count": 0,
    "lang": "en",
    "updated": 0
  },
  {
    "id": "95585039-777e-4205-b960-268304442938",
    "data": [
      {
        "text": "Why isn\u0027t my card valid anymore",
        "userDefined": false
      }
    ],
    "isTemplate": false,
    "count": 0,
    "lang": "en",
    "updated": 0
  },
  {
    "id": "1936bdb8-b795-42d9-9c13-5c2155696210",
    "data": [
      {
        "text": "Hi, how long does a clearance card good for",
        "userDefined": false
      }
    ],
    "isTemplate": false,
    "count": 1,
    "lang": "en",
    "updated": 0
  },
  {
    "id": "ad0f5770-754a-480e-916b-64008773cf25",
    "data": [
      {
        "text": "Can I use the same fingerprint card from ",
        "userDefined": false
      },
      {
        "text": "18 months ago",
        "meta": "@sys.date-period",
        "alias": "date-period",
        "userDefined": false
      }
    ],
    "isTemplate": false,
    "count": 0,
    "lang": "en",
    "updated": 0
  },
  {
    "id": "a10f6cd0-ab91-495c-86cd-a657a6cae74b",
    "data": [
      {
        "text": "How can I see if my card is expired without card number",
        "userDefined": false
      }
    ],
    "isTemplate": false,
    "count": 0,
    "lang": "en",
    "updated": 0
  },
  {
    "id": "8a64da79-c27a-40aa-967f-583dd28d2922",
    "data": [
      {
        "text": "If I had a fingerprint clearance card years ago do I still need to get another one?",
        "userDefined": false
      }
    ],
    "isTemplate": false,
    "count": 0,
    "lang": "en",
    "updated": 0
  },
  {
    "id": "9f2661c2-e861-4123-9ef0-b59c48e7f820",
    "data": [
      {
        "text": "I don\u0027t know my number",
        "userDefined": false
      }
    ],
    "isTemplate": false,
    "count": 0,
    "lang": "en",
    "updated": 0
  },
  {
    "id": "a1a5421d-5a35-4349-811b-a4f2d2e362fe",
    "data": [
      {
        "text": "How can I find my application number to check my status?",
        "userDefined": false
      }
    ],
    "isTemplate": false,
    "count": 0,
    "lang": "en",
    "updated": 0
  },
  {
    "id": "f22e1908-1143-4c93-a398-bc43b1bdbfaf",
    "data": [
      {
        "text": "I don\u0027t have any offenses against. Just need to know if there is a way to see if my card is still valid",
        "userDefined": false
      }
    ],
    "isTemplate": false,
    "count": 0,
    "lang": "en",
    "updated": 0
  },
  {
    "id": "96ea0891-079e-4863-8b20-a08caf1ffe97",
    "data": [
      {
        "text": "I need to figure out if my card is still active and if so I need a copy",
        "userDefined": false
      }
    ],
    "isTemplate": false,
    "count": 0,
    "lang": "en",
    "updated": 0
  },
  {
    "id": "1ec2b75b-371c-40c6-a834-e49c405dfda0",
    "data": [
      {
        "text": "I had my fingerprints done in 2016. I was never given a copy. How do I know if it\u0027s expired and how do I get a copy?",
        "userDefined": false
      }
    ],
    "isTemplate": false,
    "count": 0,
    "lang": "en",
    "updated": 0
  },
  {
    "id": "0c90eade-56e7-467f-9e7d-64cf805fa58d",
    "data": [
      {
        "text": "I was told my DPS Finger Print Clearance number was expired",
        "userDefined": false
      }
    ],
    "isTemplate": false,
    "count": 0,
    "lang": "en",
    "updated": 0
  },
  {
    "id": "5f772531-7f24-4b88-b8c7-9529898d585b",
    "data": [
      {
        "text": "is my clearance card still valid?",
        "userDefined": false
      }
    ],
    "isTemplate": false,
    "count": 0,
    "lang": "en",
    "updated": 0
  },
  {
    "id": "cb265da9-15f1-446a-b75c-71742cebc3fa",
    "data": [
      {
        "text": "I need to know if my fingerprint card is expired",
        "userDefined": false
      }
    ],
    "isTemplate": false,
    "count": 0,
    "lang": "en",
    "updated": 0
  },
  {
    "id": "8d18ed76-415b-4676-981e-6653c5bf4b51",
    "data": [
      {
        "text": "I\u0027m trying to see if my card has expired, not sure of number.",
        "userDefined": false
      }
    ],
    "isTemplate": false,
    "count": 0,
    "lang": "en",
    "updated": 0
  },
  {
    "id": "aa6f83ec-15e5-4157-8eb4-3e1fad26a83f",
    "data": [
      {
        "text": "Is my fingerprint card still active",
        "userDefined": false
      }
    ],
    "isTemplate": false,
    "count": 0,
    "lang": "en",
    "updated": 0
  },
  {
    "id": "a274115c-3bdc-4d68-9a99-0542d6229c4e",
    "data": [
      {
        "text": "How to find out how long is the clearance card good for",
        "userDefined": false
      }
    ],
    "isTemplate": false,
    "count": 0,
    "lang": "en",
    "updated": 0
  },
  {
    "id": "e2f7622c-e107-462a-a696-beac7d0384a6",
    "data": [
      {
        "text": "how can I find out if my card is expired? I lost my card",
        "userDefined": false
      }
    ],
    "isTemplate": false,
    "count": 0,
    "lang": "en",
    "updated": 0
  },
  {
    "id": "be8b7e3e-358b-4f80-a04a-8f47fb5ee6b1",
    "data": [
      {
        "text": "How do I find out if my fingerprint clearance card is active",
        "userDefined": false
      }
    ],
    "isTemplate": false,
    "count": 0,
    "lang": "en",
    "updated": 0
  },
  {
    "id": "7ad74883-6b39-413c-868e-64e30f4d9ac1",
    "data": [
      {
        "text": "verifying a fingerprint clearance card - says valid - but seems to have expired",
        "userDefined": false
      }
    ],
    "isTemplate": false,
    "count": 0,
    "lang": "en",
    "updated": 0
  },
  {
    "id": "aa66b64f-fc1a-4661-9037-ce9a0e216bdb",
    "data": [
      {
        "text": "Hello, how can I see if my fingerprint ID card is still active?",
        "userDefined": false
      }
    ],
    "isTemplate": false,
    "count": 0,
    "lang": "en",
    "updated": 0
  },
  {
    "id": "a06d6c38-623d-4a8d-8792-dd000f59939e",
    "data": [
      {
        "text": "Hello I had a finger clearance card back in 2012 and I want to know if I need to re-new or apply for a new one. Can you help me?",
        "userDefined": false
      }
    ],
    "isTemplate": false,
    "count": 0,
    "lang": "en",
    "updated": 0
  },
  {
    "id": "dbb55ef5-c00e-4d58-af3e-4d7745d24872",
    "data": [
      {
        "text": "Hello, is there anyway see if I still have an active fingerprint clearance card?",
        "userDefined": false
      }
    ],
    "isTemplate": false,
    "count": 0,
    "lang": "en",
    "updated": 0
  },
  {
    "id": "e77eab1f-8ddc-459a-a7c1-db405fecc995",
    "data": [
      {
        "text": "if it is already expired do i have to reapply?",
        "userDefined": false
      }
    ],
    "isTemplate": false,
    "count": 0,
    "lang": "en",
    "updated": 0
  },
  {
    "id": "1e6637ff-ffad-409c-8e7e-edf60341a729",
    "data": [
      {
        "text": "hello, i wanted to check if my fingerprint clearance card is still valid (not expired)",
        "userDefined": false
      }
    ],
    "isTemplate": false,
    "count": 0,
    "lang": "en",
    "updated": 0
  },
  {
    "id": "705a8f64-07be-438c-bd51-df9c90c99efa",
    "data": [
      {
        "text": "when does my card ",
        "userDefined": false
      },
      {
        "text": "expire",
        "meta": "@until",
        "alias": "until",
        "userDefined": false
      }
    ],
    "isTemplate": false,
    "count": 0,
    "lang": "en",
    "updated": 0
  },
  {
    "id": "c6817eaa-8e29-42b3-aa7e-661be1cf66a2",
    "data": [
      {
        "text": "is my fingerprint clearance still valid",
        "userDefined": false
      }
    ],
    "isTemplate": false,
    "count": 0,
    "lang": "en",
    "updated": 0
  },
  {
    "id": "37c5b3ee-4721-4369-be36-94770a5ac7ab",
    "data": [
      {
        "text": "how do i find out if my FCC is still valid",
        "userDefined": false
      }
    ],
    "isTemplate": false,
    "count": 0,
    "lang": "en",
    "updated": 0
  },
  {
    "id": "4358282a-2ea8-4ea9-b412-d27104d2d8c7",
    "data": [
      {
        "text": "What if I already ordered it and now I can\u0027t see it?",
        "userDefined": false
      }
    ],
    "isTemplate": false,
    "count": 0,
    "lang": "en",
    "updated": 0
  },
  {
    "id": "fe04438c-ebdd-4012-8f61-0e5669b28611",
    "data": [
      {
        "text": "Is my card still active",
        "userDefined": false
      }
    ],
    "isTemplate": false,
    "count": 0,
    "lang": "en",
    "updated": 0
  },
  {
    "id": "192b2acc-c941-4fbc-a0c9-b04c9bf8bdc5",
    "data": [
      {
        "text": "I can\u0027t seem to find my fingerprint clearance card, how can I find out if it is still valid?",
        "userDefined": false
      }
    ],
    "isTemplate": false,
    "count": 0,
    "lang": "en",
    "updated": 0
  },
  {
    "id": "a5db194d-d9c0-490b-959d-fc2bd97a2c25",
    "data": [
      {
        "text": "clearance card number",
        "userDefined": false
      }
    ],
    "isTemplate": false,
    "count": 0,
    "lang": "en",
    "updated": 0
  },
  {
    "id": "f79223d7-85af-4e38-a101-c8fea83144bb",
    "data": [
      {
        "text": "They are asking for a card number.  I don\u0027t have that information.",
        "userDefined": false
      }
    ],
    "isTemplate": false,
    "count": 0,
    "lang": "en",
    "updated": 0
  },
  {
    "id": "4e149c38-25f9-47ca-8fc3-4dfd8334825f",
    "data": [
      {
        "text": "how long is a fingerprint clearance card valid?",
        "userDefined": false
      }
    ],
    "isTemplate": false,
    "count": 0,
    "lang": "en",
    "updated": 0
  },
  {
    "id": "f483d008-51ec-454f-816a-34743cd0a9b9",
    "data": [
      {
        "text": "I had applied for a fingerprint clearance card ",
        "userDefined": false
      },
      {
        "text": "several years ago",
        "meta": "@sys.date-time",
        "alias": "date-time",
        "userDefined": false
      },
      {
        "text": ". Are you able to verify if that is still valid? Or would I have to re-apply?",
        "userDefined": false
      }
    ],
    "isTemplate": false,
    "count": 0,
    "lang": "en",
    "updated": 0
  },
  {
    "id": "1e02c790-611b-4533-afc2-eefb85c74011",
    "data": [
      {
        "text": "How can I figure out if a persons fingerprint card is valid",
        "userDefined": false
      }
    ],
    "isTemplate": false,
    "count": 0,
    "lang": "en",
    "updated": 0
  },
  {
    "id": "598e5917-526e-4482-8ccc-ae92d0fd2504",
    "data": [
      {
        "text": "how long is a fingerprint clearance card good for",
        "userDefined": false
      }
    ],
    "isTemplate": false,
    "count": 0,
    "lang": "en",
    "updated": 0
  },
  {
    "id": "1c75061e-cda4-4e9b-b400-fea89d9846af",
    "data": [
      {
        "text": "Can we verify if a fingerprint clearance card is valid?",
        "userDefined": false
      }
    ],
    "isTemplate": false,
    "count": 0,
    "lang": "en",
    "updated": 0
  },
  {
    "id": "6e5f0b6c-5d30-4e12-b11c-d09ba672cb2c",
    "data": [
      {
        "text": "I registered for my for my fingerprint clernce card on ",
        "userDefined": false
      },
      {
        "text": "1/22/21",
        "meta": "@sys.date-time",
        "alias": "date-time",
        "userDefined": false
      },
      {
        "text": ". is it still valid?",
        "userDefined": false
      }
    ],
    "isTemplate": false,
    "count": 0,
    "lang": "en",
    "updated": 0
  },
  {
    "id": "bcbc6c1f-502a-404b-a7e3-e4ecc338047f",
    "data": [
      {
        "text": "if you had a card in the past do need a new one",
        "userDefined": false
      }
    ],
    "isTemplate": false,
    "count": 0,
    "lang": "en",
    "updated": 0
  },
  {
    "id": "a3e88a9b-6411-45d7-adbf-976e881f0d97",
    "data": [
      {
        "text": "I had my fingerprints taken on ",
        "userDefined": false
      },
      {
        "text": "10/19/2019",
        "userDefined": false
      },
      {
        "text": ". What is the ",
        "userDefined": false
      },
      {
        "text": "expiration",
        "userDefined": false
      },
      {
        "text": " time",
        "userDefined": false
      }
    ],
    "isTemplate": false,
    "count": 0,
    "lang": "en",
    "updated": 0
  },
  {
    "id": "777ae724-86eb-430f-bcd3-c6c1ddd7642a",
    "data": [
      {
        "text": "FCC ",
        "userDefined": false
      },
      {
        "text": "expiration",
        "meta": "@until",
        "alias": "until",
        "userDefined": false
      },
      {
        "text": " frequency",
        "userDefined": false
      }
    ],
    "isTemplate": false,
    "count": 0,
    "lang": "en",
    "updated": 0
  },
  {
    "id": "891373b3-21b7-40df-ba44-7743f9fbb354",
    "data": [
      {
        "text": "Card expiry frequency",
        "userDefined": false
      }
    ],
    "isTemplate": false,
    "count": 0,
    "lang": "en",
    "updated": 0
  },
  {
    "id": "1e8600f4-2462-4a7d-84f0-f395ae7c67a7",
    "data": [
      {
        "text": "Frequesncy of card ",
        "userDefined": false
      },
      {
        "text": "expiration",
        "meta": "@until",
        "alias": "until",
        "userDefined": false
      }
    ],
    "isTemplate": false,
    "count": 0,
    "lang": "en",
    "updated": 0
  },
  {
    "id": "e850396c-4c3a-4f84-802f-5ea74522308d",
    "data": [
      {
        "text": "Fingerprint clearance frequency",
        "userDefined": false
      }
    ],
    "isTemplate": false,
    "count": 0,
    "lang": "en",
    "updated": 0
  },
  {
    "id": "8dbe0be2-48c0-40b3-8545-d2a0ef6487f8",
    "data": [
      {
        "text": "FCC expiry duration",
        "userDefined": false
      }
    ],
    "isTemplate": false,
    "count": 0,
    "lang": "en",
    "updated": 0
  },
  {
    "id": "b8ad4ad6-f6a8-41b4-9b0e-96b2f3a2ca2d",
    "data": [
      {
        "text": "When will my fingerprint clearance ",
        "userDefined": false
      },
      {
        "text": "expire",
        "meta": "@until",
        "alias": "until",
        "userDefined": false
      }
    ],
    "isTemplate": false,
    "count": 0,
    "lang": "en",
    "updated": 0
  },
  {
    "id": "de089df6-9794-49d2-8637-ce4e290d7527",
    "data": [
      {
        "text": "information on FCC expiry date",
        "userDefined": false
      }
    ],
    "isTemplate": false,
    "count": 0,
    "lang": "en",
    "updated": 0
  },
  {
    "id": "5644f794-4414-41aa-ba12-5cb2ec90bdec",
    "data": [
      {
        "text": "will FCC ",
        "userDefined": false
      },
      {
        "text": "expire",
        "meta": "@until",
        "alias": "until",
        "userDefined": false
      },
      {
        "text": " soon",
        "userDefined": false
      }
    ],
    "isTemplate": false,
    "count": 0,
    "lang": "en",
    "updated": 0
  },
  {
    "id": "2e3d442c-5256-4700-9bb5-ab206797a41b",
    "data": [
      {
        "text": "Expiry date of FCC",
        "userDefined": false
      }
    ],
    "isTemplate": false,
    "count": 0,
    "lang": "en",
    "updated": 0
  },
  {
    "id": "26e4b003-ab38-4d73-b024-ae4d997eb3f1",
    "data": [
      {
        "text": "May i know about FCC expiry",
        "userDefined": false
      }
    ],
    "isTemplate": false,
    "count": 0,
    "lang": "en",
    "updated": 0
  },
  {
    "id": "c77c7649-6d94-4fdf-b7fd-18dadc0cbe55",
    "data": [
      {
        "text": "Need info on FCC expiry",
        "userDefined": false
      }
    ],
    "isTemplate": false,
    "count": 0,
    "lang": "en",
    "updated": 0
  },
  {
    "id": "e0e824a5-0ccb-4520-99c4-6264c6b18143",
    "data": [
      {
        "text": "Frequency of card expiry",
        "userDefined": false
      }
    ],
    "isTemplate": false,
    "count": 0,
    "lang": "en",
    "updated": 0
  },
  {
    "id": "b59474b5-dad1-427c-b17b-dc771a0e9034",
    "data": [
      {
        "text": "My card got ",
        "userDefined": false
      },
      {
        "text": "expired",
        "meta": "@until",
        "alias": "until",
        "userDefined": false
      }
    ],
    "isTemplate": false,
    "count": 0,
    "lang": "en",
    "updated": 0
  },
  {
    "id": "7a44a2c4-ca95-4ffc-9216-39c97850cba8",
    "data": [
      {
        "text": "Let me know the finger print expiry date",
        "userDefined": false
      }
    ],
    "isTemplate": false,
    "count": 0,
    "lang": "en",
    "updated": 0
  },
  {
    "id": "65c6b6ea-2d0c-40c3-a9ee-27257013bbd6",
    "data": [
      {
        "text": "What\u0027s my fingerpring expiry date",
        "userDefined": false
      }
    ],
    "isTemplate": false,
    "count": 0,
    "lang": "en",
    "updated": 0
  },
  {
    "id": "fc3bfce9-f8bf-40c3-9626-9b0bc97c6cbb",
    "data": [
      {
        "text": "My card got ",
        "userDefined": false
      },
      {
        "text": "expired",
        "meta": "@until",
        "alias": "until",
        "userDefined": false
      },
      {
        "text": ",what can I do",
        "userDefined": false
      }
    ],
    "isTemplate": false,
    "count": 0,
    "lang": "en",
    "updated": 0
  },
  {
    "id": "18dd382c-6d96-492e-83fe-53b9fe8cce2b",
    "data": [
      {
        "text": "Is the FCC permanent",
        "userDefined": false
      }
    ],
    "isTemplate": false,
    "count": 0,
    "lang": "en",
    "updated": 0
  },
  {
    "id": "418c1af9-ae0c-4dd1-8796-baad16be2101",
    "data": [
      {
        "text": "does my FCC ",
        "userDefined": false
      },
      {
        "text": "expire",
        "meta": "@until",
        "alias": "until",
        "userDefined": false
      }
    ],
    "isTemplate": false,
    "count": 0,
    "lang": "en",
    "updated": 0
  },
  {
    "id": "191e4d35-f66b-4f10-95f1-5cafa9389182",
    "data": [
      {
        "text": "what\u0027s the ",
        "userDefined": false
      },
      {
        "text": "expiration",
        "meta": "@until",
        "alias": "until",
        "userDefined": false
      },
      {
        "text": " date of fingerprint",
        "userDefined": false
      }
    ],
    "isTemplate": false,
    "count": 0,
    "lang": "en",
    "updated": 0
  },
  {
    "id": "f11da05e-76a9-404b-a36d-c677b7390990",
    "data": [
      {
        "text": "fingerprint expiry date",
        "userDefined": false
      }
    ],
    "isTemplate": false,
    "count": 0,
    "lang": "en",
    "updated": 0
  },
  {
    "id": "77072391-c491-4310-91d2-b7d7954f6086",
    "data": [
      {
        "text": "Do fingerprint clearance card ",
        "userDefined": false
      },
      {
        "text": "expire",
        "meta": "@until",
        "alias": "until",
        "userDefined": false
      }
    ],
    "isTemplate": false,
    "count": 0,
    "lang": "en",
    "updated": 0
  },
  {
    "id": "b0e2288e-0125-4039-871d-59e903df2f2d",
    "data": [
      {
        "text": "How long fingerprint clearance card will be active",
        "userDefined": false
      }
    ],
    "isTemplate": false,
    "count": 0,
    "lang": "en",
    "updated": 0
  },
  {
    "id": "fbeba2a4-7005-4e5e-b68b-40f0785e8d80",
    "data": [
      {
        "text": "FCC ",
        "userDefined": false
      },
      {
        "text": "expiration",
        "meta": "@until",
        "alias": "until",
        "userDefined": false
      },
      {
        "text": " period",
        "userDefined": false
      }
    ],
    "isTemplate": false,
    "count": 0,
    "lang": "en",
    "updated": 0
  },
  {
    "id": "5cb4d11d-c7ad-4460-82d6-b7dbb9e6dd85",
    "data": [
      {
        "text": "What is the limit for FCC to ",
        "userDefined": false
      },
      {
        "text": "expire",
        "meta": "@until",
        "alias": "until",
        "userDefined": false
      }
    ],
    "isTemplate": false,
    "count": 0,
    "lang": "en",
    "updated": 0
  },
  {
    "id": "dcc7f309-dbbe-44fc-ba5c-780282bf78cd",
    "data": [
      {
        "text": "How long the FCC is active",
        "userDefined": false
      }
    ],
    "isTemplate": false,
    "count": 0,
    "lang": "en",
    "updated": 0
  },
  {
    "id": "2e8308b4-a4c6-4e0e-b710-cd8d964fcbfd",
    "data": [
      {
        "text": "Frequency pf FCC expiry",
        "userDefined": false
      }
    ],
    "isTemplate": false,
    "count": 0,
    "lang": "en",
    "updated": 0
  },
  {
    "id": "4439dc7d-f81d-43b1-898b-30ee03dcdb8e",
    "data": [
      {
        "text": "When will the fingerprint clearance card ",
        "userDefined": false
      },
      {
        "text": "expire",
        "meta": "@until",
        "alias": "until",
        "userDefined": false
      }
    ],
    "isTemplate": false,
    "count": 0,
    "lang": "en",
    "updated": 0
  },
  {
    "id": "e7041037-98a1-493a-8ce0-a85e199b50b9",
    "data": [
      {
        "text": "What is the life of FCC",
        "userDefined": false
      }
    ],
    "isTemplate": false,
    "count": 0,
    "lang": "en",
    "updated": 0
  },
  {
    "id": "089dcbe4-efb3-4497-84d4-a7109d998c9d",
    "data": [
      {
        "text": "FCC ",
        "userDefined": false
      },
      {
        "text": "expiration",
        "meta": "@until",
        "alias": "until",
        "userDefined": false
      }
    ],
    "isTemplate": false,
    "count": 0,
    "lang": "en",
    "updated": 0
  },
  {
    "id": "6dbb9e45-fdf3-43fc-a456-1f829037a2ac",
    "data": [
      {
        "text": "What can I do If my FCC got ",
        "userDefined": false
      },
      {
        "text": "expired",
        "meta": "@until",
        "alias": "until",
        "userDefined": false
      }
    ],
    "isTemplate": false,
    "count": 0,
    "lang": "en",
    "updated": 0
  },
  {
    "id": "5144e491-c828-4724-87ac-636ac220f258",
    "data": [
      {
        "text": "Geeting",
        "userDefined": false
      },
      {
        "text": " frequent FCC expiry",
        "userDefined": false
      }
    ],
    "isTemplate": false,
    "count": 0,
    "lang": "en",
    "updated": 0
  },
  {
    "id": "4953d849-7bbd-4600-baea-3656ea262187",
    "data": [
      {
        "text": "When will FCC ",
        "userDefined": false
      },
      {
        "text": "expire",
        "meta": "@until",
        "alias": "until",
        "userDefined": false
      }
    ],
    "isTemplate": false,
    "count": 0,
    "lang": "en",
    "updated": 0
  },
  {
    "id": "f8ad2966-155d-44d0-834b-0d9d5dc0ec8b",
    "data": [
      {
        "text": "Expiration",
        "meta": "@until",
        "alias": "until",
        "userDefined": false
      },
      {
        "text": " of FCC",
        "userDefined": false
      }
    ],
    "isTemplate": false,
    "count": 0,
    "lang": "en",
    "updated": 0
  },
  {
    "id": "9a8528b2-dac6-4ea1-9108-3bf5995ce959",
    "data": [
      {
        "text": "Fingerprint Clearance Card expiry",
        "userDefined": false
      }
    ],
    "isTemplate": false,
    "count": 0,
    "lang": "en",
    "updated": 0
  },
  {
    "id": "f75da03b-0b5d-4518-9245-aad184e77f2d",
    "data": [
      {
        "text": "FCC expiry",
        "userDefined": false
      }
    ],
    "isTemplate": false,
    "count": 0,
    "lang": "en",
    "updated": 0
  },
  {
    "id": "b5bd8de7-38f3-4470-80f3-21a42759b425",
    "data": [
      {
        "text": "Fingerprint clearance expiry",
        "userDefined": false
      }
    ],
    "isTemplate": false,
    "count": 0,
    "lang": "en",
    "updated": 0
  },
  {
    "id": "a9a04c31-e5af-44b9-a37e-04f538d9ff7f",
    "data": [
      {
        "text": "how frequently do FCC ",
        "userDefined": false
      },
      {
        "text": "expire",
        "meta": "@until",
        "alias": "until",
        "userDefined": false
      }
    ],
    "isTemplate": false,
    "count": 0,
    "lang": "en",
    "updated": 0
  }
]