[
  {
    "id": "18224292-960e-4e4f-8e4f-14871950bef5",
    "data": [
      {
        "text": "If an application isn\u0027t being found does that mean it is being processed still?",
        "userDefined": false
      }
    ],
    "isTemplate": false,
    "count": 0,
    "lang": "en",
    "updated": 0
  },
  {
    "id": "eb9a4400-518d-4188-be5c-01f81667d01c",
    "data": [
      {
        "text": "i need to renew my fingerprint clearance card and your system is not finding my card number to renew",
        "userDefined": false
      }
    ],
    "isTemplate": false,
    "count": 0,
    "lang": "en",
    "updated": 0
  },
  {
    "id": "df307a9b-bdcd-4bb8-b231-9665a8082987",
    "data": [
      {
        "text": "Hi I\u0027m trying to renew my fingerprint clearance card and the system can\u0027t find my information",
        "userDefined": false
      }
    ],
    "isTemplate": false,
    "count": 0,
    "lang": "en",
    "updated": 0
  },
  {
    "id": "59be297c-edb7-49f0-a4c9-131d23921038",
    "data": [
      {
        "text": "I\u0027m trying to renew my fingerprint clearance card and it\u0027s saying you cannot locate my old card/profile",
        "userDefined": false
      }
    ],
    "isTemplate": false,
    "count": 0,
    "lang": "en",
    "updated": 0
  },
  {
    "id": "7d323b36-811b-45d5-8c21-f8b2f3fee359",
    "data": [
      {
        "text": "My Fingerprint Clearance Card Number is not found",
        "userDefined": false
      }
    ],
    "isTemplate": false,
    "count": 0,
    "lang": "en",
    "updated": 0
  },
  {
    "id": "28dc69fe-f29b-4bc6-8ac8-1df3fd2232fa",
    "data": [
      {
        "text": "I applied for a renewal, I\u0027ve not received any messages asking to be re-fingerprinted. I would like the specific reason my renewal has taken over 2 months to process so I can get the issue taken care of.",
        "userDefined": false
      }
    ],
    "isTemplate": false,
    "count": 0,
    "lang": "en",
    "updated": 0
  },
  {
    "id": "d512e1bc-b9ac-401d-ae76-b7dbd712dd2c",
    "data": [
      {
        "text": "my clerance card number is not working for my renewel",
        "userDefined": false
      }
    ],
    "isTemplate": false,
    "count": 0,
    "lang": "en",
    "updated": 0
  },
  {
    "id": "867d2566-0e6f-4be3-835d-b344b658c77e",
    "data": [
      {
        "text": "It says they can\u0027t find my card, when I applied for a replacement. What do I need to submit to get that? Or do I need to apply for a new one",
        "userDefined": false
      }
    ],
    "isTemplate": false,
    "count": 0,
    "lang": "en",
    "updated": 0
  },
  {
    "id": "ae0ecd61-b75a-4fe8-80ac-58ef9e385a25",
    "data": [
      {
        "text": "Renewal card not found,card not found",
        "userDefined": false
      }
    ],
    "isTemplate": false,
    "count": 0,
    "lang": "en",
    "updated": 0
  },
  {
    "id": "3ab59832-fa1e-434e-9600-592b85bbad7d",
    "data": [
      {
        "text": "I want to renew my card but it saying not found",
        "userDefined": false
      }
    ],
    "isTemplate": false,
    "count": 0,
    "lang": "en",
    "updated": 0
  },
  {
    "id": "801ec493-78f7-4f9f-a9b0-ebc458e318c7",
    "data": [
      {
        "text": "What if my card is not found?",
        "userDefined": false
      }
    ],
    "isTemplate": false,
    "count": 0,
    "lang": "en",
    "updated": 0
  },
  {
    "id": "7981262b-0b5a-42cb-b5b1-6dad679b51e8",
    "data": [
      {
        "text": "How do I renew if my card is not found?",
        "userDefined": false
      }
    ],
    "isTemplate": false,
    "count": 0,
    "lang": "en",
    "updated": 0
  },
  {
    "id": "20a30f12-06a3-45f4-9306-ff47d1b979cc",
    "data": [
      {
        "text": "Am I eligible to renew if my card is not found?",
        "userDefined": false
      }
    ],
    "isTemplate": false,
    "count": 0,
    "lang": "en",
    "updated": 0
  },
  {
    "id": "1d5e3ddb-2d9f-4d44-ac7b-50cfb3e8a055",
    "data": [
      {
        "text": "I tried to renew my card but it is showing card not found",
        "userDefined": false
      }
    ],
    "isTemplate": false,
    "count": 0,
    "lang": "en",
    "updated": 0
  },
  {
    "id": "d3293d6d-178c-4b75-a2b9-f6a6072cc260",
    "data": [
      {
        "text": "My renewal card not found",
        "userDefined": false
      }
    ],
    "isTemplate": false,
    "count": 0,
    "lang": "en",
    "updated": 0
  },
  {
    "id": "5281a1f3-811a-4988-8866-8a62b90acca0",
    "data": [
      {
        "text": "It says card not found",
        "userDefined": false
      }
    ],
    "isTemplate": false,
    "count": 0,
    "lang": "en",
    "updated": 0
  },
  {
    "id": "f7c505b0-131c-4f77-b670-788999be35ff",
    "data": [
      {
        "text": "How to rener card when it says card not found?",
        "userDefined": false
      }
    ],
    "isTemplate": false,
    "count": 0,
    "lang": "en",
    "updated": 0
  },
  {
    "id": "9ce15c98-3752-4204-917c-28de7f24efa2",
    "data": [
      {
        "text": "Who to contact if it says renewal card not found?",
        "userDefined": false
      }
    ],
    "isTemplate": false,
    "count": 0,
    "lang": "en",
    "updated": 0
  },
  {
    "id": "de7fdcb8-191a-4bd9-ada3-cee285214f74",
    "data": [
      {
        "text": "Renewal card no found",
        "userDefined": false
      }
    ],
    "isTemplate": false,
    "count": 0,
    "lang": "en",
    "updated": 0
  },
  {
    "id": "e9f21397-ee81-4593-a7ae-14222eb6e1bd",
    "data": [
      {
        "text": "Unable to find the card",
        "userDefined": false
      }
    ],
    "isTemplate": false,
    "count": 0,
    "lang": "en",
    "updated": 0
  },
  {
    "id": "ae288f93-d661-4ef7-9e3e-13cb422e5720",
    "data": [
      {
        "text": "did not find my card",
        "userDefined": false
      }
    ],
    "isTemplate": false,
    "count": 0,
    "lang": "en",
    "updated": 0
  },
  {
    "id": "5735b6b2-216d-4574-8702-14e4b4a76771",
    "data": [
      {
        "text": "my card is not found",
        "userDefined": false
      }
    ],
    "isTemplate": false,
    "count": 0,
    "lang": "en",
    "updated": 0
  },
  {
    "id": "0ad066e3-1ad2-4b89-a0e4-c1752a3516d8",
    "data": [
      {
        "text": "I am not able look for my card",
        "userDefined": false
      }
    ],
    "isTemplate": false,
    "count": 0,
    "lang": "en",
    "updated": 0
  },
  {
    "id": "4fe3bed1-7d90-4ba4-863b-62c371980ad3",
    "data": [
      {
        "text": "what does card not found means?",
        "userDefined": false
      }
    ],
    "isTemplate": false,
    "count": 0,
    "lang": "en",
    "updated": 0
  },
  {
    "id": "4dd78488-710c-4b22-bf4d-563d14b57eaf",
    "data": [
      {
        "text": "My renewal card is missing.",
        "userDefined": false
      }
    ],
    "isTemplate": false,
    "count": 0,
    "lang": "en",
    "updated": 0
  },
  {
    "id": "154761f1-c637-4755-a0b9-e5cfbe66769c",
    "data": [
      {
        "text": "I couldn\u0027t find my renewal card",
        "userDefined": false
      }
    ],
    "isTemplate": false,
    "count": 0,
    "lang": "en",
    "updated": 0
  },
  {
    "id": "e332219a-638f-4e61-be9b-bc55c9fdc4d6",
    "data": [
      {
        "text": "Facing issue in finding my renewal card?",
        "userDefined": false
      }
    ],
    "isTemplate": false,
    "count": 0,
    "lang": "en",
    "updated": 0
  },
  {
    "id": "ae98747f-9395-4605-a7c3-aefe6526c4e4",
    "data": [
      {
        "text": "Card not found",
        "userDefined": false
      }
    ],
    "isTemplate": false,
    "count": 0,
    "lang": "en",
    "updated": 0
  },
  {
    "id": "5ea09553-b46a-4153-81fc-e22d16db04b8",
    "data": [
      {
        "text": "I\u0027d like to renew my card, but it says it can\u0027t be found.",
        "userDefined": false
      }
    ],
    "isTemplate": false,
    "count": 0,
    "lang": "en",
    "updated": 0
  },
  {
    "id": "637d29bd-599e-4fa4-8148-12598869784e",
    "data": [
      {
        "text": "how to renew my card",
        "userDefined": false
      }
    ],
    "isTemplate": false,
    "count": 0,
    "lang": "en",
    "updated": 0
  },
  {
    "id": "d5c0a1cd-98dc-4fc6-9f44-bfc0699e6713",
    "data": [
      {
        "text": "renew my card",
        "userDefined": false
      }
    ],
    "isTemplate": false,
    "count": 0,
    "lang": "en",
    "updated": 0
  },
  {
    "id": "043b8176-0330-4b5a-a7f5-a187885d4032",
    "data": [
      {
        "text": "unable to renew card",
        "userDefined": false
      }
    ],
    "isTemplate": false,
    "count": 0,
    "lang": "en",
    "updated": 0
  },
  {
    "id": "f54b959c-5d54-4179-8dcb-d9b31a4b72a9",
    "data": [
      {
        "text": "please help in renew my card",
        "userDefined": false
      }
    ],
    "isTemplate": false,
    "count": 0,
    "lang": "en",
    "updated": 0
  },
  {
    "id": "f13ce2b7-3c3b-4d4c-91ed-369421b3157b",
    "data": [
      {
        "text": "help to renew my card",
        "userDefined": false
      }
    ],
    "isTemplate": false,
    "count": 0,
    "lang": "en",
    "updated": 0
  },
  {
    "id": "fbaae89b-560a-4424-b786-d1815b149c86",
    "data": [
      {
        "text": "I am trying to ",
        "userDefined": false
      },
      {
        "text": "renew",
        "userDefined": false
      },
      {
        "text": " my ",
        "userDefined": false
      },
      {
        "text": "card",
        "userDefined": false
      },
      {
        "text": " but it says I am not found",
        "userDefined": false
      }
    ],
    "isTemplate": false,
    "count": 0,
    "lang": "en",
    "updated": 0
  }
]