[
  {
    "id": "3c63d58d-1be4-4f6a-9571-1d4694615391",
    "data": [
      {
        "text": "what is the email about my employer making new account tell me more about it",
        "userDefined": false
      }
    ],
    "isTemplate": false,
    "count": 0,
    "lang": "en",
    "updated": 0
  },
  {
    "id": "22dca92a-53e0-46e4-93c2-c5b4e2ebb5c5",
    "data": [
      {
        "text": "I got a new email to create an account what do I do now ?",
        "userDefined": false
      }
    ],
    "isTemplate": false,
    "count": 0,
    "lang": "en",
    "updated": 0
  },
  {
    "id": "6aaf87b2-f51d-4ee6-9dbb-f26c393efb97",
    "data": [
      {
        "text": "I recently received an email to create an account, what can i do?",
        "userDefined": false
      }
    ],
    "isTemplate": false,
    "count": 0,
    "lang": "en",
    "updated": 0
  },
  {
    "id": "0b19cc7d-cbda-43e4-bd7f-f65d91bbda30",
    "data": [
      {
        "text": "i have created an account but my employer is getting mail",
        "userDefined": false
      }
    ],
    "isTemplate": false,
    "count": 0,
    "lang": "en",
    "updated": 0
  },
  {
    "id": "10daebc1-a90b-4b3c-858f-fa299baa6bac",
    "data": [
      {
        "text": "Email for Create an account",
        "userDefined": false
      }
    ],
    "isTemplate": false,
    "count": 0,
    "lang": "en",
    "updated": 0
  },
  {
    "id": "bdf4e8cc-d07e-4dda-ad49-3eb207cbf696",
    "data": [
      {
        "text": "Why I received an email to create an account?",
        "userDefined": false
      }
    ],
    "isTemplate": false,
    "count": 0,
    "lang": "en",
    "updated": 0
  },
  {
    "id": "da4a62a7-04c1-4b22-88f3-e7be5bd38cd2",
    "data": [
      {
        "text": "Received an email in my account, what\u0027s next?",
        "userDefined": false
      }
    ],
    "isTemplate": false,
    "count": 0,
    "lang": "en",
    "updated": 0
  },
  {
    "id": "e3504c3a-c633-4ecd-8d4f-cf8b5caa09bb",
    "data": [
      {
        "text": "Create an employer account",
        "userDefined": false
      }
    ],
    "isTemplate": false,
    "count": 0,
    "lang": "en",
    "updated": 0
  },
  {
    "id": "d02ce73a-c544-44e3-9c0f-361b6a180ae2",
    "data": [
      {
        "text": "what exactly is the need for an employee to create an account",
        "userDefined": false
      }
    ],
    "isTemplate": false,
    "count": 0,
    "lang": "en",
    "updated": 0
  },
  {
    "id": "0afda47b-1835-4a10-8895-876c0c6f3197",
    "data": [
      {
        "text": "whats the email about employer creating account, tell me more about it",
        "userDefined": false
      }
    ],
    "isTemplate": false,
    "count": 0,
    "lang": "en",
    "updated": 0
  },
  {
    "id": "8388a478-0621-4a2d-be71-e50d12b154a9",
    "data": [
      {
        "text": "I got an email to create an account what to do now",
        "userDefined": false
      }
    ],
    "isTemplate": false,
    "count": 0,
    "lang": "en",
    "updated": 0
  },
  {
    "id": "45f19a54-4088-4225-8658-6db5ea16c176",
    "data": [
      {
        "text": "I received an email to create an account, what should i do",
        "userDefined": false
      }
    ],
    "isTemplate": false,
    "count": 0,
    "lang": "en",
    "updated": 0
  },
  {
    "id": "97d2a8e5-f925-4239-bd8d-679d28057e3f",
    "data": [
      {
        "text": "i created an account but employer is getting mail",
        "userDefined": false
      }
    ],
    "isTemplate": false,
    "count": 0,
    "lang": "en",
    "updated": 0
  },
  {
    "id": "4a9da2c9-2726-474e-aa08-30b4a2602f8d",
    "data": [
      {
        "text": "employer is getting mail while creating an application from my side",
        "userDefined": false
      }
    ],
    "isTemplate": false,
    "count": 0,
    "lang": "en",
    "updated": 0
  },
  {
    "id": "ba7215bf-d7cb-4f01-88b5-df5b1cd6b484",
    "data": [
      {
        "text": "who is rejecting nd approving my application",
        "userDefined": false
      }
    ],
    "isTemplate": false,
    "count": 0,
    "lang": "en",
    "updated": 0
  },
  {
    "id": "178e0f5e-7514-4e80-8d68-1f62ed63050c",
    "data": [
      {
        "text": "why employer is rejected my application",
        "userDefined": false
      }
    ],
    "isTemplate": false,
    "count": 0,
    "lang": "en",
    "updated": 0
  },
  {
    "id": "cc87285e-fa19-4f52-bc07-1226ad7bcd20",
    "data": [
      {
        "text": "What is the purpose of creating an account for an employer?",
        "userDefined": false
      }
    ],
    "isTemplate": false,
    "count": 0,
    "lang": "en",
    "updated": 0
  },
  {
    "id": "cf37ca7c-39b0-4a64-b016-662b3533206c",
    "data": [
      {
        "text": "Why should an employer received an email for account creation?",
        "userDefined": false
      }
    ],
    "isTemplate": false,
    "count": 0,
    "lang": "en",
    "updated": 0
  },
  {
    "id": "fcd1336d-a354-43cc-a805-b67625f8d0df",
    "data": [
      {
        "text": "May i know the reason on why i had received email for account creation?",
        "userDefined": false
      }
    ],
    "isTemplate": false,
    "count": 0,
    "lang": "en",
    "updated": 0
  },
  {
    "id": "c1f90a5e-4c3c-4c6e-89d3-a91ff427b040",
    "data": [
      {
        "text": "I would like to know why i had received email for account creation?",
        "userDefined": false
      }
    ],
    "isTemplate": false,
    "count": 0,
    "lang": "en",
    "updated": 0
  },
  {
    "id": "55de28c2-7208-4221-91af-d33e9264b0d2",
    "data": [
      {
        "text": "Why does an employer get email to create an account in the portal?",
        "userDefined": false
      }
    ],
    "isTemplate": false,
    "count": 0,
    "lang": "en",
    "updated": 0
  },
  {
    "id": "ba6219d1-4d2f-458a-9650-c5229033faf0",
    "data": [
      {
        "text": "Why should an employer get an email asking to create an account?",
        "userDefined": false
      }
    ],
    "isTemplate": false,
    "count": 0,
    "lang": "en",
    "updated": 0
  },
  {
    "id": "c1e3ed4e-9105-4a89-8e9d-27d0aedfb18c",
    "data": [
      {
        "text": "Why did I get an email saying employer need to create account?",
        "userDefined": false
      }
    ],
    "isTemplate": false,
    "count": 0,
    "lang": "en",
    "updated": 0
  },
  {
    "id": "bf5d534a-840b-41ac-8f85-710c43ff2c71",
    "data": [
      {
        "text": "I\u0027m an employer, why did I get an email asking to register with Public Services Portal?",
        "userDefined": false
      }
    ],
    "isTemplate": false,
    "count": 0,
    "lang": "en",
    "updated": 0
  },
  {
    "id": "5719be0e-f5fe-49a0-bbd4-1079470dc4a2",
    "data": [
      {
        "text": "does employer getting an email to create an account is mandatory?",
        "userDefined": false
      }
    ],
    "isTemplate": false,
    "count": 0,
    "lang": "en",
    "updated": 0
  },
  {
    "id": "3e9225b3-e270-44cf-b0d4-363e31c0b3b8",
    "data": [
      {
        "text": "got an email to create an account as employer",
        "userDefined": false
      }
    ],
    "isTemplate": false,
    "count": 0,
    "lang": "en",
    "updated": 0
  },
  {
    "id": "bfca1069-868f-4b04-9b11-81f5a7cba389",
    "data": [
      {
        "text": "why am i getting an email to create an account",
        "userDefined": false
      }
    ],
    "isTemplate": false,
    "count": 0,
    "lang": "en",
    "updated": 0
  },
  {
    "id": "a0fdfd32-c399-4c11-8630-d2b6b6181af9",
    "data": [
      {
        "text": "Employer getting an email for creating an account",
        "userDefined": false
      }
    ],
    "isTemplate": false,
    "count": 0,
    "lang": "en",
    "updated": 0
  },
  {
    "id": "47066743-868b-4db1-a95a-852efc4ea610",
    "data": [
      {
        "text": "what is the need for an employee to create an account",
        "userDefined": false
      }
    ],
    "isTemplate": false,
    "count": 0,
    "lang": "en",
    "updated": 0
  },
  {
    "id": "f71b688f-e0cf-47c0-be98-275c0bfeabf0",
    "data": [
      {
        "text": "whats the email about employer creating account",
        "userDefined": false
      }
    ],
    "isTemplate": false,
    "count": 0,
    "lang": "en",
    "updated": 0
  },
  {
    "id": "79867c8b-ebfd-485d-9513-2ba5c03ce092",
    "data": [
      {
        "text": "I got an email to create an account",
        "userDefined": false
      }
    ],
    "isTemplate": false,
    "count": 0,
    "lang": "en",
    "updated": 0
  },
  {
    "id": "cf585bfa-f96f-4429-8a6e-aa761714b23f",
    "data": [
      {
        "text": "I received an email to create an account",
        "userDefined": false
      }
    ],
    "isTemplate": false,
    "count": 0,
    "lang": "en",
    "updated": 0
  },
  {
    "id": "6a7cfaee-173b-45b0-9cfe-127ba9610436",
    "data": [
      {
        "text": "Why does an employer ",
        "userDefined": false
      },
      {
        "text": "get",
        "userDefined": false
      },
      {
        "text": " an ",
        "userDefined": false
      },
      {
        "text": "email",
        "userDefined": false
      },
      {
        "text": " to ",
        "userDefined": false
      },
      {
        "text": "create",
        "userDefined": false
      },
      {
        "text": " ",
        "userDefined": false
      },
      {
        "text": "an account",
        "userDefined": false
      },
      {
        "text": "?",
        "userDefined": false
      }
    ],
    "isTemplate": false,
    "count": 0,
    "lang": "en",
    "updated": 0
  }
]