[
  {
    "id": "32c98e1b-35d8-4049-9840-8350ee66c71f",
    "data": [
      {
        "text": "to get my name spell correctly on the the fingerprint card before i get them completed",
        "userDefined": false
      }
    ],
    "isTemplate": false,
    "count": 0,
    "lang": "en",
    "updated": 0
  },
  {
    "id": "c874ec09-5ae4-490b-b30a-43b0fd55105f",
    "data": [
      {
        "text": "in my application for finger print, my ss number is incorrect,, and I need to correct the right ss",
        "userDefined": false
      }
    ],
    "isTemplate": false,
    "count": 0,
    "lang": "en",
    "updated": 0
  },
  {
    "id": "1f760c60-c56c-4c9b-8dae-a42197780195",
    "data": [
      {
        "text": "Misspelled nMe k",
        "userDefined": false
      }
    ],
    "isTemplate": false,
    "count": 0,
    "lang": "en",
    "updated": 0
  },
  {
    "id": "6b157d4c-2f53-44f7-bb37-ba91a7506e8b",
    "data": [
      {
        "text": "I recently got married and I need to update my name and address on my fingerprint card",
        "userDefined": false
      }
    ],
    "isTemplate": false,
    "count": 0,
    "lang": "en",
    "updated": 0
  },
  {
    "id": "20d28c6b-0674-4823-9cef-73b0af38e1e4",
    "data": [
      {
        "text": "I am ",
        "userDefined": false
      },
      {
        "text": "5",
        "userDefined": false
      },
      {
        "text": "\u0027 ",
        "userDefined": false
      },
      {
        "text": "2",
        "userDefined": false
      },
      {
        "text": "” and my finger print card has me ",
        "userDefined": false
      },
      {
        "text": "at 6",
        "userDefined": false
      },
      {
        "text": "\u00272”. How do I fix the wrong ",
        "userDefined": false
      },
      {
        "text": "information",
        "userDefined": false
      }
    ],
    "isTemplate": false,
    "count": 0,
    "lang": "en",
    "updated": 0
  },
  {
    "id": "77d110b0-2bc0-4e63-b681-badfc11ffa64",
    "data": [
      {
        "text": "I entered my birthday incorrectly",
        "userDefined": false
      }
    ],
    "isTemplate": false,
    "count": 0,
    "lang": "en",
    "updated": 0
  },
  {
    "id": "3641578c-f808-4b03-9290-a618c353b4fe",
    "data": [
      {
        "text": "I  received my new fingerprint clearance card  last week and have just found that it has me listed as Male. I am Female.",
        "userDefined": false
      }
    ],
    "isTemplate": false,
    "count": 0,
    "lang": "en",
    "updated": 0
  },
  {
    "id": "8c4675cb-8343-499c-ab63-4020623ac6e3",
    "data": [
      {
        "text": "my card does not have IVP number",
        "userDefined": false
      }
    ],
    "isTemplate": false,
    "count": 0,
    "lang": "en",
    "updated": 0
  },
  {
    "id": "00e4f2fe-086d-4e2e-a779-38c7beb3acc0",
    "data": [
      {
        "text": "my birthday is wrong",
        "userDefined": false
      }
    ],
    "isTemplate": false,
    "count": 0,
    "lang": "en",
    "updated": 0
  },
  {
    "id": "be35199b-3095-4288-9c54-bfa9098d8935",
    "data": [
      {
        "text": "My fingerprint clearance card has my first name spelled incorrectly.",
        "userDefined": false
      }
    ],
    "isTemplate": false,
    "count": 0,
    "lang": "en",
    "updated": 0
  },
  {
    "id": "9521de06-6a2f-4bb5-b730-17d65020c17b",
    "data": [
      {
        "text": "I received card but the gender is incorrect",
        "userDefined": false
      }
    ],
    "isTemplate": false,
    "count": 0,
    "lang": "en",
    "updated": 0
  },
  {
    "id": "405df89f-1244-4406-9688-fcdfe3e9ec49",
    "data": [
      {
        "text": "Spelling error on card",
        "userDefined": false
      }
    ],
    "isTemplate": false,
    "count": 0,
    "lang": "en",
    "updated": 0
  },
  {
    "id": "c9ebfd86-4dc8-4a96-9240-32a3c4574538",
    "data": [
      {
        "text": "My DOB on fingerprint card needs to be changed?",
        "userDefined": false
      }
    ],
    "isTemplate": false,
    "count": 0,
    "lang": "en",
    "updated": 0
  },
  {
    "id": "d211ab3b-7651-47a8-94d7-797aefebe5e5",
    "data": [
      {
        "text": "I need to alter my DOB on fingerprint card?",
        "userDefined": false
      }
    ],
    "isTemplate": false,
    "count": 0,
    "lang": "en",
    "updated": 0
  },
  {
    "id": "7de4ab2f-5021-45c3-ac64-f48655ba18b7",
    "data": [
      {
        "text": "May I know the procedure to modify DOB?",
        "userDefined": false
      }
    ],
    "isTemplate": false,
    "count": 0,
    "lang": "en",
    "updated": 0
  },
  {
    "id": "220bed4a-0dfe-432f-b7a8-d7a8102ae068",
    "data": [
      {
        "text": "I would like to correct my date of birth on fingerprint card?",
        "userDefined": false
      }
    ],
    "isTemplate": false,
    "count": 0,
    "lang": "en",
    "updated": 0
  },
  {
    "id": "0b145d09-fd8c-413f-b806-9c9ca4d283cb",
    "data": [
      {
        "text": "Is it possible to correct my DOB on fingerprint card?",
        "userDefined": false
      }
    ],
    "isTemplate": false,
    "count": 0,
    "lang": "en",
    "updated": 0
  },
  {
    "id": "3dea3586-c482-413a-8eb5-25ee37e9f0b1",
    "data": [
      {
        "text": "how to modify the date of birth on fingerprint card",
        "userDefined": false
      }
    ],
    "isTemplate": false,
    "count": 0,
    "lang": "en",
    "updated": 0
  },
  {
    "id": "5510c908-1621-4e7e-bbf6-f59d3d20d838",
    "data": [
      {
        "text": "wrong dob on fingerprint card, need to modify",
        "userDefined": false
      }
    ],
    "isTemplate": false,
    "count": 0,
    "lang": "en",
    "updated": 0
  },
  {
    "id": "1ec221df-752e-4f6e-8a7a-62cb5c5e2357",
    "data": [
      {
        "text": "my fingerprint card is showing wrong DOB",
        "userDefined": false
      }
    ],
    "isTemplate": false,
    "count": 0,
    "lang": "en",
    "updated": 0
  },
  {
    "id": "32f838d9-35dd-4492-a188-ffcc0cc5d552",
    "data": [
      {
        "text": "how to change the DOB in fingerprint card",
        "userDefined": false
      }
    ],
    "isTemplate": false,
    "count": 0,
    "lang": "en",
    "updated": 0
  },
  {
    "id": "00276291-f40d-4950-8133-66758a9c0d1d",
    "data": [
      {
        "text": "update my DOB in fingerprint card",
        "userDefined": false
      }
    ],
    "isTemplate": false,
    "count": 0,
    "lang": "en",
    "updated": 0
  },
  {
    "id": "2e561c71-35be-4f98-b761-d0aa7e2ece36",
    "data": [
      {
        "text": "Help me to edit date of birth on fingerprint card",
        "userDefined": false
      }
    ],
    "isTemplate": false,
    "count": 0,
    "lang": "en",
    "updated": 0
  },
  {
    "id": "4864f0bb-b8cf-49e2-ba62-d4fa3766fe4a",
    "data": [
      {
        "text": "Can I edit date of birth on fingerprint card?",
        "userDefined": false
      }
    ],
    "isTemplate": false,
    "count": 0,
    "lang": "en",
    "updated": 0
  },
  {
    "id": "1ad7989a-6545-4479-884b-dc20a292d3b8",
    "data": [
      {
        "text": "How to edit date of birth on fingerprint card?",
        "userDefined": false
      }
    ],
    "isTemplate": false,
    "count": 0,
    "lang": "en",
    "updated": 0
  },
  {
    "id": "f1d45aa7-6e90-4df7-9e22-44c79b68a1c3",
    "data": [
      {
        "text": "wrong dob",
        "userDefined": false
      }
    ],
    "isTemplate": false,
    "count": 0,
    "lang": "en",
    "updated": 0
  },
  {
    "id": "52329203-e775-459d-82a5-037b5560ecc0",
    "data": [
      {
        "text": "incorrect date of birth on fingerprint card",
        "userDefined": false
      }
    ],
    "isTemplate": false,
    "count": 0,
    "lang": "en",
    "updated": 0
  },
  {
    "id": "1564dff7-dd31-4f70-a416-194fda3b2590",
    "data": [
      {
        "text": "I made a mistake for dob field in the fingerprint card",
        "userDefined": false
      }
    ],
    "isTemplate": false,
    "count": 0,
    "lang": "en",
    "updated": 0
  },
  {
    "id": "3dfc0b8f-f3b7-409b-a56a-5319281610d3",
    "data": [
      {
        "text": "Change date of birth on my fingerprint card",
        "userDefined": false
      }
    ],
    "isTemplate": false,
    "count": 0,
    "lang": "en",
    "updated": 0
  },
  {
    "id": "4fe094a9-14eb-4722-807b-584cd4d0e125",
    "data": [
      {
        "text": "DOB wrong in my fingerprint card",
        "userDefined": false
      }
    ],
    "isTemplate": false,
    "count": 0,
    "lang": "en",
    "updated": 0
  },
  {
    "id": "a59ba11b-c22b-47c7-b135-220725d01e27",
    "data": [
      {
        "text": "Need to correct my date of birth on fingerprint card?",
        "userDefined": false
      }
    ],
    "isTemplate": false,
    "count": 0,
    "lang": "en",
    "updated": 0
  },
  {
    "id": "1d75e987-2741-41df-9e91-b20448e1fe2a",
    "data": [
      {
        "text": "how can I get wrong dob info corrected on my fingerprint card?",
        "userDefined": false
      }
    ],
    "isTemplate": false,
    "count": 0,
    "lang": "en",
    "updated": 0
  },
  {
    "id": "7ce28805-cd2b-4eb7-88fa-728115fa27be",
    "data": [
      {
        "text": "my fingerprint card is showing incorrect dob, how do I change it?",
        "userDefined": false
      }
    ],
    "isTemplate": false,
    "count": 0,
    "lang": "en",
    "updated": 0
  },
  {
    "id": "4b94ceda-4118-4585-9a68-29f87cc81b9f",
    "data": [
      {
        "text": "wrong dob is printed on my finger prints card",
        "userDefined": false
      }
    ],
    "isTemplate": false,
    "count": 0,
    "lang": "en",
    "updated": 0
  },
  {
    "id": "9f9799e0-18d8-4e5e-9352-d223b5cbef07",
    "data": [
      {
        "text": "incorrect dob on fingerprint card",
        "userDefined": false
      }
    ],
    "isTemplate": false,
    "count": 0,
    "lang": "en",
    "updated": 0
  },
  {
    "id": "59842991-3b4f-47c6-938a-075610facca7",
    "data": [
      {
        "text": "wrong dob on fingerprint card",
        "userDefined": false
      }
    ],
    "isTemplate": false,
    "count": 0,
    "lang": "en",
    "updated": 0
  },
  {
    "id": "05272ef0-9407-4055-a078-7f5cdb8aa11c",
    "data": [
      {
        "text": "Wrong ",
        "userDefined": false
      },
      {
        "text": "information",
        "meta": "@Information",
        "alias": "information",
        "userDefined": false
      },
      {
        "text": " on Fingerprint Clearance card",
        "userDefined": false
      }
    ],
    "isTemplate": false,
    "count": 0,
    "lang": "en",
    "updated": 0
  },
  {
    "id": "0512917d-62b8-4fda-bddb-fc93c5fbbe01",
    "data": [
      {
        "text": "I had reviewed my fingerprint clearance card in the mail today but the name is messed up, how can I fix this?",
        "userDefined": false
      }
    ],
    "isTemplate": false,
    "count": 0,
    "lang": "en",
    "updated": 0
  },
  {
    "id": "9d0feda1-07d0-4c79-ac7f-83c7f6b45703",
    "data": [
      {
        "text": "Hello.   I ",
        "userDefined": false
      },
      {
        "text": "received",
        "userDefined": false
      },
      {
        "text": " my ",
        "userDefined": false
      },
      {
        "text": "Fingerprint Card",
        "userDefined": false
      },
      {
        "text": ", but my last name was spelled incorrectly .   My last name is ",
        "userDefined": false
      },
      {
        "text": "VILLANYI",
        "userDefined": false
      },
      {
        "text": " ,   Yes, with an \u0027i\u0027 at the end of my name.    Villanyi",
        "userDefined": false
      }
    ],
    "isTemplate": false,
    "count": 0,
    "lang": "en",
    "updated": 0
  },
  {
    "id": "e2d17223-797e-447e-8b6f-171ea8fbe844",
    "data": [
      {
        "text": "I got my fingerprint card but it has spelling mistake on my name. what can I do now",
        "userDefined": false
      }
    ],
    "isTemplate": false,
    "count": 0,
    "lang": "en",
    "updated": 0
  },
  {
    "id": "b6ca41da-3b6d-49ec-bdde-8ff2e7041026",
    "data": [
      {
        "text": "My last on my card was missed spelled",
        "userDefined": false
      }
    ],
    "isTemplate": false,
    "count": 0,
    "lang": "en",
    "updated": 0
  },
  {
    "id": "37c475f3-fc4f-4522-bf15-0d742a5f4325",
    "data": [
      {
        "text": "I ",
        "userDefined": false
      },
      {
        "text": "received",
        "meta": "@Receive",
        "alias": "receive",
        "userDefined": false
      },
      {
        "text": " my fingerprint clearance card, however there is a typographical error...How do I get a corrected card?",
        "userDefined": false
      }
    ],
    "isTemplate": false,
    "count": 0,
    "lang": "en",
    "updated": 0
  },
  {
    "id": "961d2782-2237-4349-9d05-ecfb86ccf320",
    "data": [
      {
        "text": "There is a spelling error on my card",
        "userDefined": false
      }
    ],
    "isTemplate": false,
    "count": 0,
    "lang": "en",
    "updated": 0
  },
  {
    "id": "1d49b151-6f3c-4103-b338-9d5d3ed4da6d",
    "data": [
      {
        "text": "Hello, I purchased my card back in 2019, but realized my date of birth is incorrect. I s there a way to fix the mistake without purchasing a new card.",
        "userDefined": false
      }
    ],
    "isTemplate": false,
    "count": 1,
    "lang": "en",
    "updated": 0
  },
  {
    "id": "04c609c7-448e-4ea8-880d-4ca29b3f61f6",
    "data": [
      {
        "text": "Hello my name was printed incorrectly on my fingerprint  card.",
        "userDefined": false
      }
    ],
    "isTemplate": false,
    "count": 0,
    "lang": "en",
    "updated": 0
  },
  {
    "id": "0eb6c30d-8603-4a70-9c32-0442edc2c607",
    "data": [
      {
        "text": "My name  was  spelled wrong  on my guard card....",
        "userDefined": false
      }
    ],
    "isTemplate": false,
    "count": 0,
    "lang": "en",
    "updated": 0
  },
  {
    "id": "dde55dc4-2329-4a4a-bb49-a6b18dddc0d6",
    "data": [
      {
        "text": "If my ",
        "userDefined": false
      },
      {
        "text": "fingerprint card",
        "meta": "@Fingerprint_Clearance_card",
        "alias": "fingerprint_clearance_card",
        "userDefined": false
      },
      {
        "text": " that I ",
        "userDefined": false
      },
      {
        "text": "received",
        "meta": "@Receive",
        "alias": "receive",
        "userDefined": false
      },
      {
        "text": " is showing a wrong ",
        "userDefined": false
      },
      {
        "text": "date",
        "meta": "@Information",
        "alias": "information",
        "userDefined": false
      },
      {
        "text": " of birth.  Can I have that corrected?",
        "userDefined": false
      }
    ],
    "isTemplate": false,
    "count": 0,
    "lang": "en",
    "updated": 0
  }
]