[
  {
    "id": "b0f76320-486d-4226-b29b-29c722063c74",
    "data": [
      {
        "text": "Where Do I get an extra card for fingerprints?",
        "userDefined": false
      }
    ],
    "isTemplate": false,
    "count": 0,
    "lang": "en",
    "updated": 0
  },
  {
    "id": "f081a062-f937-46a2-b70f-53adfa611572",
    "data": [
      {
        "text": "May I get an extra blank card for fingerprint?",
        "userDefined": false
      }
    ],
    "isTemplate": false,
    "count": 0,
    "lang": "en",
    "updated": 0
  },
  {
    "id": "3a9e550b-c947-4c9e-a45c-7d9a4a7f22ef",
    "data": [
      {
        "text": "card for fingerprints",
        "userDefined": false
      }
    ],
    "isTemplate": false,
    "count": 0,
    "lang": "en",
    "updated": 0
  },
  {
    "id": "c855f1f4-b8c3-481c-82ba-44f70378baf2",
    "data": [
      {
        "text": "can I get a blank card for fingerprints",
        "userDefined": false
      }
    ],
    "isTemplate": false,
    "count": 0,
    "lang": "en",
    "updated": 0
  },
  {
    "id": "615c4b0a-ab07-4266-9b8f-72054d93da3b",
    "data": [
      {
        "text": "Can i get an extra blank card for fingerprint?",
        "userDefined": false
      }
    ],
    "isTemplate": false,
    "count": 0,
    "lang": "en",
    "updated": 0
  },
  {
    "id": "c95ef6f3-c299-4580-93a0-da39578081ce",
    "data": [
      {
        "text": "Are there extra blank card for fingerprint?",
        "userDefined": false
      }
    ],
    "isTemplate": false,
    "count": 0,
    "lang": "en",
    "updated": 0
  },
  {
    "id": "b9dd8055-78ac-44aa-8d61-77c960bb17dc",
    "data": [
      {
        "text": "IS there a way to get blank card for fingerprint?",
        "userDefined": false
      }
    ],
    "isTemplate": false,
    "count": 0,
    "lang": "en",
    "updated": 0
  },
  {
    "id": "fabc19c0-ff4f-4179-b166-4e6d2248e12a",
    "data": [
      {
        "text": "I require a blank finer print card",
        "userDefined": false
      }
    ],
    "isTemplate": false,
    "count": 1,
    "lang": "en",
    "updated": 0
  },
  {
    "id": "d7a523be-e392-453a-b58e-62e7e504346f",
    "data": [
      {
        "text": "how to get a blank card for fingerprints",
        "userDefined": false
      }
    ],
    "isTemplate": false,
    "count": 0,
    "lang": "en",
    "updated": 0
  },
  {
    "id": "5d255869-b158-4c54-87dc-89c7bbea9433",
    "data": [
      {
        "text": "blank card is needed for fingerprints",
        "userDefined": false
      }
    ],
    "isTemplate": false,
    "count": 0,
    "lang": "en",
    "updated": 0
  },
  {
    "id": "9bf37aba-0a4c-4477-89a2-d88efcf47994",
    "data": [
      {
        "text": "in require of blank card for fingerprints",
        "userDefined": false
      }
    ],
    "isTemplate": false,
    "count": 0,
    "lang": "en",
    "updated": 0
  },
  {
    "id": "0b794d46-62c1-49f0-be82-3252d8365168",
    "data": [
      {
        "text": "I need ",
        "userDefined": false
      },
      {
        "text": "one",
        "userDefined": false
      },
      {
        "text": " blank card for fingerprints",
        "userDefined": false
      }
    ],
    "isTemplate": false,
    "count": 0,
    "lang": "en",
    "updated": 0
  },
  {
    "id": "ecc704dc-0562-4168-879d-695c2699d723",
    "data": [
      {
        "text": "in need of a blank card, for fingerprints",
        "userDefined": false
      }
    ],
    "isTemplate": false,
    "count": 0,
    "lang": "en",
    "updated": 0
  },
  {
    "id": "291d5a08-ef47-4cf5-878b-8dc6a8b4cf3e",
    "data": [
      {
        "text": "i now need a blank fingerprint card",
        "userDefined": false
      }
    ],
    "isTemplate": false,
    "count": 0,
    "lang": "en",
    "updated": 0
  },
  {
    "id": "5a0f13ba-0bcd-4fb5-a174-92b9fd8a64a7",
    "data": [
      {
        "text": "need empty card for finger print",
        "userDefined": false
      }
    ],
    "isTemplate": false,
    "count": 0,
    "lang": "en",
    "updated": 0
  },
  {
    "id": "3ece76c3-b436-42d5-b969-a5814016b0f2",
    "data": [
      {
        "text": "need blank card for finger prints",
        "userDefined": false
      }
    ],
    "isTemplate": false,
    "count": 0,
    "lang": "en",
    "updated": 0
  },
  {
    "id": "a3834bf8-2539-433e-8891-1775576ffcfc",
    "data": [
      {
        "text": "need blank fingerprint card",
        "userDefined": false
      }
    ],
    "isTemplate": false,
    "count": 0,
    "lang": "en",
    "updated": 0
  },
  {
    "id": "5e1fc5e3-4ded-4d7b-9046-b5cfd8937bf5",
    "data": [
      {
        "text": "apply a blank fingerprint card",
        "userDefined": false
      }
    ],
    "isTemplate": false,
    "count": 0,
    "lang": "en",
    "updated": 0
  },
  {
    "id": "0738f479-346f-4b13-bed9-d1d5cb78a4ae",
    "data": [
      {
        "text": "required a blank fingerprint card",
        "userDefined": false
      }
    ],
    "isTemplate": false,
    "count": 0,
    "lang": "en",
    "updated": 0
  },
  {
    "id": "79db8052-6bda-4b48-853c-dda815f33299",
    "data": [
      {
        "text": "required a blank card",
        "userDefined": false
      }
    ],
    "isTemplate": false,
    "count": 1,
    "lang": "en",
    "updated": 0
  },
  {
    "id": "362a35c4-6fb8-4d3c-898a-007c5d30080b",
    "data": [
      {
        "text": "need blank card",
        "userDefined": false
      }
    ],
    "isTemplate": false,
    "count": 0,
    "lang": "en",
    "updated": 0
  },
  {
    "id": "1690f1fb-2a9a-4e70-98df-f06ff40ad7dc",
    "data": [
      {
        "text": "can someone help me with the blankcard fingerprint",
        "userDefined": false
      }
    ],
    "isTemplate": false,
    "count": 0,
    "lang": "en",
    "updated": 0
  },
  {
    "id": "ace87d7b-8c2d-49aa-b0e7-b30022928550",
    "data": [
      {
        "text": "Blank card please",
        "userDefined": false
      }
    ],
    "isTemplate": false,
    "count": 0,
    "lang": "en",
    "updated": 0
  },
  {
    "id": "59b3f180-b6f4-4970-bae1-3fbfb8a96e05",
    "data": [
      {
        "text": "I need the blank Card",
        "userDefined": false
      }
    ],
    "isTemplate": false,
    "count": 0,
    "lang": "en",
    "updated": 0
  },
  {
    "id": "d5f8bfce-c63d-498f-94a6-527c99dc01b0",
    "data": [
      {
        "text": "Fingerprint Card",
        "userDefined": false
      }
    ],
    "isTemplate": false,
    "count": 0,
    "lang": "en",
    "updated": 0
  },
  {
    "id": "69571b74-2c79-40c1-a543-d8251e1fa930",
    "data": [
      {
        "text": "Blank card",
        "userDefined": false
      }
    ],
    "isTemplate": false,
    "count": 0,
    "lang": "en",
    "updated": 0
  },
  {
    "id": "c33333b9-4ed7-4d2b-9e39-38dc05646098",
    "data": [
      {
        "text": "i want to apply for a blank figerprint card",
        "userDefined": false
      }
    ],
    "isTemplate": false,
    "count": 0,
    "lang": "en",
    "updated": 0
  },
  {
    "id": "656d2e07-a3f5-422f-b056-9107450089bf",
    "data": [
      {
        "text": "I want to get a blank fingerprint card",
        "userDefined": false
      }
    ],
    "isTemplate": false,
    "count": 0,
    "lang": "en",
    "updated": 0
  },
  {
    "id": "f284b0ee-a601-4d5e-a51f-d151ede08b95",
    "data": [
      {
        "text": "need to get a blank card for fingerprint",
        "userDefined": false
      }
    ],
    "isTemplate": false,
    "count": 0,
    "lang": "en",
    "updated": 0
  },
  {
    "id": "026ecd03-5052-46b2-87e5-2d05206c2fb9",
    "data": [
      {
        "text": "help me get a blank card for fingerprint",
        "userDefined": false
      }
    ],
    "isTemplate": false,
    "count": 0,
    "lang": "en",
    "updated": 0
  },
  {
    "id": "2ac4ad10-7a34-4d54-b85c-b391fc3185a8",
    "data": [
      {
        "text": "blank card for fingerprints is needed",
        "userDefined": false
      }
    ],
    "isTemplate": false,
    "count": 0,
    "lang": "en",
    "updated": 0
  },
  {
    "id": "0b08f5f4-40cc-45be-91ac-744ae5a4f122",
    "data": [
      {
        "text": "where to get a blank fingerprint card?",
        "userDefined": false
      }
    ],
    "isTemplate": false,
    "count": 0,
    "lang": "en",
    "updated": 0
  },
  {
    "id": "0d2bae75-5b04-4632-ba54-57b4598789f7",
    "data": [
      {
        "text": "I need a blank card",
        "userDefined": false
      }
    ],
    "isTemplate": false,
    "count": 0,
    "lang": "en",
    "updated": 0
  },
  {
    "id": "3d650c8a-a8c0-48b7-bbd9-b2bc1c670f2d",
    "data": [
      {
        "text": "How do i obtain a blank fingerprint card?",
        "userDefined": false
      }
    ],
    "isTemplate": false,
    "count": 0,
    "lang": "en",
    "updated": 0
  },
  {
    "id": "4ca9ad31-8f34-4415-b22c-675f8e96f048",
    "data": [
      {
        "text": "Do you need a physical copy of your fingerprints?",
        "userDefined": false
      }
    ],
    "isTemplate": false,
    "count": 0,
    "lang": "en",
    "updated": 0
  },
  {
    "id": "c890ac58-63fa-42e1-ab46-0e95d331b822",
    "data": [
      {
        "text": "Can you print a fingerprint card with a live scan?",
        "userDefined": false
      }
    ],
    "isTemplate": false,
    "count": 0,
    "lang": "en",
    "updated": 0
  },
  {
    "id": "80323ca9-ed77-4574-9bbf-8c308a4dafd0",
    "data": [
      {
        "text": "How to Fill Out an FBI Fingerprint Card",
        "userDefined": false
      }
    ],
    "isTemplate": false,
    "count": 0,
    "lang": "en",
    "updated": 0
  },
  {
    "id": "cafec2b7-f0b0-4f41-b758-cccf15d81430",
    "data": [
      {
        "text": "Can I take the FBI fingerprints myself?",
        "userDefined": false
      }
    ],
    "isTemplate": false,
    "count": 0,
    "lang": "en",
    "updated": 0
  },
  {
    "id": "0db8128d-f8de-476c-8cdc-5fb2c26315be",
    "data": [
      {
        "text": "Guidelines for Preparation of Fingerprint Cards",
        "userDefined": false
      }
    ],
    "isTemplate": false,
    "count": 0,
    "lang": "en",
    "updated": 0
  },
  {
    "id": "952bdd49-9a98-4c88-acd6-e742f9de8737",
    "data": [
      {
        "text": "want blank finger print card",
        "userDefined": false
      }
    ],
    "isTemplate": false,
    "count": 0,
    "lang": "en",
    "updated": 0
  },
  {
    "id": "4a881618-aabe-4726-846b-a934eb58cc7f",
    "data": [
      {
        "text": "request for blank finger print card",
        "userDefined": false
      }
    ],
    "isTemplate": false,
    "count": 0,
    "lang": "en",
    "updated": 0
  },
  {
    "id": "0e5b5d01-d8d0-4ccb-bb9b-5281cf45fb7e",
    "data": [
      {
        "text": "Need blank finger print card",
        "userDefined": false
      }
    ],
    "isTemplate": false,
    "count": 0,
    "lang": "en",
    "updated": 0
  },
  {
    "id": "04fa08b4-a34f-4767-aae5-eaeb860513bf",
    "data": [
      {
        "text": "How do I get blank finger print card",
        "userDefined": false
      }
    ],
    "isTemplate": false,
    "count": 0,
    "lang": "en",
    "updated": 0
  },
  {
    "id": "da2240a0-7e66-4973-82cc-2dee47900217",
    "data": [
      {
        "text": "Blank fingerprint card",
        "userDefined": false
      }
    ],
    "isTemplate": false,
    "count": 0,
    "lang": "en",
    "updated": 0
  },
  {
    "id": "29bbcad5-c5ed-4dbc-a88e-087934702309",
    "data": [
      {
        "text": "How to get a blank card?",
        "userDefined": false
      }
    ],
    "isTemplate": false,
    "count": 0,
    "lang": "en",
    "updated": 0
  },
  {
    "id": "cb123ebb-1880-46d7-b066-74b52c71d81a",
    "data": [
      {
        "text": "Can I have a blank card",
        "userDefined": false
      }
    ],
    "isTemplate": false,
    "count": 1,
    "lang": "en",
    "updated": 0
  },
  {
    "id": "ebf086b4-87fd-452e-93f3-7c27fa154152",
    "data": [
      {
        "text": "I need a blank fingerprint card",
        "userDefined": false
      }
    ],
    "isTemplate": false,
    "count": 0,
    "lang": "en",
    "updated": 0
  },
  {
    "id": "a4f29876-c256-41e7-bef4-5ec2c483e580",
    "data": [
      {
        "text": "Looking for blank card for fingerprints",
        "userDefined": false
      }
    ],
    "isTemplate": false,
    "count": 1,
    "lang": "en",
    "updated": 0
  },
  {
    "id": "7825b7a7-f6d8-4080-b445-0e39c25d9fcc",
    "data": [
      {
        "text": "can you help me in getting a blank fingerprint card?",
        "userDefined": false
      }
    ],
    "isTemplate": false,
    "count": 0,
    "lang": "en",
    "updated": 0
  },
  {
    "id": "531ffb3a-92be-446f-8376-f805ea43d4ef",
    "data": [
      {
        "text": "I need blank fingerprint card",
        "userDefined": false
      }
    ],
    "isTemplate": false,
    "count": 0,
    "lang": "en",
    "updated": 0
  },
  {
    "id": "26b727bc-84df-4d07-a2cd-751459da5b33",
    "data": [
      {
        "text": "How to get blank fingerprint card?",
        "userDefined": false
      }
    ],
    "isTemplate": false,
    "count": 0,
    "lang": "en",
    "updated": 0
  },
  {
    "id": "48e5623e-1f85-4923-bc8b-fedb06b02430",
    "data": [
      {
        "text": "Can you give me blank fingerprint card?",
        "userDefined": false
      }
    ],
    "isTemplate": false,
    "count": 0,
    "lang": "en",
    "updated": 0
  },
  {
    "id": "0d6b8c51-6aa0-4f90-93c0-86f0db4b42be",
    "data": [
      {
        "text": "How do I get blank fingerprint card?",
        "userDefined": false
      }
    ],
    "isTemplate": false,
    "count": 0,
    "lang": "en",
    "updated": 0
  },
  {
    "id": "94d72cb8-c62a-4db3-9d54-f03c8af90deb",
    "data": [
      {
        "text": "How can I get a blank fingerprint card?",
        "userDefined": false
      }
    ],
    "isTemplate": false,
    "count": 0,
    "lang": "en",
    "updated": 0
  },
  {
    "id": "295119bf-f892-4ad7-b127-bebba173c125",
    "data": [
      {
        "text": "May I get a blank card for fingerprint?",
        "userDefined": false
      }
    ],
    "isTemplate": false,
    "count": 0,
    "lang": "en",
    "updated": 0
  },
  {
    "id": "7f5baa73-64e1-4c3a-8a11-fcd1a8bc2bfa",
    "data": [
      {
        "text": "Expecting blank fingerprint card?",
        "userDefined": false
      }
    ],
    "isTemplate": false,
    "count": 0,
    "lang": "en",
    "updated": 0
  },
  {
    "id": "fa3e14f5-9cf0-4804-a875-37fb00eba705",
    "data": [
      {
        "text": "I need a blank ",
        "userDefined": false
      },
      {
        "text": "card",
        "meta": "@Card",
        "alias": "card",
        "userDefined": false
      },
      {
        "text": " for ",
        "userDefined": false
      },
      {
        "text": "fingerprints",
        "meta": "@Fingerprinted",
        "alias": "fingerprinted",
        "userDefined": false
      }
    ],
    "isTemplate": false,
    "count": 0,
    "lang": "en",
    "updated": 0
  }
]