[
  {
    "id": "d5345a3e-8900-46ed-8687-3aabfb3785a1",
    "data": [
      {
        "text": "How to correct a misspelled name on finger print clearance card",
        "userDefined": false
      }
    ],
    "isTemplate": false,
    "count": 0,
    "lang": "en",
    "updated": 0
  },
  {
    "id": "53bdd50e-71b6-45a3-9468-8b6a21fbe376",
    "data": [
      {
        "text": "change",
        "meta": "@Update",
        "alias": "update",
        "userDefined": false
      },
      {
        "text": " name on finger print card",
        "userDefined": false
      }
    ],
    "isTemplate": false,
    "count": 0,
    "lang": "en",
    "updated": 0
  },
  {
    "id": "48cd3395-2041-4639-b21f-689242a46a6f",
    "data": [
      {
        "text": "Hello name was misspelled on my finger print clearance card. How do I get one with the correct name?",
        "userDefined": false
      }
    ],
    "isTemplate": false,
    "count": 0,
    "lang": "en",
    "updated": 0
  },
  {
    "id": "3488d88d-6cfc-4896-a797-57511ccbde7d",
    "data": [
      {
        "text": "Do I file for new card when divorced with new name,?",
        "userDefined": false
      }
    ],
    "isTemplate": false,
    "count": 0,
    "lang": "en",
    "updated": 0
  },
  {
    "id": "f0cca5c8-3956-41cf-a6b2-df8a1864a38c",
    "data": [
      {
        "text": "I need to remove the \u0027 from O\u0027",
        "userDefined": false
      },
      {
        "text": "Hannon",
        "meta": "@sys.person",
        "alias": "person",
        "userDefined": false
      }
    ],
    "isTemplate": false,
    "count": 0,
    "lang": "en",
    "updated": 0
  },
  {
    "id": "6fb6e001-346a-4320-ac31-d3c4fc06fb0d",
    "data": [
      {
        "text": "Can\u0027t apply online for name ",
        "userDefined": false
      },
      {
        "text": "change",
        "meta": "@Update",
        "alias": "update",
        "userDefined": false
      },
      {
        "text": " on fingerprint clearance card",
        "userDefined": false
      }
    ],
    "isTemplate": false,
    "count": 0,
    "lang": "en",
    "updated": 0
  },
  {
    "id": "9825941b-2507-4cda-b0a8-88f67be4293d",
    "data": [
      {
        "text": "I need assistance applying for level ",
        "userDefined": false
      },
      {
        "text": "one",
        "meta": "@sys.number",
        "alias": "number",
        "userDefined": false
      },
      {
        "text": " fingerprint clearance card due to name ",
        "userDefined": false
      },
      {
        "text": "change",
        "meta": "@Update",
        "alias": "update",
        "userDefined": false
      }
    ],
    "isTemplate": false,
    "count": 0,
    "lang": "en",
    "updated": 0
  },
  {
    "id": "e951ee7e-6e72-4536-a820-c75b2e4a052e",
    "data": [
      {
        "text": "my fingerprint card has my maiden name on it.  I need my married name on my card",
        "userDefined": false
      }
    ],
    "isTemplate": false,
    "count": 0,
    "lang": "en",
    "updated": 0
  },
  {
    "id": "86a35995-c745-49ae-8a1f-4ff5921395b0",
    "data": [
      {
        "text": "I need to change my last name of my fingerprint clearance card because I\u0027m married now can I still you my old card",
        "userDefined": false
      }
    ],
    "isTemplate": false,
    "count": 0,
    "lang": "en",
    "updated": 0
  },
  {
    "id": "6c62a84e-5e95-4643-a481-36caae545dea",
    "data": [
      {
        "text": "my name didn\u0027t match my application or finger print application",
        "userDefined": false
      }
    ],
    "isTemplate": false,
    "count": 0,
    "lang": "en",
    "updated": 0
  },
  {
    "id": "6a0156fa-7253-49c2-bb01-cc81db52edb4",
    "data": [
      {
        "text": "What do I need to do to update my legal name for the fingerprint clearance card I already have?",
        "userDefined": false
      }
    ],
    "isTemplate": false,
    "count": 0,
    "lang": "en",
    "updated": 0
  },
  {
    "id": "ec47101b-6fc2-40fa-a5db-1274722718f0",
    "data": [
      {
        "text": "I got married and need to update my fingerprint clearance card.",
        "userDefined": false
      }
    ],
    "isTemplate": false,
    "count": 0,
    "lang": "en",
    "updated": 0
  },
  {
    "id": "3c60965c-4e23-4e60-8904-6ad598c38b43",
    "data": [
      {
        "text": "I spelt my ",
        "userDefined": false
      },
      {
        "text": "first",
        "meta": "@sys.ordinal",
        "alias": "ordinal",
        "userDefined": false
      },
      {
        "text": " name wrong how do I fix it? it says I cant ",
        "userDefined": false
      },
      {
        "text": "edit",
        "meta": "@Update",
        "alias": "update",
        "userDefined": false
      },
      {
        "text": " my name",
        "userDefined": false
      }
    ],
    "isTemplate": false,
    "count": 0,
    "lang": "en",
    "updated": 0
  },
  {
    "id": "2197d695-892f-4e77-ae97-23505eb9a0f3",
    "data": [
      {
        "text": "There is a mistake on my first name. It\u0027s missing an \u0027e\u0027 at the end. How to fix?",
        "userDefined": false
      }
    ],
    "isTemplate": false,
    "count": 0,
    "lang": "en",
    "updated": 0
  },
  {
    "id": "bdd2448e-535c-4df0-a7d8-112243a79fca",
    "data": [
      {
        "text": "what number do I call to ",
        "userDefined": false
      },
      {
        "text": "edit",
        "meta": "@Update",
        "alias": "update",
        "userDefined": false
      },
      {
        "text": " my name",
        "userDefined": false
      }
    ],
    "isTemplate": false,
    "count": 0,
    "lang": "en",
    "updated": 0
  },
  {
    "id": "a115cdeb-6b98-4d34-a632-3be8693a6b95",
    "data": [
      {
        "text": "I have changed my name and need a new card issued",
        "userDefined": false
      }
    ],
    "isTemplate": false,
    "count": 0,
    "lang": "en",
    "updated": 0
  },
  {
    "id": "563392b7-973c-4f2f-b8ea-3f4c5ea22a45",
    "data": [
      {
        "text": "I already have a card but I have married since then and I would like to change my name on the card",
        "userDefined": false
      }
    ],
    "isTemplate": false,
    "count": 0,
    "lang": "en",
    "updated": 0
  },
  {
    "id": "3c6d82f7-b18e-4f81-909a-8146caf414b8",
    "data": [
      {
        "text": "what can I do if my autocorrect misspelled my name and I didn\u0027t catch it?",
        "userDefined": false
      }
    ],
    "isTemplate": false,
    "count": 0,
    "lang": "en",
    "updated": 0
  },
  {
    "id": "53258e64-054b-4135-81eb-746bef45934b",
    "data": [
      {
        "text": "Got an email about my card.  Name is not correct",
        "userDefined": false
      }
    ],
    "isTemplate": false,
    "count": 0,
    "lang": "en",
    "updated": 0
  },
  {
    "id": "aaaf66f3-dc49-47d3-bf4f-3ba4126c2edc",
    "data": [
      {
        "text": "I need clarification on what name I used on my application as I just got married and need to confirm that is correct",
        "userDefined": false
      }
    ],
    "isTemplate": false,
    "count": 0,
    "lang": "en",
    "updated": 0
  },
  {
    "id": "2510ef7d-c0ce-4e53-9e5e-e3724fd35caf",
    "data": [
      {
        "text": "HI!  I recently got married and have a name change.  How do I update my fingerprint clearance card with my new last name?",
        "userDefined": false
      }
    ],
    "isTemplate": false,
    "count": 0,
    "lang": "en",
    "updated": 0
  },
  {
    "id": "c57126c8-cc48-4f4d-aa29-4ed605c35772",
    "data": [
      {
        "text": "fingerprint clearance application last name correction",
        "userDefined": false
      }
    ],
    "isTemplate": false,
    "count": 0,
    "lang": "en",
    "updated": 0
  },
  {
    "id": "65c3652b-b698-4ced-9859-1d16f4297ed4",
    "data": [
      {
        "text": "New last name, how do I reapply for a fingerprint card",
        "userDefined": false
      }
    ],
    "isTemplate": false,
    "count": 0,
    "lang": "en",
    "updated": 0
  },
  {
    "id": "b8d8684e-3ecc-4da6-9766-5a11b6427cd2",
    "data": [
      {
        "text": "I am in the middle of ",
        "userDefined": false
      },
      {
        "text": "changing",
        "meta": "@Update",
        "alias": "update",
        "userDefined": false
      },
      {
        "text": " my last name because I got married. Should I still apply now?",
        "userDefined": false
      }
    ],
    "isTemplate": false,
    "count": 0,
    "lang": "en",
    "updated": 0
  },
  {
    "id": "2f350942-c378-449e-ac55-74137e2be877",
    "data": [
      {
        "text": "if my name has ",
        "userDefined": false
      },
      {
        "text": "changed",
        "meta": "@Update",
        "alias": "update",
        "userDefined": false
      },
      {
        "text": " do I need to get a new clearance card",
        "userDefined": false
      }
    ],
    "isTemplate": false,
    "count": 0,
    "lang": "en",
    "updated": 0
  },
  {
    "id": "63d128b4-6fe3-49b6-bbc5-57ab9ef42de3",
    "data": [
      {
        "text": "Can you find my name on fingerprint card?",
        "userDefined": false
      }
    ],
    "isTemplate": false,
    "count": 0,
    "lang": "en",
    "updated": 0
  },
  {
    "id": "d2d63b00-5865-4339-b018-d993243ee4a1",
    "data": [
      {
        "text": "I need help submitting my application for a name ",
        "userDefined": false
      },
      {
        "text": "change",
        "userDefined": false
      }
    ],
    "isTemplate": false,
    "count": 1,
    "lang": "en",
    "updated": 0
  },
  {
    "id": "06d49098-8e6e-4812-be3b-25293baff5e1",
    "data": [
      {
        "text": "My last name is different than what is on my card how do I ",
        "userDefined": false
      },
      {
        "text": "change",
        "userDefined": false
      },
      {
        "text": " this",
        "userDefined": false
      }
    ],
    "isTemplate": false,
    "count": 0,
    "lang": "en",
    "updated": 0
  },
  {
    "id": "d90fa143-d54e-47b1-8eec-472864aae633",
    "data": [
      {
        "text": "can you correct my name on my IVP",
        "userDefined": false
      }
    ],
    "isTemplate": false,
    "count": 0,
    "lang": "en",
    "updated": 0
  },
  {
    "id": "a4daf68b-b246-4df0-883d-253d038945b1",
    "data": [
      {
        "text": "My name ",
        "userDefined": false
      },
      {
        "text": "changed",
        "meta": "@Update",
        "alias": "update",
        "userDefined": false
      },
      {
        "text": "; what am I supposed to do?",
        "userDefined": false
      }
    ],
    "isTemplate": false,
    "count": 0,
    "lang": "en",
    "updated": 0
  },
  {
    "id": "8df5439b-0794-4f28-9c82-805a670e3368",
    "data": [
      {
        "text": "My name ",
        "userDefined": false
      },
      {
        "text": "changed",
        "meta": "@Update",
        "alias": "update",
        "userDefined": false
      },
      {
        "text": ", may i know what is the next step?",
        "userDefined": false
      }
    ],
    "isTemplate": false,
    "count": 0,
    "lang": "en",
    "updated": 0
  },
  {
    "id": "20c832d1-3642-493e-b1eb-d27dfb829306",
    "data": [
      {
        "text": "My name got ",
        "userDefined": false
      },
      {
        "text": "changed",
        "meta": "@Update",
        "alias": "update",
        "userDefined": false
      },
      {
        "text": ", i need to update it",
        "userDefined": false
      }
    ],
    "isTemplate": false,
    "count": 0,
    "lang": "en",
    "updated": 0
  },
  {
    "id": "c35c34b2-fdc9-4ab2-9567-8d4b98c9bfaf",
    "data": [
      {
        "text": "Need to ",
        "userDefined": false
      },
      {
        "text": "edit",
        "meta": "@Update",
        "alias": "update",
        "userDefined": false
      },
      {
        "text": " my name",
        "userDefined": false
      }
    ],
    "isTemplate": false,
    "count": 0,
    "lang": "en",
    "updated": 0
  },
  {
    "id": "f961f9e9-c51c-44ce-b9ae-c860b6481af0",
    "data": [
      {
        "text": "How do I ",
        "userDefined": false
      },
      {
        "text": "change",
        "meta": "@Update",
        "alias": "update",
        "userDefined": false
      },
      {
        "text": " my name?",
        "userDefined": false
      }
    ],
    "isTemplate": false,
    "count": 0,
    "lang": "en",
    "updated": 0
  },
  {
    "id": "262911e5-67d6-4c74-a817-d11d76db4b33",
    "data": [
      {
        "text": "My name ",
        "userDefined": false
      },
      {
        "text": "changed",
        "meta": "@Update",
        "alias": "update",
        "userDefined": true
      },
      {
        "text": ", what should I do?",
        "userDefined": false
      }
    ],
    "isTemplate": false,
    "count": 0,
    "lang": "en",
    "updated": 0
  },
  {
    "id": "1ec256bd-ab1d-4219-b914-06362c67c9c8",
    "data": [
      {
        "text": "Can you provide me the steps to ",
        "userDefined": false
      },
      {
        "text": "update",
        "meta": "@Update",
        "alias": "update",
        "userDefined": false
      },
      {
        "text": " my DPS profile?",
        "userDefined": false
      }
    ],
    "isTemplate": false,
    "count": 0,
    "lang": "en",
    "updated": 0
  },
  {
    "id": "9554875b-2476-4a9c-a001-a7ef6ed65ebb",
    "data": [
      {
        "text": "I wanted to ",
        "userDefined": false
      },
      {
        "text": "update",
        "meta": "@Update",
        "alias": "update",
        "userDefined": false
      },
      {
        "text": " my name",
        "userDefined": false
      }
    ],
    "isTemplate": false,
    "count": 0,
    "lang": "en",
    "updated": 0
  },
  {
    "id": "49bc3173-a615-4873-97ed-01390de0d21d",
    "data": [
      {
        "text": "Name needs to be ",
        "userDefined": false
      },
      {
        "text": "updated",
        "meta": "@Update",
        "alias": "update",
        "userDefined": false
      }
    ],
    "isTemplate": false,
    "count": 0,
    "lang": "en",
    "updated": 0
  },
  {
    "id": "b0eb6d4c-f8a4-4b75-8212-6e8e5446d44d",
    "data": [
      {
        "text": "How can i ",
        "userDefined": false
      },
      {
        "text": "update",
        "meta": "@Update",
        "alias": "update",
        "userDefined": false
      },
      {
        "text": " my name?",
        "userDefined": false
      }
    ],
    "isTemplate": false,
    "count": 0,
    "lang": "en",
    "updated": 0
  }
]