[
  {
    "id": "6df1a2a6-dd18-4615-aba3-073b1ca2404e",
    "data": [
      {
        "text": "I\u0027m applying for new card to be caregiver for elderly but it wants me to pick from education choices",
        "userDefined": false
      }
    ],
    "isTemplate": false,
    "count": 0,
    "lang": "en",
    "updated": 0
  },
  {
    "id": "70442403-9a9e-4d08-a5ee-a7bce2fc7758",
    "data": [
      {
        "text": "How do I know what to select when applying for finger print clearance card?",
        "userDefined": false
      }
    ],
    "isTemplate": false,
    "count": 0,
    "lang": "en",
    "updated": 0
  },
  {
    "id": "0a8c0523-c655-4fd5-9d85-e0c2365813ee",
    "data": [
      {
        "text": "hi, im trying to get fingerprint clearance card but my reason is not in the list",
        "userDefined": false
      }
    ],
    "isTemplate": false,
    "count": 0,
    "lang": "en",
    "updated": 0
  },
  {
    "id": "d7b81259-675a-453c-9cd8-f29afe21e5d1",
    "data": [
      {
        "text": "Hi, I am not sure if I need to apply for a IVP finger print card or a non-IVP finger print card for coaching in high school?",
        "userDefined": false
      }
    ],
    "isTemplate": false,
    "count": 0,
    "lang": "en",
    "updated": 0
  },
  {
    "id": "31809fe3-fa1a-4845-99d7-cccf12448ab0",
    "data": [
      {
        "text": "I need a Fingerprint Clearance Card to become a teacher. Which account types should I choose?",
        "userDefined": false
      }
    ],
    "isTemplate": false,
    "count": 0,
    "lang": "en",
    "updated": 0
  },
  {
    "id": "508e314f-3c2a-453b-ab3f-4225b62f1262",
    "data": [
      {
        "text": "my occupation is not listed",
        "userDefined": false
      }
    ],
    "isTemplate": false,
    "count": 0,
    "lang": "en",
    "updated": 0
  },
  {
    "id": "690768ad-c60a-475f-963f-3cacc72de3a8",
    "data": [
      {
        "text": "Hi, I have a question, I am looking to renew/update my Level ",
        "userDefined": false
      },
      {
        "text": "One",
        "meta": "@sys.number",
        "alias": "number",
        "userDefined": false
      },
      {
        "text": " Fingerprint Clearance Card for my Real Estate Appraisal License.  I am not sure what option to select.  Apply for a New Clearance Card, IVP Renewal, Replace an Existing Clearance Card.",
        "userDefined": false
      }
    ],
    "isTemplate": false,
    "count": 0,
    "lang": "en",
    "updated": 0
  },
  {
    "id": "01bba8ca-78be-4811-9f0b-f1114f52900c",
    "data": [
      {
        "text": "I need to get fingerprinted to become a substitute teacher.  Do I apply under fingerprint card?  Is there a different area designating it is for teaching?",
        "userDefined": false
      }
    ],
    "isTemplate": false,
    "count": 0,
    "lang": "en",
    "updated": 0
  },
  {
    "id": "2558e316-9011-4437-adf1-5a743aaa2648",
    "data": [
      {
        "text": "I don\u0027t see my profession here",
        "userDefined": false
      }
    ],
    "isTemplate": false,
    "count": 0,
    "lang": "en",
    "updated": 0
  },
  {
    "id": "0a736147-5274-4df8-8e8e-c625b04e8730",
    "data": [
      {
        "text": "I am a substitute teacher applying for a new clearance card. Do I select IVP or non IVP?",
        "userDefined": false
      }
    ],
    "isTemplate": false,
    "count": 0,
    "lang": "en",
    "updated": 0
  },
  {
    "id": "42b418e1-e6d3-41ab-9df5-a636e5ca063c",
    "data": [
      {
        "text": "What type of fingerprint clearance card should I get?",
        "userDefined": false
      }
    ],
    "isTemplate": false,
    "count": 0,
    "lang": "en",
    "updated": 0
  },
  {
    "id": "5370264e-aefa-43c5-ab2d-f69409e0ddd3",
    "data": [
      {
        "text": "Where do I put my reference card on the fingerprint scan? I don\u0027t see a box for it",
        "userDefined": false
      }
    ],
    "isTemplate": false,
    "count": 0,
    "lang": "en",
    "updated": 0
  },
  {
    "id": "128620ac-9f0d-4ddc-831e-b20e4fab958d",
    "data": [
      {
        "text": "I need to verify that i put the correct reason for applying for a fingerprint card",
        "userDefined": false
      }
    ],
    "isTemplate": false,
    "count": 0,
    "lang": "en",
    "updated": 0
  },
  {
    "id": "86e507c3-4b65-415d-87eb-316bdf7a1b86",
    "data": [
      {
        "text": "Should I put my permanent address or temporary address when creating an AZDPS account for the fingerprint card?",
        "userDefined": false
      }
    ],
    "isTemplate": false,
    "count": 0,
    "lang": "en",
    "updated": 0
  },
  {
    "id": "34f613e6-e767-4f4d-9e15-aeef8d9fc5ff",
    "data": [
      {
        "text": "what are the reasons i need to put down",
        "userDefined": false
      }
    ],
    "isTemplate": false,
    "count": 0,
    "lang": "en",
    "updated": 0
  },
  {
    "id": "0a9d3c41-441e-449e-a9eb-04fa27fc8345",
    "data": [
      {
        "text": "All of the choices are related to ",
        "userDefined": false
      },
      {
        "text": "state",
        "meta": "@sys.geo-country",
        "alias": "geo-country",
        "userDefined": false
      },
      {
        "text": " jobs, mine would be private sector.",
        "userDefined": false
      }
    ],
    "isTemplate": false,
    "count": 0,
    "lang": "en",
    "updated": 0
  },
  {
    "id": "8f2934bf-86d8-4d27-9838-58a94bc2b3ad",
    "data": [
      {
        "text": "hi while creating the account, what option I have to select",
        "userDefined": false
      }
    ],
    "isTemplate": false,
    "count": 0,
    "lang": "en",
    "updated": 0
  },
  {
    "id": "37ea0b44-3fae-4f2b-a8be-67ff9c3e7648",
    "data": [
      {
        "text": "I need to obtain fingerprints for an insurance license and I do not fall under any of the reasons listed for applying under the clearance card non ivp application",
        "userDefined": false
      }
    ],
    "isTemplate": false,
    "count": 0,
    "lang": "en",
    "updated": 0
  },
  {
    "id": "d818787e-bb2d-4778-a990-453f146772f0",
    "data": [
      {
        "text": "Do I need to provide employer information",
        "userDefined": false
      }
    ],
    "isTemplate": false,
    "count": 0,
    "lang": "en",
    "updated": 0
  },
  {
    "id": "66622364-dacd-4e6e-9bd3-96dd8574c510",
    "data": [
      {
        "text": "I need my fingerprints for my independent adjuster license and the Reasons for applying do not provide any option for me.",
        "userDefined": false
      }
    ],
    "isTemplate": false,
    "count": 0,
    "lang": "en",
    "updated": 0
  },
  {
    "id": "9b4c9973-36d0-4b66-91a9-4a0c160c8371",
    "data": [
      {
        "text": "I am renewing my fingerprint clearance card. I was born on an US Airforce base. What do I put as my country of birth?",
        "userDefined": false
      }
    ],
    "isTemplate": false,
    "count": 0,
    "lang": "en",
    "updated": 0
  },
  {
    "id": "83d5fac9-82c0-4a8a-b3bf-62b8e6a50de8",
    "data": [
      {
        "text": "how do I choose reasons for applying for fingerprint card for concealed carry",
        "userDefined": false
      }
    ],
    "isTemplate": false,
    "count": 0,
    "lang": "en",
    "updated": 0
  },
  {
    "id": "a93f4cbd-b979-4bcd-9672-d841d111fa4e",
    "data": [
      {
        "text": "help with reasons for fingerprint card",
        "userDefined": false
      }
    ],
    "isTemplate": false,
    "count": 0,
    "lang": "en",
    "updated": 0
  },
  {
    "id": "e542e699-89e2-464c-bced-bedf251363a9",
    "data": [
      {
        "text": "Hello, my work sent me instructions of how to fill this out and I can not find the option for \"fingerprint method\"",
        "userDefined": false
      }
    ],
    "isTemplate": false,
    "count": 0,
    "lang": "en",
    "updated": 0
  },
  {
    "id": "d7f65dad-cad7-4976-98f6-3611657b6006",
    "data": [
      {
        "text": "I\u0027m attempting my fingerprint card application for a nursing program amd not sure what to do here",
        "userDefined": false
      }
    ],
    "isTemplate": false,
    "count": 0,
    "lang": "en",
    "updated": 0
  },
  {
    "id": "e1c68099-7e41-4d79-bad3-602dc590b2c1",
    "data": [
      {
        "text": "I am getting a fingerprint clearance card for a job with the USGS. I do not see that option in the employer options on the form",
        "userDefined": false
      }
    ],
    "isTemplate": false,
    "count": 0,
    "lang": "en",
    "updated": 0
  },
  {
    "id": "11646c25-0d15-4804-a407-a4ee31e19b45",
    "data": [
      {
        "text": "I study at the Glendale Community College in Arizona, and my school ask me to sign up for the Level One Fingerprint Clearance Card. Can you help me figure out why am I applying?",
        "userDefined": false
      }
    ],
    "isTemplate": false,
    "count": 0,
    "lang": "en",
    "updated": 0
  },
  {
    "id": "87a3a126-f50f-477e-a064-6af79491a383",
    "data": [
      {
        "text": "I am a nurse practitioner and need a finger print clearance card.  not sure which category this falls under when creating an account.",
        "userDefined": false
      }
    ],
    "isTemplate": false,
    "count": 0,
    "lang": "en",
    "updated": 0
  },
  {
    "id": "f887ffa6-5805-4cb6-aa48-06bb9b2d9fb6",
    "data": [
      {
        "text": "I have an expired ivp card that I got as a teacher. I now only need to renew it for foster or adoption reason since I\u0027m no longer a teacher",
        "userDefined": false
      }
    ],
    "isTemplate": false,
    "count": 0,
    "lang": "en",
    "updated": 0
  },
  {
    "id": "f2e854a1-ee1e-48c8-af8e-ff7dd08a1299",
    "data": [
      {
        "text": "Option for applying for fingerprint card not showing",
        "userDefined": false
      }
    ],
    "isTemplate": false,
    "count": 0,
    "lang": "en",
    "updated": 0
  },
  {
    "id": "d9f44ba0-09de-4faf-84b4-49c9522d9b67",
    "data": [
      {
        "text": "For the question : Check all the box(es) to indicate why you are applying. None of those first ",
        "userDefined": false
      },
      {
        "text": "6",
        "meta": "@sys.number",
        "alias": "number",
        "userDefined": false
      },
      {
        "text": " boxes apply to me",
        "userDefined": false
      }
    ],
    "isTemplate": false,
    "count": 0,
    "lang": "en",
    "updated": 0
  },
  {
    "id": "afa1754b-d0e2-4163-a0a7-e453d601e6a2",
    "data": [
      {
        "text": "There was no option for Armed pacific as the state when I tried to apply",
        "userDefined": false
      }
    ],
    "isTemplate": false,
    "count": 0,
    "lang": "en",
    "updated": 0
  },
  {
    "id": "27b4e0fc-357e-4663-83b2-ab84a2ceb759",
    "data": [
      {
        "text": "will I click on School Administrator/Human Resources - You are a school administrator or school\u0027s Human Resources department responsible for ensuring compliance with the Fingerprint Clearance Card process.",
        "userDefined": false
      }
    ],
    "isTemplate": false,
    "count": 0,
    "lang": "en",
    "updated": 0
  },
  {
    "id": "5997645f-7217-4556-a627-629d68cce5dd",
    "data": [
      {
        "text": "What is the reason for applying if I need it for an insurance producer\u0027s license?",
        "userDefined": false
      }
    ],
    "isTemplate": false,
    "count": 0,
    "lang": "en",
    "updated": 0
  },
  {
    "id": "84e4cd00-1095-48aa-baf9-bbfa56a1638f",
    "data": [
      {
        "text": "Hi, I need to obtain a fingerprint clearance card for nursing school. For the reason for applying, what is the best box to check?",
        "userDefined": false
      }
    ],
    "isTemplate": false,
    "count": 1,
    "lang": "en",
    "updated": 0
  },
  {
    "id": "3953155e-9a53-4533-b94f-a7fe92e7fdcb",
    "data": [
      {
        "text": "Can\u0027t find medical marijuana",
        "userDefined": false
      }
    ],
    "isTemplate": false,
    "count": 0,
    "lang": "en",
    "updated": 0
  },
  {
    "id": "caab2a67-a1bf-4784-891b-fbd230a3faff",
    "data": [
      {
        "text": "I need to get fingerprinted to teach at a private school but I don\u0027t see that as an option to check.",
        "userDefined": false
      }
    ],
    "isTemplate": false,
    "count": 0,
    "lang": "en",
    "updated": 0
  },
  {
    "id": "9bc03c12-bcb1-4a82-8db5-826fd0cf3fa1",
    "data": [
      {
        "text": "I need to get cleared so I may volunteer with Meals on Wheels. Which selection should I make?",
        "userDefined": false
      }
    ],
    "isTemplate": false,
    "count": 0,
    "lang": "en",
    "updated": 0
  },
  {
    "id": "a01b6a87-2a41-4d73-8fdc-ee538b751f44",
    "data": [
      {
        "text": "none of these pertain to why I need card",
        "userDefined": false
      }
    ],
    "isTemplate": false,
    "count": 0,
    "lang": "en",
    "updated": 0
  },
  {
    "id": "287262ef-3984-4679-8b00-5bf0f0073476",
    "data": [
      {
        "text": "There is no option for for teaching at a private school",
        "userDefined": false
      }
    ],
    "isTemplate": false,
    "count": 0,
    "lang": "en",
    "updated": 0
  },
  {
    "id": "700f493e-4915-4d32-8813-f202d774dc9f",
    "data": [
      {
        "text": "I received a DCS grant to work on providing Nurturing Parenting Programs to families, but I can\u0027t find the correct description to fit that. Can you help me?",
        "userDefined": false
      }
    ],
    "isTemplate": false,
    "count": 0,
    "lang": "en",
    "updated": 0
  },
  {
    "id": "e3884995-3015-4993-8ba0-9c4a6857ce93",
    "data": [
      {
        "text": "none of the reasons you can check have anything to do with counselling",
        "userDefined": false
      }
    ],
    "isTemplate": false,
    "count": 0,
    "lang": "en",
    "updated": 0
  },
  {
    "id": "56a89cca-2db2-49f6-b7c5-c93825d8b7a6",
    "data": [
      {
        "text": "I need to obtain my fingerprints to obtain the adjusters license for my insurance company and do not see that option.",
        "userDefined": false
      }
    ],
    "isTemplate": false,
    "count": 0,
    "lang": "en",
    "updated": 0
  },
  {
    "id": "60271438-e0db-4a5c-b862-e855bb44af40",
    "data": [
      {
        "text": "I will be applying for a preschool Position at a daycare. What card do I need",
        "userDefined": false
      }
    ],
    "isTemplate": false,
    "count": 0,
    "lang": "en",
    "updated": 0
  },
  {
    "id": "f72771d3-0d9e-41a3-a677-13d500b46492",
    "data": [
      {
        "text": "I don\u0027t know what reasons to put for applying for my fingerprint clearance card",
        "userDefined": false
      }
    ],
    "isTemplate": false,
    "count": 0,
    "lang": "en",
    "updated": 0
  },
  {
    "id": "60d2c002-d967-42e9-b0a0-991854b8e929",
    "data": [
      {
        "text": "I\u0027m starting a new job at the junior high school as a security guard and I need an IVP, which button do I press the security or fingerprint clearance?",
        "userDefined": false
      }
    ],
    "isTemplate": false,
    "count": 0,
    "lang": "en",
    "updated": 0
  },
  {
    "id": "5235049e-c370-4aa0-9226-8c30c20e9e08",
    "data": [
      {
        "text": "Hello, I\u0027m trying to fill out an application for Hazmat fingerprinting but I\u0027m not seeing that option.",
        "userDefined": false
      }
    ],
    "isTemplate": false,
    "count": 0,
    "lang": "en",
    "updated": 0
  },
  {
    "id": "556fd9a1-c651-4a8f-a745-dd2dc179e5cc",
    "data": [
      {
        "text": "I need an FCC to work in a medical marijuana dispensary.  I don\u0027t see marijuana listed as a choice under \"Reason for Applying\"",
        "userDefined": false
      }
    ],
    "isTemplate": false,
    "count": 0,
    "lang": "en",
    "updated": 0
  },
  {
    "id": "f378a7c2-e6a5-4084-a852-413d9de3a34e",
    "data": [
      {
        "text": "But then it gives me options",
        "userDefined": false
      }
    ],
    "isTemplate": false,
    "count": 0,
    "lang": "en",
    "updated": 0
  },
  {
    "id": "028e0abc-a254-494c-a7a0-3f6db7032170",
    "data": [
      {
        "text": "I am an RN. I need a level 1 clearance card to work at behavioral health facility.  what should I check off for \"reason for applying\"",
        "userDefined": false
      }
    ],
    "isTemplate": false,
    "count": 0,
    "lang": "en",
    "updated": 0
  },
  {
    "id": "9c02d553-c2dc-4c77-ae01-451697007f9d",
    "data": [
      {
        "text": "Reasons for applying is for my job and it\u0027s not listed what should I do?",
        "userDefined": false
      }
    ],
    "isTemplate": false,
    "count": 0,
    "lang": "en",
    "updated": 0
  },
  {
    "id": "a1ca02d8-4c4e-4948-b6f4-9f681a2a8897",
    "data": [
      {
        "text": "A place I applied at wants me to get my fingerprint card. What reason",
        "userDefined": false
      }
    ],
    "isTemplate": false,
    "count": 0,
    "lang": "en",
    "updated": 0
  },
  {
    "id": "834beb3b-d167-4cb2-8c26-a6a43c673a83",
    "data": [
      {
        "text": "where do I find DPS PHONE_NUMBER so I can check the box why I\u0027m applying for fingerprint card",
        "userDefined": false
      }
    ],
    "isTemplate": false,
    "count": 0,
    "lang": "en",
    "updated": 0
  },
  {
    "id": "466cdc5d-214c-48bb-829c-5d9b2f928cae",
    "data": [
      {
        "text": "My reasons for applying for a finger print card are not in this check list, what do I do?",
        "userDefined": false
      }
    ],
    "isTemplate": false,
    "count": 1,
    "lang": "en",
    "updated": 0
  },
  {
    "id": "86646204-7d67-4762-8ce6-2861ffe42a5d",
    "data": [
      {
        "text": "I cannot find my reason for applying for the fingerprint clearance card",
        "userDefined": false
      }
    ],
    "isTemplate": false,
    "count": 0,
    "lang": "en",
    "updated": 0
  },
  {
    "id": "6a9f4bd5-4b18-4341-a57c-dbfdfa185b8f",
    "data": [
      {
        "text": "I cannot continue with the application because my reason for applying is not listed",
        "userDefined": false
      }
    ],
    "isTemplate": false,
    "count": 0,
    "lang": "en",
    "updated": 0
  },
  {
    "id": "1e46d3f7-e6e9-4c7f-8e3b-051e8db372c8",
    "data": [
      {
        "text": "I am a nursing student in need of a finger print clearance card. Do I choose the employee or volunteer option?",
        "userDefined": false
      }
    ],
    "isTemplate": false,
    "count": 0,
    "lang": "en",
    "updated": 0
  },
  {
    "id": "19100414-4a31-4ed0-b913-a5d9869d7825",
    "data": [
      {
        "text": "The site is forcing me to click on school options when I need a card for physical therapy",
        "userDefined": false
      }
    ],
    "isTemplate": false,
    "count": 0,
    "lang": "en",
    "updated": 0
  },
  {
    "id": "a70e627c-80b1-4958-8182-55fd6f3209da",
    "data": [
      {
        "text": "hello i just have a question . I am working at MYKID family services and need to know what type of fingerprint clearance card i will need .",
        "userDefined": false
      }
    ],
    "isTemplate": false,
    "count": 0,
    "lang": "en",
    "updated": 0
  },
  {
    "id": "f8d5a30d-815e-4ffd-89dd-43d251770477",
    "data": [
      {
        "text": "I need to get fingerprint clearance card because I will be working with children again but do not  know which agency yet so I do not have employer information",
        "userDefined": false
      }
    ],
    "isTemplate": false,
    "count": 0,
    "lang": "en",
    "updated": 0
  },
  {
    "id": "e56153ea-9ffb-4713-ac7b-c2f3353e67ee",
    "data": [
      {
        "text": "How do I get a Guard Card and not be working for an agency?",
        "userDefined": false
      }
    ],
    "isTemplate": false,
    "count": 0,
    "lang": "en",
    "updated": 0
  },
  {
    "id": "a7020498-77e3-4b37-a18b-e704883810a1",
    "data": [
      {
        "text": "I\u0027m a student going into nursing what ARS do I need to click on for reasons for applying",
        "userDefined": false
      }
    ],
    "isTemplate": false,
    "count": 0,
    "lang": "en",
    "updated": 0
  },
  {
    "id": "02fcf50a-b001-40fc-a108-a36f24ff4944",
    "data": [
      {
        "text": "I am a ",
        "userDefined": false
      },
      {
        "text": "priest",
        "meta": "@sys.person",
        "alias": "person",
        "userDefined": false
      }
    ],
    "isTemplate": false,
    "count": 0,
    "lang": "en",
    "updated": 0
  },
  {
    "id": "e5ed8186-0f8b-48b3-82c4-d7f25eec7925",
    "data": [
      {
        "text": "I need a clearance card for real estate and under reasons for application that is not at option, which box should I select?",
        "userDefined": false
      }
    ],
    "isTemplate": false,
    "count": 0,
    "lang": "en",
    "updated": 0
  },
  {
    "id": "5a1d0b72-6ee3-4f74-b04a-94ccf09fda3e",
    "data": [
      {
        "text": "Hello I\u0027m getting finger printed for my Arizona life insurance license but do not see it below",
        "userDefined": false
      }
    ],
    "isTemplate": false,
    "count": 0,
    "lang": "en",
    "updated": 0
  },
  {
    "id": "0b23a85a-b81c-455e-8959-457311df014f",
    "data": [
      {
        "text": "if my apply to wrk for a group whay to i check off",
        "userDefined": false
      }
    ],
    "isTemplate": false,
    "count": 0,
    "lang": "en",
    "updated": 0
  },
  {
    "id": "cc5a331c-09f0-4729-b21f-ed8d95935442",
    "data": [
      {
        "text": "For healthcare?",
        "userDefined": false
      }
    ],
    "isTemplate": false,
    "count": 0,
    "lang": "en",
    "updated": 0
  },
  {
    "id": "7b2066ee-7ee1-4555-8670-66952c33ef3d",
    "data": [
      {
        "text": "I\u0027m getting finger prints for my Arizona life insurance license working as an independent, but I do not see an option below",
        "userDefined": false
      }
    ],
    "isTemplate": false,
    "count": 0,
    "lang": "en",
    "updated": 0
  },
  {
    "id": "43fc56aa-1618-44d4-8651-86ce396cfbdf",
    "data": [
      {
        "text": "i recnetly got a job as an rn in arizonia. i do not live there yet. what is my reason for applying on fingerprint card?",
        "userDefined": false
      }
    ],
    "isTemplate": false,
    "count": 0,
    "lang": "en",
    "updated": 0
  },
  {
    "id": "b056adf3-5a6f-47a3-b1f8-10f100ab2ed2",
    "data": [
      {
        "text": "I will be working as a Behavioral Health technician. What do I check, where do I fall in? It will be with adults and children. DHS??",
        "userDefined": false
      }
    ],
    "isTemplate": false,
    "count": 0,
    "lang": "en",
    "updated": 0
  },
  {
    "id": "1ce3a57d-e3bb-4842-9449-8792abe06728",
    "data": [
      {
        "text": "I am trying to apply for an IVF card for my teacher license",
        "userDefined": false
      }
    ],
    "isTemplate": false,
    "count": 0,
    "lang": "en",
    "updated": 0
  },
  {
    "id": "c74ee5b0-3ae7-44b7-ae52-b50100853dee",
    "data": [
      {
        "text": "What category do I fall under for fingerprints? Applying to be an emt",
        "userDefined": false
      }
    ],
    "isTemplate": false,
    "count": 0,
    "lang": "en",
    "updated": 0
  },
  {
    "id": "e7a78016-9713-472a-a9b9-bd28cc485e13",
    "data": [
      {
        "text": "I don\u0027t understand the questions because I need my card for my school program",
        "userDefined": false
      }
    ],
    "isTemplate": false,
    "count": 0,
    "lang": "en",
    "updated": 0
  },
  {
    "id": "b6f71ffc-c014-4b2b-8082-54350e08db33",
    "data": [
      {
        "text": "What if I don\u0027t have an agency license number",
        "userDefined": false
      }
    ],
    "isTemplate": false,
    "count": 0,
    "lang": "en",
    "updated": 0
  },
  {
    "id": "bad1f7f6-3e79-4f70-b3ef-7bc1510b1074",
    "data": [
      {
        "text": "I am a non certified employee at a public school district. My employer is requiring me to get a FPCC.  I entered all form ",
        "userDefined": false
      },
      {
        "text": "info. No",
        "meta": "@sys.url",
        "alias": "url",
        "userDefined": false
      },
      {
        "text": " option for personal address. How do I get card sent to my home?",
        "userDefined": false
      }
    ],
    "isTemplate": false,
    "count": 0,
    "lang": "en",
    "updated": 0
  },
  {
    "id": "616f37e9-9a92-4f17-b6ea-ac3938037584",
    "data": [
      {
        "text": "what do i put for business name if i am no longer going to be working for the company i started with?",
        "userDefined": false
      }
    ],
    "isTemplate": false,
    "count": 0,
    "lang": "en",
    "updated": 0
  },
  {
    "id": "fda264f4-c24a-48ae-9e48-35d0c95222a2",
    "data": [
      {
        "text": "what if i want to get my license without a business?",
        "userDefined": false
      }
    ],
    "isTemplate": false,
    "count": 0,
    "lang": "en",
    "updated": 0
  },
  {
    "id": "667d30c4-e0cc-468b-b0b6-22bae1d66e2f",
    "data": [
      {
        "text": "I\u0027m not sure what to put. I need a card to work at Camp Colley",
        "userDefined": false
      }
    ],
    "isTemplate": false,
    "count": 0,
    "lang": "en",
    "updated": 0
  },
  {
    "id": "b57877ea-93ca-4aaf-8955-08acf30a24a4",
    "data": [
      {
        "text": "real estate appraisal",
        "userDefined": false
      }
    ],
    "isTemplate": false,
    "count": 0,
    "lang": "en",
    "updated": 0
  },
  {
    "id": "426f82a9-10c8-4762-8c10-fdbeddea4b7a",
    "data": [
      {
        "text": "reason for applying where is registered nurse",
        "userDefined": false
      }
    ],
    "isTemplate": false,
    "count": 0,
    "lang": "en",
    "updated": 0
  },
  {
    "id": "a3bfe0a3-9db8-4666-946f-2ea06d5cb775",
    "data": [
      {
        "text": "hi. i am unsure about the reason i am suppose to put for why i am applying for this card",
        "userDefined": false
      }
    ],
    "isTemplate": false,
    "count": 0,
    "lang": "en",
    "updated": 0
  },
  {
    "id": "f502aa9f-8f29-4e92-9aee-0ed247237eb1",
    "data": [
      {
        "text": "I am preparing to work for Nightengale Nursing a skilled RN here in ",
        "userDefined": false
      },
      {
        "text": "Phoenix",
        "meta": "@sys.geo-city",
        "alias": "geo-city",
        "userDefined": false
      },
      {
        "text": " area and need to apply for a fingerprint card. The Human Resources manager said to contact your agency.",
        "userDefined": false
      }
    ],
    "isTemplate": false,
    "count": 0,
    "lang": "en",
    "updated": 0
  },
  {
    "id": "32ff35cb-4e46-4847-a6af-f16ebac3ec16",
    "data": [
      {
        "text": "I need it for a real estate licenses",
        "userDefined": false
      }
    ],
    "isTemplate": false,
    "count": 0,
    "lang": "en",
    "updated": 0
  },
  {
    "id": "de8e8189-a8c3-4707-a490-1d4d638201eb",
    "data": [
      {
        "text": "Can you explain the categories",
        "userDefined": false
      }
    ],
    "isTemplate": false,
    "count": 0,
    "lang": "en",
    "updated": 0
  },
  {
    "id": "a8544786-59f5-4390-83c6-8b4834007a39",
    "data": [
      {
        "text": "do you have to have a job requiring fingerprinting to get the clearance card",
        "userDefined": false
      }
    ],
    "isTemplate": false,
    "count": 0,
    "lang": "en",
    "updated": 0
  },
  {
    "id": "e3791f74-7d76-4adf-965b-2c9efd57a09d",
    "data": [
      {
        "text": "I\u0027m not sure which boxes I should check for a fingerprint card for ",
        "userDefined": false
      },
      {
        "text": "AZBN",
        "meta": "@sys.music-artist",
        "alias": "music-artist",
        "userDefined": false
      }
    ],
    "isTemplate": false,
    "count": 0,
    "lang": "en",
    "updated": 0
  },
  {
    "id": "bda3d9ac-f322-4c48-9ab8-7050436e337c",
    "data": [
      {
        "text": "For dealers License",
        "userDefined": false
      }
    ],
    "isTemplate": false,
    "count": 0,
    "lang": "en",
    "updated": 0
  },
  {
    "id": "b1b1956c-1bd1-4571-a304-771d851608c0",
    "data": [
      {
        "text": "i dont see the option for a student",
        "userDefined": false
      }
    ],
    "isTemplate": false,
    "count": 0,
    "lang": "en",
    "updated": 0
  },
  {
    "id": "cdc6c47e-10f9-4b57-a4a6-22f5b5b42f23",
    "data": [
      {
        "text": "I need a fingerprint card to work in a senior facility.  What box do I check?",
        "userDefined": false
      }
    ],
    "isTemplate": false,
    "count": 0,
    "lang": "en",
    "updated": 0
  },
  {
    "id": "be5a63e6-32f9-4306-be06-388f80f24384",
    "data": [
      {
        "text": "I don\u0027t have an agency",
        "userDefined": false
      }
    ],
    "isTemplate": false,
    "count": 0,
    "lang": "en",
    "updated": 0
  },
  {
    "id": "f234afa8-71e1-4cf8-ae51-83d373ea3ba8",
    "data": [
      {
        "text": "If I\u0027m applying for a caregiver position or medical assistant, what is the best reason to choose for card",
        "userDefined": false
      }
    ],
    "isTemplate": false,
    "count": 0,
    "lang": "en",
    "updated": 0
  },
  {
    "id": "0ad7083d-7e72-4c32-bce5-e72267373242",
    "data": [
      {
        "text": "what i choose for medical marijana fingerprint clearance id card",
        "userDefined": false
      }
    ],
    "isTemplate": false,
    "count": 0,
    "lang": "en",
    "updated": 0
  },
  {
    "id": "83cb6a46-a4e3-4b9f-868e-f1e3911c04f2",
    "data": [
      {
        "text": "I dont know what category a Behavioral Health Technician would ",
        "userDefined": false
      },
      {
        "text": "fall",
        "meta": "@sys.date-period",
        "alias": "date-period",
        "userDefined": false
      },
      {
        "text": " under? Would it be DHS?",
        "userDefined": false
      }
    ],
    "isTemplate": false,
    "count": 0,
    "lang": "en",
    "updated": 0
  },
  {
    "id": "82750056-04a8-4a1c-8051-51e8551765c1",
    "data": [
      {
        "text": "APPLYING FOR FOSTER CARE LICENSE  THE ",
        "userDefined": false
      },
      {
        "text": "FIRST",
        "meta": "@sys.number",
        "alias": "number",
        "userDefined": false
      },
      {
        "text": " SET OF QUESTIONS DOES NOT APPLY, IT WON T ALLOW ME TO GO FORWARD WITHOUT CHECKING A BOX, HELP PLEASE.",
        "userDefined": false
      }
    ],
    "isTemplate": false,
    "count": 0,
    "lang": "en",
    "updated": 0
  },
  {
    "id": "ed8388e4-1054-42c0-8a4b-c19b7985167f",
    "data": [
      {
        "text": "I need finger prints clearance, I am applying for a teaching position",
        "userDefined": false
      }
    ],
    "isTemplate": false,
    "count": 0,
    "lang": "en",
    "updated": 0
  },
  {
    "id": "d7de8daa-4823-413c-88a8-0838ddc2e4c1",
    "data": [
      {
        "text": "I am needing to get fingerprints for teaching certification",
        "userDefined": false
      }
    ],
    "isTemplate": false,
    "count": 0,
    "lang": "en",
    "updated": 0
  },
  {
    "id": "60a79408-dd42-4d52-a62b-33bd9fbf6d98",
    "data": [
      {
        "text": "i need volunteering so do i mark yes or no",
        "userDefined": false
      }
    ],
    "isTemplate": false,
    "count": 0,
    "lang": "en",
    "updated": 0
  },
  {
    "id": "763aaff4-e645-4398-84c3-722f35b0ef1b",
    "data": [
      {
        "text": "Hello. My reason for applying is not listed. How should I proceed?",
        "userDefined": false
      }
    ],
    "isTemplate": false,
    "count": 0,
    "lang": "en",
    "updated": 0
  },
  {
    "id": "317b7c62-f70c-4ecd-8d99-e92e3a0b75ef",
    "data": [
      {
        "text": "do I put my current employer?",
        "userDefined": false
      }
    ],
    "isTemplate": false,
    "count": 0,
    "lang": "en",
    "updated": 0
  },
  {
    "id": "782665b3-7063-4f50-9cf8-8731a16a497c",
    "data": [
      {
        "text": "What reasons do I need to have to get a fringerprijt clean range card",
        "userDefined": false
      }
    ],
    "isTemplate": false,
    "count": 0,
    "lang": "en",
    "updated": 0
  },
  {
    "id": "243b6816-fb1d-47f7-b73c-7a2a790e95cd",
    "data": [
      {
        "text": "What boxes should i check for fingerprint clearance if i am to be a pharmacy tech trainee?",
        "userDefined": false
      }
    ],
    "isTemplate": false,
    "count": 0,
    "lang": "en",
    "updated": 0
  },
  {
    "id": "497ddb13-77cf-4cb6-9a8d-856716f8e9fc",
    "data": [
      {
        "text": "Is this the right choice for nursing application?",
        "userDefined": false
      }
    ],
    "isTemplate": false,
    "count": 0,
    "lang": "en",
    "updated": 0
  },
  {
    "id": "1392c13e-5e81-4a88-bc3c-ddb202b91895",
    "data": [
      {
        "text": "I will be working at a preschool. Do I check yes or no about the question involving public schools?",
        "userDefined": false
      }
    ],
    "isTemplate": false,
    "count": 0,
    "lang": "en",
    "updated": 0
  },
  {
    "id": "ffaef017-bd93-4bbb-ba12-fc94bdd60282",
    "data": [
      {
        "text": "employer accounts",
        "userDefined": false
      }
    ],
    "isTemplate": false,
    "count": 0,
    "lang": "en",
    "updated": 0
  },
  {
    "id": "a7f91514-c49a-4985-b40d-43cfd519706b",
    "data": [
      {
        "text": "I am a registered nurse. Board of nursing needs my fingerprints. Which application should choose?",
        "userDefined": false
      }
    ],
    "isTemplate": false,
    "count": 0,
    "lang": "en",
    "updated": 0
  },
  {
    "id": "3d0fb5d1-0476-4ac5-b154-6d46f8dc013a",
    "data": [
      {
        "text": "what do i check for reason for applying as a recent nursing student grad",
        "userDefined": false
      }
    ],
    "isTemplate": false,
    "count": 1,
    "lang": "en",
    "updated": 0
  },
  {
    "id": "2832bff4-db7f-4740-8544-f5107f0fb404",
    "data": [
      {
        "text": "What do I check off if I am a Paramedicine student?",
        "userDefined": false
      }
    ],
    "isTemplate": false,
    "count": 0,
    "lang": "en",
    "updated": 0
  },
  {
    "id": "c3031dc1-db89-4086-9d3b-c03c7d43cc77",
    "data": [
      {
        "text": "I need a fingerprint clearance card for an adoption. I this the right place to get that?",
        "userDefined": false
      }
    ],
    "isTemplate": false,
    "count": 0,
    "lang": "en",
    "updated": 0
  },
  {
    "id": "bee48d30-4490-4764-84e7-e51492b2e6eb",
    "data": [
      {
        "text": "Card number without the card",
        "userDefined": false
      }
    ],
    "isTemplate": false,
    "count": 0,
    "lang": "en",
    "updated": 0
  },
  {
    "id": "8ab365f9-b354-4755-bfce-08399849ae78",
    "data": [
      {
        "text": "What do I check on the form for nursing",
        "userDefined": false
      }
    ],
    "isTemplate": false,
    "count": 0,
    "lang": "en",
    "updated": 0
  },
  {
    "id": "93b96779-d0c1-44b7-ae6b-0ed5c6effdb4",
    "data": [
      {
        "text": "but i\u0027m unsure of which one to chose on registry",
        "userDefined": false
      }
    ],
    "isTemplate": false,
    "count": 0,
    "lang": "en",
    "updated": 0
  },
  {
    "id": "09393fa4-c047-41ee-a5f1-d43f4dc7cdbe",
    "data": [
      {
        "text": "Why is there no category for health care worker?",
        "userDefined": false
      }
    ],
    "isTemplate": false,
    "count": 0,
    "lang": "en",
    "updated": 0
  },
  {
    "id": "8110edcd-8a87-459f-a412-43e952000f33",
    "data": [
      {
        "text": "Which one do I select for my account?",
        "userDefined": false
      }
    ],
    "isTemplate": false,
    "count": 0,
    "lang": "en",
    "updated": 0
  },
  {
    "id": "afa10186-4c57-4453-be85-c293ddc63404",
    "data": [
      {
        "text": "AND THE UNIVERSITY OF ",
        "userDefined": false
      },
      {
        "text": "PHOENIX",
        "meta": "@sys.geo-city",
        "alias": "geo-city",
        "userDefined": false
      },
      {
        "text": " IS REQUESTING THISN CLEARANCE",
        "userDefined": false
      }
    ],
    "isTemplate": false,
    "count": 0,
    "lang": "en",
    "updated": 0
  },
  {
    "id": "5b269430-020f-45a4-8645-186827e060f8",
    "data": [
      {
        "text": "I own and run an alarm company and electrical company in ",
        "userDefined": false
      },
      {
        "text": "California",
        "meta": "@sys.geo-state",
        "alias": "geo-state",
        "userDefined": false
      },
      {
        "text": ".",
        "userDefined": false
      }
    ],
    "isTemplate": false,
    "count": 0,
    "lang": "en",
    "updated": 0
  },
  {
    "id": "01db229b-095e-4e92-9900-6d81ca30f476",
    "data": [
      {
        "text": "real estate",
        "userDefined": false
      }
    ],
    "isTemplate": false,
    "count": 0,
    "lang": "en",
    "updated": 0
  },
  {
    "id": "bc22dc5e-1408-456b-b486-e90806c55c5d",
    "data": [
      {
        "text": "where do i find the form to register as a firearms instructor. I am a ",
        "userDefined": false
      },
      {
        "text": "25 year",
        "meta": "@sys.duration",
        "alias": "duration",
        "userDefined": false
      },
      {
        "text": " military veteran.",
        "userDefined": false
      }
    ],
    "isTemplate": false,
    "count": 0,
    "lang": "en",
    "updated": 0
  },
  {
    "id": "95ed4acd-d518-42e8-8b45-012536b50d54",
    "data": [
      {
        "text": "I\u0027ve filled out the app. What choice do I mark for a rehab and care center for senior center. What does IVP mean?",
        "userDefined": false
      }
    ],
    "isTemplate": false,
    "count": 0,
    "lang": "en",
    "updated": 0
  },
  {
    "id": "22dc6449-1689-465d-91ae-e92f67f4443b",
    "data": [
      {
        "text": "it is for ",
        "userDefined": false
      },
      {
        "text": "Aspen",
        "meta": "@sys.geo-city",
        "alias": "geo-city",
        "userDefined": false
      },
      {
        "text": " University",
        "userDefined": false
      }
    ],
    "isTemplate": false,
    "count": 0,
    "lang": "en",
    "updated": 0
  },
  {
    "id": "7d96f2e7-b841-4b40-9f8b-483307db6e92",
    "data": [
      {
        "text": "My mother needs her fingerprint clearance to file for her ",
        "userDefined": false
      },
      {
        "text": "U.S.",
        "meta": "@sys.geo-country",
        "alias": "geo-country",
        "userDefined": false
      },
      {
        "text": " Citizen ship. I cant find the option for that?",
        "userDefined": false
      }
    ],
    "isTemplate": false,
    "count": 1,
    "lang": "en",
    "updated": 0
  },
  {
    "id": "9522b327-2801-4c4b-999e-0567e402fea7",
    "data": [
      {
        "text": "Do I check off Health and Sciences Student and clinicial assistant if I am applying for a paramedic program?",
        "userDefined": false
      }
    ],
    "isTemplate": false,
    "count": 0,
    "lang": "en",
    "updated": 0
  },
  {
    "id": "f72b2694-f575-425a-b525-0c863ccb9f17",
    "data": [
      {
        "text": "Clearance Card number",
        "userDefined": false
      }
    ],
    "isTemplate": false,
    "count": 0,
    "lang": "en",
    "updated": 0
  },
  {
    "id": "aa1539f5-2ef6-4801-98a0-c04cbd18eac2",
    "data": [
      {
        "text": "I am renewing for being a behavioral health professional but I do not see options to choose this-what is best?",
        "userDefined": false
      }
    ],
    "isTemplate": false,
    "count": 0,
    "lang": "en",
    "updated": 0
  },
  {
    "id": "e8204bef-75b3-4a77-93d3-ff56a940774e",
    "data": [
      {
        "text": "Hello I am applying for a fingerprint card as an individual, I have come to the why  (reason for the card), I selected volunteer due to fact that the listed choices do not apply to me at this time, The form won\u0027t allow me to continue",
        "userDefined": false
      }
    ],
    "isTemplate": false,
    "count": 0,
    "lang": "en",
    "updated": 0
  },
  {
    "id": "9ae96e3a-5260-4ba2-9c8e-eea263fccb21",
    "data": [
      {
        "text": "what type of clearance card I need for pharmacy tech trainee",
        "userDefined": false
      }
    ],
    "isTemplate": false,
    "count": 0,
    "lang": "en",
    "updated": 0
  },
  {
    "id": "e454e53e-1c65-4f21-a157-7d2b8bd97aec",
    "data": [
      {
        "text": "Hi, I was wondering what to do about the \"Is the person an employee or volunteer\" question.",
        "userDefined": false
      }
    ],
    "isTemplate": false,
    "count": 0,
    "lang": "en",
    "updated": 0
  },
  {
    "id": "34f3d3e6-8610-4609-8bc2-72623b180100",
    "data": [
      {
        "text": "on The application there is a place to check the reason....which on do I pick for court jobs",
        "userDefined": false
      }
    ],
    "isTemplate": false,
    "count": 0,
    "lang": "en",
    "updated": 0
  },
  {
    "id": "14419c7e-9a49-49ad-8a31-11ef5b77ec51",
    "data": [
      {
        "text": "Which one do I check if I want if I want my peer support or behavioral health technician",
        "userDefined": false
      }
    ],
    "isTemplate": false,
    "count": 0,
    "lang": "en",
    "updated": 0
  },
  {
    "id": "b331d31b-7fa3-4579-8d95-ce5376e2f108",
    "data": [
      {
        "text": "Hello, I am filling out the application and it asks for my employer\u0027s information. Would that be about my current employer?",
        "userDefined": false
      }
    ],
    "isTemplate": false,
    "count": 0,
    "lang": "en",
    "updated": 0
  },
  {
    "id": "1be3f318-a7cc-4423-b73b-3668f346d1ef",
    "data": [
      {
        "text": "so i am unsure what i should put for my employer",
        "userDefined": false
      }
    ],
    "isTemplate": false,
    "count": 0,
    "lang": "en",
    "updated": 0
  },
  {
    "id": "7b703a58-0b0a-47d5-89fb-104e95fde89a",
    "data": [
      {
        "text": "My reason for applying is not listed. Which one should I use for insurance sales?",
        "userDefined": false
      }
    ],
    "isTemplate": false,
    "count": 0,
    "lang": "en",
    "updated": 0
  },
  {
    "id": "66ab51ab-1a49-4786-8acc-070b4b26ef0c",
    "data": [
      {
        "text": "I don\u0027t know what exactly to select on the reasons. It\u0027s required by my class to get a clearance card for emt",
        "userDefined": false
      }
    ],
    "isTemplate": false,
    "count": 0,
    "lang": "en",
    "updated": 0
  },
  {
    "id": "2085bd21-d9cb-4c4d-9fd7-b18d5e7cd943",
    "data": [
      {
        "text": "what type of card does a nursing student need?",
        "userDefined": false
      }
    ],
    "isTemplate": false,
    "count": 0,
    "lang": "en",
    "updated": 0
  },
  {
    "id": "d74200c0-9865-4e9b-a60b-52ae1998d327",
    "data": [
      {
        "text": "What option do I pick for a level one card",
        "userDefined": false
      }
    ],
    "isTemplate": false,
    "count": 0,
    "lang": "en",
    "updated": 0
  },
  {
    "id": "07287d98-1be2-43f7-9ba4-393fa5ca0fd8",
    "data": [
      {
        "text": "which one do i choose for nursing",
        "userDefined": false
      }
    ],
    "isTemplate": false,
    "count": 0,
    "lang": "en",
    "updated": 0
  },
  {
    "id": "6160419f-e8d6-40bd-a29a-d44fb07ca656",
    "data": [
      {
        "text": "I have already went through those steps but they do not list the option of a bht level ",
        "userDefined": false
      },
      {
        "text": "one",
        "userDefined": false
      }
    ],
    "isTemplate": false,
    "count": 0,
    "lang": "en",
    "updated": 0
  },
  {
    "id": "7793b88c-b036-4277-aee3-460889476b6c",
    "data": [
      {
        "text": "I do not know what to check for the reason for application",
        "userDefined": false
      }
    ],
    "isTemplate": false,
    "count": 0,
    "lang": "en",
    "updated": 0
  },
  {
    "id": "94febbe8-7983-4cc9-86d2-9413c2e21896",
    "data": [
      {
        "text": "I need my card to be applicable to health sciences students and clinical assistants",
        "userDefined": false
      }
    ],
    "isTemplate": false,
    "count": 0,
    "lang": "en",
    "updated": 0
  },
  {
    "id": "59b0749f-2bc5-4f2e-8884-b528439f9844",
    "data": [
      {
        "text": "For level ",
        "userDefined": false
      },
      {
        "text": "one",
        "meta": "@sys.number",
        "alias": "number",
        "userDefined": false
      },
      {
        "text": " clearance card how do i know what i check off?",
        "userDefined": false
      }
    ],
    "isTemplate": false,
    "count": 0,
    "lang": "en",
    "updated": 0
  },
  {
    "id": "aaf86d4e-47f9-4c0f-8abd-5db4543e0c9d",
    "data": [
      {
        "text": "What option is there for a surgery center for future employment",
        "userDefined": false
      }
    ],
    "isTemplate": false,
    "count": 0,
    "lang": "en",
    "updated": 0
  },
  {
    "id": "248d022d-815b-4e70-ac00-6988188c2088",
    "data": [
      {
        "text": "nursing students",
        "userDefined": false
      }
    ],
    "isTemplate": false,
    "count": 0,
    "lang": "en",
    "updated": 0
  },
  {
    "id": "d20b6a5b-f94e-478d-83fa-11a4c13335f1",
    "data": [
      {
        "text": "nursing",
        "userDefined": false
      }
    ],
    "isTemplate": false,
    "count": 0,
    "lang": "en",
    "updated": 0
  },
  {
    "id": "70c55afb-92bd-4915-8300-6432fa5b4cb1",
    "data": [
      {
        "text": "Hi I just want to make sure I did this correctly. I am an online student at University of ",
        "userDefined": false
      },
      {
        "text": "Phoenix",
        "meta": "@sys.geo-city",
        "alias": "geo-city",
        "userDefined": false
      },
      {
        "text": " and live in Illinois. I need to get finger print clearance before I can start my clinical hours.",
        "userDefined": false
      }
    ],
    "isTemplate": false,
    "count": 0,
    "lang": "en",
    "updated": 0
  },
  {
    "id": "78734bcf-85b8-4077-8608-db330bb8cb3a",
    "data": [
      {
        "text": "for emplyment working for the elderly",
        "userDefined": false
      }
    ],
    "isTemplate": false,
    "count": 0,
    "lang": "en",
    "updated": 0
  },
  {
    "id": "b7014268-737a-4d19-9f1b-ff8a33076b47",
    "data": [
      {
        "text": "If I am a GCU student, what do I select for the reason(s) why I am applyin?",
        "userDefined": false
      }
    ],
    "isTemplate": false,
    "count": 0,
    "lang": "en",
    "updated": 0
  },
  {
    "id": "4493b2e4-e11e-439c-a9d3-1759f3a21f8f",
    "data": [
      {
        "text": "I for teaching",
        "userDefined": false
      }
    ],
    "isTemplate": false,
    "count": 0,
    "lang": "en",
    "updated": 0
  },
  {
    "id": "16baf2b7-7323-49a6-8448-705b8961c7ab",
    "data": [
      {
        "text": "To drive a taxicab",
        "userDefined": false
      }
    ],
    "isTemplate": false,
    "count": 0,
    "lang": "en",
    "updated": 0
  },
  {
    "id": "f502ee18-bc0a-42eb-a42f-4db31112876d",
    "data": [
      {
        "text": "what do i mark on my applicaiton",
        "userDefined": false
      }
    ],
    "isTemplate": false,
    "count": 0,
    "lang": "en",
    "updated": 0
  },
  {
    "id": "b8b2ae98-1a3d-43ca-a244-ce2ed9e588cd",
    "data": [
      {
        "text": "Should I enter in ASU\u0027s info instead?",
        "userDefined": false
      }
    ],
    "isTemplate": false,
    "count": 0,
    "lang": "en",
    "updated": 0
  },
  {
    "id": "8ef70003-5c9e-4ca2-b0cf-ceca92f197c5",
    "data": [
      {
        "text": "Do I list the \"",
        "userDefined": false
      },
      {
        "text": "Arizona State",
        "meta": "@sys.geo-state",
        "alias": "geo-state",
        "userDefined": false
      },
      {
        "text": " Board of Dental Examiners\" as my employer/agency?",
        "userDefined": false
      }
    ],
    "isTemplate": false,
    "count": 0,
    "lang": "en",
    "updated": 0
  },
  {
    "id": "f3a0ec87-1f53-44cb-a278-028feecb78fa",
    "data": [
      {
        "text": " What categories should I pick for job?",
        "userDefined": false
      }
    ],
    "isTemplate": false,
    "count": 0,
    "lang": "en",
    "updated": 0
  },
  {
    "id": "87136d92-9aef-4a0d-bb19-9b2dd5dd2703",
    "data": [
      {
        "text": "What do I need for a teacher clearance",
        "userDefined": false
      }
    ],
    "isTemplate": false,
    "count": 0,
    "lang": "en",
    "updated": 0
  },
  {
    "id": "62cb394e-b019-4f1e-8e9f-c306e29eaae7",
    "data": [
      {
        "text": "Apply for my fingerprint for insurance department",
        "userDefined": false
      }
    ],
    "isTemplate": false,
    "count": 0,
    "lang": "en",
    "updated": 0
  },
  {
    "id": "befc232c-cf1b-40bd-84e1-688815796e7c",
    "data": [
      {
        "text": "I am trying to get my finger printing clearance card to be a substitute teacher in public school",
        "userDefined": false
      }
    ],
    "isTemplate": false,
    "count": 0,
    "lang": "en",
    "updated": 0
  },
  {
    "id": "9c0e5acd-ee7b-49eb-ab1e-7ce679a2f352",
    "data": [
      {
        "text": "What do I select if I need this for a nursing program?",
        "userDefined": false
      }
    ],
    "isTemplate": false,
    "count": 0,
    "lang": "en",
    "updated": 0
  },
  {
    "id": "9d3eee5f-822d-4058-b753-75a7b0072054",
    "data": [
      {
        "text": "Need fingerprint card for RN license. What type of card needed \u0026 can you use in other states?",
        "userDefined": false
      }
    ],
    "isTemplate": false,
    "count": 0,
    "lang": "en",
    "updated": 0
  },
  {
    "id": "248988a8-06b4-47de-8a5e-efcb90fb421e",
    "data": [
      {
        "text": "The reason I need my fingerprints is not listed.",
        "userDefined": false
      }
    ],
    "isTemplate": false,
    "count": 0,
    "lang": "en",
    "updated": 0
  },
  {
    "id": "e458c8c3-ace9-4b86-9a26-668a7824e62f",
    "data": [
      {
        "text": "If I need fingerprint card to do for nursing school what do I select for it? Would I just be doing this for volunteer",
        "userDefined": false
      }
    ],
    "isTemplate": false,
    "count": 0,
    "lang": "en",
    "updated": 0
  },
  {
    "id": "e5975440-58f0-42ac-83ca-0de090b233a2",
    "data": [
      {
        "text": "I am required to get a fingerprint card for my new employer, but I have no idea what reason to select.",
        "userDefined": false
      }
    ],
    "isTemplate": false,
    "count": 0,
    "lang": "en",
    "updated": 0
  },
  {
    "id": "c2961d64-fdff-4dcf-bfcb-e8329bbd7e77",
    "data": [
      {
        "text": "My reason for needing a level ",
        "userDefined": false
      },
      {
        "text": "one",
        "meta": "@sys.number",
        "alias": "number",
        "userDefined": false
      },
      {
        "text": " fingerprint card is not listed",
        "userDefined": false
      }
    ],
    "isTemplate": false,
    "count": 0,
    "lang": "en",
    "updated": 0
  },
  {
    "id": "393cc3d4-ef8c-4dcf-9179-259f3a83282f",
    "data": [
      {
        "text": "What do I put for business agency",
        "userDefined": false
      }
    ],
    "isTemplate": false,
    "count": 0,
    "lang": "en",
    "updated": 0
  },
  {
    "id": "76f002ad-7050-4b92-89b1-6a7fd5ae2dfd",
    "data": [
      {
        "text": "What do I select to renew my card, I am a teacher?",
        "userDefined": false
      }
    ],
    "isTemplate": false,
    "count": 0,
    "lang": "en",
    "updated": 0
  },
  {
    "id": "4b17aeb0-a343-42b2-b754-f1a0ccfde571",
    "data": [
      {
        "text": "im unsure what to check for reason for applying. Im doing this for my state board nursing test.",
        "userDefined": false
      }
    ],
    "isTemplate": false,
    "count": 0,
    "lang": "en",
    "updated": 0
  },
  {
    "id": "83557252-d165-4c0d-8b9c-ab55d7bcfea6",
    "data": [
      {
        "text": "What kind of card do I need",
        "userDefined": false
      }
    ],
    "isTemplate": false,
    "count": 0,
    "lang": "en",
    "updated": 0
  },
  {
    "id": "7f109f7a-ea09-48c7-b3b1-f66fa205a678",
    "data": [
      {
        "text": "i don\u0027t know which one to choose",
        "userDefined": false
      }
    ],
    "isTemplate": false,
    "count": 0,
    "lang": "en",
    "updated": 0
  },
  {
    "id": "64336e20-95e3-4478-8475-53e1a5adb418",
    "data": [
      {
        "text": "what type of license for ",
        "userDefined": false
      },
      {
        "text": "Arizona State",
        "meta": "@sys.geo-state",
        "alias": "geo-state",
        "userDefined": false
      },
      {
        "text": " Board of Nursing",
        "userDefined": false
      }
    ],
    "isTemplate": false,
    "count": 0,
    "lang": "en",
    "updated": 0
  },
  {
    "id": "25efa4aa-4569-4985-8397-5a9ee6a583d5",
    "data": [
      {
        "text": "insurance",
        "userDefined": false
      }
    ],
    "isTemplate": false,
    "count": 0,
    "lang": "en",
    "updated": 0
  },
  {
    "id": "6f18cf02-ed20-48f1-9813-4a9e04fee392",
    "data": [
      {
        "text": "what option do i pick for insurance",
        "userDefined": false
      }
    ],
    "isTemplate": false,
    "count": 0,
    "lang": "en",
    "updated": 0
  },
  {
    "id": "7e5e1f3c-276a-4097-9632-98ee440f6518",
    "data": [
      {
        "text": "life insurance",
        "userDefined": false
      }
    ],
    "isTemplate": false,
    "count": 0,
    "lang": "en",
    "updated": 0
  },
  {
    "id": "b873ad7f-9715-4951-8a82-559b55f27f10",
    "data": [
      {
        "text": "I need fingerprints for my Licensed Professional Counselor application. What category do I check?",
        "userDefined": false
      }
    ],
    "isTemplate": false,
    "count": 0,
    "lang": "en",
    "updated": 0
  },
  {
    "id": "24ab4c4d-c83c-46a9-bda2-8f1716589b98",
    "data": [
      {
        "text": "What should I mark as my reason for applying?",
        "userDefined": false
      }
    ],
    "isTemplate": false,
    "count": 0,
    "lang": "en",
    "updated": 0
  },
  {
    "id": "7ececfb1-47d7-4d15-9736-0486c4803bad",
    "data": [
      {
        "text": "Which one do I need to apply for?",
        "userDefined": false
      }
    ],
    "isTemplate": false,
    "count": 0,
    "lang": "en",
    "updated": 0
  },
  {
    "id": "2cce94a7-d8de-4cd8-a18d-ca689643fa43",
    "data": [
      {
        "text": "i am a sports coach. why am i applying?",
        "userDefined": false
      }
    ],
    "isTemplate": false,
    "count": 0,
    "lang": "en",
    "updated": 0
  },
  {
    "id": "cd35d99c-ce45-49e3-8606-83b879c62dc9",
    "data": [
      {
        "text": "Which box do I select if I am applying for a real estate licence?",
        "userDefined": false
      }
    ],
    "isTemplate": false,
    "count": 0,
    "lang": "en",
    "updated": 0
  },
  {
    "id": "2b5c1580-35af-44f9-8a3c-15a81e125547",
    "data": [
      {
        "text": "Im applying for a fingerprint clearance card to be a substitute teacher in Arizona, what box do i check?",
        "userDefined": false
      }
    ],
    "isTemplate": false,
    "count": 0,
    "lang": "en",
    "updated": 0
  },
  {
    "id": "1b0f6de5-f929-4813-b0a9-ac11aa1ed819",
    "data": [
      {
        "text": "Physical Therapist \u0026 Assistants Licensure",
        "userDefined": false
      }
    ],
    "isTemplate": false,
    "count": 0,
    "lang": "en",
    "updated": 0
  },
  {
    "id": "fe4c5437-ffea-4c3c-aa12-a576d356dffd",
    "data": [
      {
        "text": "AZ Schools for the Deaf \u0026 Blind - Superintendent",
        "userDefined": false
      }
    ],
    "isTemplate": false,
    "count": 0,
    "lang": "en",
    "updated": 0
  },
  {
    "id": "054afa91-301d-430d-bfa3-47053d470081",
    "data": [
      {
        "text": "AZ Game and Fish",
        "userDefined": false
      }
    ],
    "isTemplate": false,
    "count": 0,
    "lang": "en",
    "updated": 0
  },
  {
    "id": "39b42f74-4da2-4ea9-8501-66393c5a8e11",
    "data": [
      {
        "text": "Alarm Agent Certification",
        "userDefined": false
      }
    ],
    "isTemplate": false,
    "count": 0,
    "lang": "en",
    "updated": 0
  },
  {
    "id": "ef1e534d-0fdf-4cab-98b0-2728917be3a4",
    "data": [
      {
        "text": " Controlling Person Certification",
        "userDefined": false
      }
    ],
    "isTemplate": false,
    "count": 0,
    "lang": "en",
    "updated": 0
  },
  {
    "id": "a718756c-56d7-4485-b0e3-000687b282e7",
    "data": [
      {
        "text": "Home Inspector Certification",
        "userDefined": false
      }
    ],
    "isTemplate": false,
    "count": 0,
    "lang": "en",
    "updated": 0
  },
  {
    "id": "8e4b3836-16f7-4393-a403-c462105e7c3e",
    "data": [
      {
        "text": "Juvenile Probation Supreme Court, County Attorney or Other Contract Provider Employee or Volunteer",
        "userDefined": false
      }
    ],
    "isTemplate": false,
    "count": 0,
    "lang": "en",
    "updated": 0
  },
  {
    "id": "6e685393-4361-4283-81a1-0dd3ab980275",
    "data": [
      {
        "text": "Health Science Student \u0026 Clinical Assistant",
        "userDefined": false
      }
    ],
    "isTemplate": false,
    "count": 0,
    "lang": "en",
    "updated": 0
  },
  {
    "id": "1099511c-3f4d-4f20-b626-484bc35521c7",
    "data": [
      {
        "text": "Department of Juvenile Corrections - Licensee or Contract Provider",
        "userDefined": false
      }
    ],
    "isTemplate": false,
    "count": 0,
    "lang": "en",
    "updated": 0
  },
  {
    "id": "9fea36b7-7ebc-4b72-80e9-0dcd61be5453",
    "data": [
      {
        "text": "AZ Department of Real Estate - Licensure",
        "userDefined": false
      }
    ],
    "isTemplate": false,
    "count": 0,
    "lang": "en",
    "updated": 0
  },
  {
    "id": "e7bca181-2a9d-4791-ab02-8a67278386c5",
    "data": [
      {
        "text": "AZ Department of Agriculture - Industrial Hemp License",
        "userDefined": false
      }
    ],
    "isTemplate": false,
    "count": 0,
    "lang": "en",
    "updated": 0
  },
  {
    "id": "e7b2ff27-34f9-4307-abcf-6af2fa6ed289",
    "data": [
      {
        "text": "AZ Charter School Board - Member/Applicant",
        "userDefined": false
      }
    ],
    "isTemplate": false,
    "count": 0,
    "lang": "en",
    "updated": 0
  },
  {
    "id": "5e367a91-f27f-464c-89ac-a227dc1b8d87",
    "data": [
      {
        "text": "AZ Board of Fingerprinting Members and Staff",
        "userDefined": false
      }
    ],
    "isTemplate": false,
    "count": 0,
    "lang": "en",
    "updated": 0
  },
  {
    "id": "3952ed80-6405-4b73-91db-96abdbc8a489",
    "data": [
      {
        "text": "Denturist Certification",
        "userDefined": false
      }
    ],
    "isTemplate": false,
    "count": 0,
    "lang": "en",
    "updated": 0
  },
  {
    "id": "b5667e8b-cd9d-4702-867d-11a7e720e5f6",
    "data": [
      {
        "text": "Dental Hygienist Licensure",
        "userDefined": false
      }
    ],
    "isTemplate": false,
    "count": 0,
    "lang": "en",
    "updated": 0
  },
  {
    "id": "e4bf5634-8296-4d7f-91ee-0043aff9ea12",
    "data": [
      {
        "text": "Dental Therapist Licensure",
        "userDefined": false
      }
    ],
    "isTemplate": false,
    "count": 0,
    "lang": "en",
    "updated": 0
  },
  {
    "id": "265ea119-7bc2-483d-9768-f5fa6c4bd212",
    "data": [
      {
        "text": "Dentist Licensure",
        "userDefined": false
      }
    ],
    "isTemplate": false,
    "count": 0,
    "lang": "en",
    "updated": 0
  },
  {
    "id": "e559c589-5856-4908-81fc-3a28e14c06f6",
    "data": [
      {
        "text": "Appraisal Management/Controlling Person",
        "userDefined": false
      }
    ],
    "isTemplate": false,
    "count": 0,
    "lang": "en",
    "updated": 0
  },
  {
    "id": "da473531-d34e-47d3-bb9a-3cbc01378d6e",
    "data": [
      {
        "text": "Appraisal Management/Registraton",
        "userDefined": false
      }
    ],
    "isTemplate": false,
    "count": 0,
    "lang": "en",
    "updated": 0
  },
  {
    "id": "2f0efb95-89a0-437c-a43f-469617af0f99",
    "data": [
      {
        "text": "Appraiser License or Certificate",
        "userDefined": false
      }
    ],
    "isTemplate": false,
    "count": 0,
    "lang": "en",
    "updated": 0
  },
  {
    "id": "347d5480-d9dd-4d5b-933f-5555a68d57ba",
    "data": [
      {
        "text": "Traffic School Licensure",
        "userDefined": false
      }
    ],
    "isTemplate": false,
    "count": 0,
    "lang": "en",
    "updated": 0
  },
  {
    "id": "73a94c6a-2210-4d9d-b2ef-db509518d583",
    "data": [
      {
        "text": "Driver Training School Licensure",
        "userDefined": false
      }
    ],
    "isTemplate": false,
    "count": 0,
    "lang": "en",
    "updated": 0
  },
  {
    "id": "08abce5f-86a4-441d-8dd5-59ba72054231",
    "data": [
      {
        "text": "AZ Dept of ",
        "userDefined": false
      },
      {
        "text": "Ed",
        "userDefined": false
      },
      {
        "text": " - Attend Vocational ",
        "userDefined": false
      },
      {
        "text": "Ed",
        "userDefined": false
      },
      {
        "text": ", Age ",
        "userDefined": false
      },
      {
        "text": "22",
        "userDefined": false
      },
      {
        "text": " or older",
        "userDefined": false
      }
    ],
    "isTemplate": false,
    "count": 0,
    "lang": "en",
    "updated": 0
  },
  {
    "id": "08c518fe-2c99-4174-928f-c31119390111",
    "data": [
      {
        "text": "AZ Dept of Ed - Child Nutrition Programs",
        "userDefined": false
      }
    ],
    "isTemplate": false,
    "count": 0,
    "lang": "en",
    "updated": 0
  },
  {
    "id": "d3c15b2d-c757-4d8d-818a-58fbe583b2ad",
    "data": [
      {
        "text": "AZ Dept of ",
        "userDefined": false
      },
      {
        "text": "Ed",
        "userDefined": false
      },
      {
        "text": " - Surrogate Parents",
        "userDefined": false
      }
    ],
    "isTemplate": false,
    "count": 0,
    "lang": "en",
    "updated": 0
  },
  {
    "id": "ca128e32-1568-46ff-a3cf-a51a21702549",
    "data": [
      {
        "text": "IT Positions and/or Access to Vital Records - ARS § ",
        "userDefined": false
      },
      {
        "text": "36-113",
        "userDefined": false
      },
      {
        "text": ".A",
        "userDefined": false
      }
    ],
    "isTemplate": false,
    "count": 0,
    "lang": "en",
    "updated": 0
  },
  {
    "id": "765375f0-ec9c-473f-adb0-5fe3a449619d",
    "data": [
      {
        "text": "Child Care and Vulnerable Adult Facilities Inspections - ARS § ",
        "userDefined": false
      },
      {
        "text": "36-113",
        "userDefined": false
      },
      {
        "text": ".E",
        "userDefined": false
      }
    ],
    "isTemplate": false,
    "count": 0,
    "lang": "en",
    "updated": 0
  },
  {
    "id": "62676eb4-ecb4-49fb-ab80-eaf8cd72151f",
    "data": [
      {
        "text": "Arizona State Hospital",
        "userDefined": false
      }
    ],
    "isTemplate": false,
    "count": 0,
    "lang": "en",
    "updated": 0
  },
  {
    "id": "f79227e5-73e3-44c3-911c-b1b93f4de2ea",
    "data": [
      {
        "text": "Nursing Care Administrators and Assisted Living Facility Managers",
        "userDefined": false
      }
    ],
    "isTemplate": false,
    "count": 0,
    "lang": "en",
    "updated": 0
  },
  {
    "id": "56d0781a-095e-4cd3-a6fe-6d1c723a4453",
    "data": [
      {
        "text": "Residential or Nursing Care Insitutions, Home Health Agencies - Employees and Volunteers",
        "userDefined": false
      }
    ],
    "isTemplate": false,
    "count": 0,
    "lang": "en",
    "updated": 0
  },
  {
    "id": "e4571d70-ec3e-409a-972b-cf323ed10404",
    "data": [
      {
        "text": "Children\u0027s Behavioral Health Programs Employees and Volunteers",
        "userDefined": false
      }
    ],
    "isTemplate": false,
    "count": 0,
    "lang": "en",
    "updated": 0
  },
  {
    "id": "2377c3d6-6a9c-4d6a-a933-a37e4e6a3112",
    "data": [
      {
        "text": "Child Care Facility Licensure",
        "userDefined": false
      }
    ],
    "isTemplate": false,
    "count": 0,
    "lang": "en",
    "updated": 0
  },
  {
    "id": "50e2ee02-eb5c-4541-952e-e2e32442bd2d",
    "data": [
      {
        "text": "Child Care Employees and Volunteers",
        "userDefined": false
      }
    ],
    "isTemplate": false,
    "count": 0,
    "lang": "en",
    "updated": 0
  },
  {
    "id": "5812e7a1-3052-4a52-b536-0726c4d0e848",
    "data": [
      {
        "text": "Child Care Group Home, Certification, Employees or Volunteers",
        "userDefined": false
      }
    ],
    "isTemplate": false,
    "count": 0,
    "lang": "en",
    "updated": 0
  },
  {
    "id": "fd7a3c8a-86f5-4fd8-bb69-13dd392683ec",
    "data": [
      {
        "text": "Domestic Violenc/Homeless Shelter",
        "userDefined": false
      }
    ],
    "isTemplate": false,
    "count": 0,
    "lang": "en",
    "updated": 0
  },
  {
    "id": "e0132a54-40ca-4147-8c8f-966c1991b9a7",
    "data": [
      {
        "text": "Worforce Innovation \u0026 Opportunity Act",
        "userDefined": false
      }
    ],
    "isTemplate": false,
    "count": 0,
    "lang": "en",
    "updated": 0
  },
  {
    "id": "ca9b8e93-b5f7-4c5d-aac5-c56d93300cc6",
    "data": [
      {
        "text": "JOBS Program",
        "userDefined": false
      }
    ],
    "isTemplate": false,
    "count": 0,
    "lang": "en",
    "updated": 0
  },
  {
    "id": "25d5400e-c357-4008-9112-5ae93673b5b8",
    "data": [
      {
        "text": "Employer or Contractor with Access to Federal Tax Information",
        "userDefined": false
      }
    ],
    "isTemplate": false,
    "count": 0,
    "lang": "en",
    "updated": 0
  },
  {
    "id": "42ea0afa-ec74-498a-bfb2-feefa77ce381",
    "data": [
      {
        "text": "IT Position",
        "userDefined": false
      }
    ],
    "isTemplate": false,
    "count": 0,
    "lang": "en",
    "updated": 0
  },
  {
    "id": "178ecb7c-fde3-40d2-9f13-6f2f1d6225ce",
    "data": [
      {
        "text": "Employee",
        "userDefined": false
      }
    ],
    "isTemplate": false,
    "count": 0,
    "lang": "en",
    "updated": 0
  },
  {
    "id": "eb28dc83-7a87-4fbd-ba25-b99fd19c6dc3",
    "data": [
      {
        "text": "DDD Developmental Home Licensure",
        "userDefined": false
      }
    ],
    "isTemplate": false,
    "count": 0,
    "lang": "en",
    "updated": 0
  },
  {
    "id": "c02a9f11-2e9a-4fe8-8d41-263e098b370e",
    "data": [
      {
        "text": "DDD/HCBS - Home \u0026 Community Based Services",
        "userDefined": false
      }
    ],
    "isTemplate": false,
    "count": 0,
    "lang": "en",
    "updated": 0
  },
  {
    "id": "ad634bed-7f58-4967-8ed5-26c3a15b1610",
    "data": [
      {
        "text": "DAAS Division of Aging \u0026 Adult Services",
        "userDefined": false
      }
    ],
    "isTemplate": false,
    "count": 0,
    "lang": "en",
    "updated": 0
  },
  {
    "id": "4e045e2c-0c26-45f5-9437-f9fb1a508d1d",
    "data": [
      {
        "text": "DES CCR\u0026R Registered Home",
        "userDefined": false
      }
    ],
    "isTemplate": false,
    "count": 0,
    "lang": "en",
    "updated": 0
  },
  {
    "id": "357e1a00-3f63-4d8f-9e31-cfdb0a57c34b",
    "data": [
      {
        "text": "Certified Childcare Provider \u0026 Non-Certified Relative Provider",
        "userDefined": false
      }
    ],
    "isTemplate": false,
    "count": 0,
    "lang": "en",
    "updated": 0
  },
  {
    "id": "0b525d0c-b667-4934-89a8-12c1f185afc4",
    "data": [
      {
        "text": "State Board of Pharmacy - ",
        "userDefined": false
      },
      {
        "text": "3rd",
        "userDefined": false
      },
      {
        "text": " Party Logistic Provider\u0027s Representative",
        "userDefined": false
      }
    ],
    "isTemplate": false,
    "count": 0,
    "lang": "en",
    "updated": 0
  },
  {
    "id": "ff7c50f6-3c83-41a1-af4e-c684d17c1716",
    "data": [
      {
        "text": "State Board of Pharmacy - Licensure",
        "userDefined": false
      }
    ],
    "isTemplate": false,
    "count": 0,
    "lang": "en",
    "updated": 0
  },
  {
    "id": "d5c0ee97-ff22-49fb-bf08-87790bbf993d",
    "data": [
      {
        "text": "DCS Child Welfare/Adoption Agency Employee",
        "userDefined": false
      }
    ],
    "isTemplate": false,
    "count": 0,
    "lang": "en",
    "updated": 0
  },
  {
    "id": "cfbd0513-8aed-4ac3-96a4-aa2498dbc267",
    "data": [
      {
        "text": "DCS Employee or IT Employee",
        "userDefined": false
      }
    ],
    "isTemplate": false,
    "count": 0,
    "lang": "en",
    "updated": 0
  },
  {
    "id": "fe24f5a5-2056-4059-b1bd-f5e79aa1f800",
    "data": [
      {
        "text": "DCS Field Employee",
        "userDefined": false
      }
    ],
    "isTemplate": false,
    "count": 0,
    "lang": "en",
    "updated": 0
  },
  {
    "id": "c9bb00c4-e3f2-4068-b354-fbe331e36220",
    "data": [
      {
        "text": "DCS Foster Home Licensure",
        "userDefined": false
      }
    ],
    "isTemplate": false,
    "count": 0,
    "lang": "en",
    "updated": 0
  },
  {
    "id": "95d7e9c4-33c6-4bd3-9a04-67790097de00",
    "data": [
      {
        "text": "DCS Adoption",
        "userDefined": false
      }
    ],
    "isTemplate": false,
    "count": 0,
    "lang": "en",
    "updated": 0
  },
  {
    "id": "870f8144-13cc-4f82-9f7e-d06455779685",
    "data": [
      {
        "text": "Public and/or Charter School Contractor, Subcontractor or Vendor and their Employees",
        "userDefined": false
      }
    ],
    "isTemplate": false,
    "count": 0,
    "lang": "en",
    "updated": 0
  },
  {
    "id": "1c75f689-c2f4-4483-8503-09e5c27e0d04",
    "data": [
      {
        "text": "Public and/or Charter School Non-certified personnel",
        "userDefined": false
      }
    ],
    "isTemplate": false,
    "count": 0,
    "lang": "en",
    "updated": 0
  },
  {
    "id": "9862a286-02cd-4d4c-b7c1-c14c611d7c4b",
    "data": [
      {
        "text": "School Bus Driver",
        "userDefined": false
      }
    ],
    "isTemplate": false,
    "count": 0,
    "lang": "en",
    "updated": 0
  },
  {
    "id": "27475517-cf91-49f9-808e-95996488d885",
    "data": [
      {
        "text": "Charter School Instructor",
        "userDefined": false
      }
    ],
    "isTemplate": false,
    "count": 0,
    "lang": "en",
    "updated": 0
  },
  {
    "id": "8f66ae2c-b0ec-4893-ad2c-1d5d4badf016",
    "data": [
      {
        "text": "Tutor or Teacher Preparation Programs",
        "userDefined": false
      }
    ],
    "isTemplate": false,
    "count": 0,
    "lang": "en",
    "updated": 0
  },
  {
    "id": "2c38f10f-e5e5-4afb-9da4-7d7685a8415e",
    "data": [
      {
        "text": "State Board of Education (Teacher or Other Certification)",
        "userDefined": false
      }
    ],
    "isTemplate": false,
    "count": 0,
    "lang": "en",
    "updated": 0
  },
  {
    "id": "b33faf43-6dd1-4239-aac9-eab080a9b6ca",
    "data": [
      {
        "text": "What reason do I select for a fingerprint card when non match?",
        "userDefined": false
      }
    ],
    "isTemplate": false,
    "count": 0,
    "lang": "en",
    "updated": 0
  },
  {
    "id": "ff938319-5276-42e2-bebb-9f9246533806",
    "data": [
      {
        "text": "none of the options match why i need a fingerprint card?",
        "userDefined": false
      }
    ],
    "isTemplate": false,
    "count": 0,
    "lang": "en",
    "updated": 0
  },
  {
    "id": "5105a596-939b-4970-aa7b-69d9ac2f51b0",
    "data": [
      {
        "text": "I need to apply for a card but I do not have a code, what option should i select?",
        "userDefined": false
      }
    ],
    "isTemplate": false,
    "count": 0,
    "lang": "en",
    "updated": 0
  },
  {
    "id": "bf4b3127-f765-4640-bf02-4123bee121a8",
    "data": [
      {
        "text": "I am applying for a fingerprint card for nursing school and I do not know what to click",
        "userDefined": false
      }
    ],
    "isTemplate": false,
    "count": 0,
    "lang": "en",
    "updated": 0
  },
  {
    "id": "038caed6-ccdf-45a9-a2c1-558dc2ad70e7",
    "data": [
      {
        "text": "what if the option to why im applying isn\u0027t listed",
        "userDefined": false
      }
    ],
    "isTemplate": false,
    "count": 0,
    "lang": "en",
    "updated": 0
  },
  {
    "id": "8bf41dd0-07ab-4bac-82ec-c75759229278",
    "data": [
      {
        "text": "finger print card does not have my category",
        "userDefined": false
      }
    ],
    "isTemplate": false,
    "count": 0,
    "lang": "en",
    "updated": 0
  },
  {
    "id": "e8230a46-b69a-42dc-bc70-5e4b9863e8af",
    "data": [
      {
        "text": "my reason for applying  is so I can work as an RN at a hospital",
        "userDefined": false
      }
    ],
    "isTemplate": false,
    "count": 0,
    "lang": "en",
    "updated": 0
  },
  {
    "id": "5921bc81-e0b2-4ce9-ba02-5dab59e36aef",
    "data": [
      {
        "text": "which box for a nurse",
        "userDefined": false
      }
    ],
    "isTemplate": false,
    "count": 0,
    "lang": "en",
    "updated": 0
  },
  {
    "id": "ca9a077a-ae6e-4254-b941-cca9c906ba1a",
    "data": [
      {
        "text": "what to select for CNA fingerprint card",
        "userDefined": false
      }
    ],
    "isTemplate": false,
    "count": 0,
    "lang": "en",
    "updated": 0
  },
  {
    "id": "ed2c5a42-e9c2-4e69-a69e-7d318150059e",
    "data": [
      {
        "text": "none of the boxes apply to me.",
        "userDefined": false
      }
    ],
    "isTemplate": false,
    "count": 0,
    "lang": "en",
    "updated": 0
  },
  {
    "id": "115b4aed-da7c-4462-8b98-4e6bf4e42bbb",
    "data": [
      {
        "text": "which box do i need to click",
        "userDefined": false
      }
    ],
    "isTemplate": false,
    "count": 0,
    "lang": "en",
    "updated": 0
  },
  {
    "id": "1438d85b-0419-4fb7-a1f2-76a259214929",
    "data": [
      {
        "text": "I want to know which box to select",
        "userDefined": false
      }
    ],
    "isTemplate": false,
    "count": 0,
    "lang": "en",
    "updated": 0
  },
  {
    "id": "a723a5cd-d712-4223-82fb-babe5f4ed012",
    "data": [
      {
        "text": "What option do I select when choosing what I need the card for",
        "userDefined": false
      }
    ],
    "isTemplate": false,
    "count": 0,
    "lang": "en",
    "updated": 0
  },
  {
    "id": "13e8feda-55b9-4b7c-bbc0-c1e577275c47",
    "data": [
      {
        "text": "which option to choose while applying",
        "userDefined": false
      }
    ],
    "isTemplate": false,
    "count": 0,
    "lang": "en",
    "updated": 0
  },
  {
    "id": "c946f446-97df-4691-8ef5-6b9054c7114c",
    "data": [
      {
        "text": "I don\u0027t know what option to select out of the ones given for my reason for applying",
        "userDefined": false
      }
    ],
    "isTemplate": false,
    "count": 0,
    "lang": "en",
    "updated": 0
  },
  {
    "id": "fcfefaa1-1f79-4df3-9546-0665bbc9ab63",
    "data": [
      {
        "text": "I need to apply for a finger print clearance card.  But none of those options fit why im applying.  Which do I pick",
        "userDefined": false
      }
    ],
    "isTemplate": false,
    "count": 0,
    "lang": "en",
    "updated": 0
  }
]