[
  {
    "id": "22d926a1-13c1-4d3c-b9a3-79da33a31cd7",
    "data": [
      {
        "text": "why can\u0027t you answer me",
        "userDefined": false
      }
    ],
    "isTemplate": false,
    "count": 0,
    "lang": "en",
    "updated": 0
  },
  {
    "id": "e1bd24aa-ad78-4cab-9fc8-9300fd04c979",
    "data": [
      {
        "text": "why don\u0027t you know",
        "userDefined": false
      }
    ],
    "isTemplate": false,
    "count": 0,
    "lang": "en",
    "updated": 0
  },
  {
    "id": "a3b551aa-e8c4-4ff1-ab81-76a43064b601",
    "data": [
      {
        "text": "Why can\u0027t you answer my question?",
        "userDefined": false
      }
    ],
    "isTemplate": false,
    "count": 0,
    "lang": "en",
    "updated": 0
  }
]