[
  {
    "id": "111b30e3-fed4-4243-9030-6e7eb9362f77",
    "data": [
      {
        "text": "there",
        "userDefined": false
      }
    ],
    "isTemplate": false,
    "count": 0,
    "lang": "en",
    "updated": 0
  },
  {
    "id": "0230fe1f-85f7-46e0-88a8-8c0702625809",
    "data": [
      {
        "text": "dear",
        "userDefined": false
      }
    ],
    "isTemplate": false,
    "count": 0,
    "lang": "en",
    "updated": 0
  },
  {
    "id": "bdf6a1c7-32a3-4be5-8f0e-f9ee878fcc63",
    "data": [
      {
        "text": "Are you there?",
        "userDefined": false
      }
    ],
    "isTemplate": false,
    "count": 0,
    "lang": "en",
    "updated": 0
  }
]