[
  {
    "id": "82db7d4c-ff4c-4b96-bfbe-9838336f21cb",
    "data": [
      {
        "text": "Awesome this works",
        "userDefined": false
      }
    ],
    "isTemplate": false,
    "count": 0,
    "lang": "en",
    "updated": 0
  },
  {
    "id": "4f9bf808-6337-469b-9f88-f7cbe06ce7ae",
    "data": [
      {
        "text": "Can you pls pass the information",
        "userDefined": false
      }
    ],
    "isTemplate": false,
    "count": 0,
    "lang": "en",
    "updated": 0
  },
  {
    "id": "7910f4bd-02f9-4517-aa1a-d9ea6a01c913",
    "data": [
      {
        "text": "Appreciate this works",
        "userDefined": false
      }
    ],
    "isTemplate": false,
    "count": 0,
    "lang": "en",
    "updated": 0
  }
]