[
  {
    "id": "047b1ba5-2f2a-402d-9933-7fb497ba6079",
    "data": [
      {
        "text": "Is this a person",
        "userDefined": false
      }
    ],
    "isTemplate": false,
    "count": 0,
    "lang": "en",
    "updated": 0
  },
  {
    "id": "ea8988b1-3b90-4017-81f7-e76d78c45cd1",
    "data": [
      {
        "text": "Are you a human",
        "userDefined": false
      }
    ],
    "isTemplate": false,
    "count": 0,
    "lang": "en",
    "updated": 0
  },
  {
    "id": "ce79f108-cc92-4802-9d26-08f6ba61de47",
    "data": [
      {
        "text": "what can you offer me",
        "userDefined": false
      }
    ],
    "isTemplate": false,
    "count": 0,
    "lang": "en",
    "updated": 0
  },
  {
    "id": "83547572-f10f-4116-a089-9d4f580a6289",
    "data": [
      {
        "text": "Are you person",
        "userDefined": false
      }
    ],
    "isTemplate": false,
    "count": 0,
    "lang": "en",
    "updated": 0
  },
  {
    "id": "d7754c7a-536a-405c-aaaa-b5c0f91ff5fb",
    "data": [
      {
        "text": "what can you answer",
        "userDefined": false
      }
    ],
    "isTemplate": false,
    "count": 0,
    "lang": "en",
    "updated": 0
  },
  {
    "id": "e67fa50c-c4dd-4925-a343-dcdf4b969eee",
    "data": [
      {
        "text": "are you a live person",
        "userDefined": false
      }
    ],
    "isTemplate": false,
    "count": 0,
    "lang": "en",
    "updated": 0
  },
  {
    "id": "ca9e6ccb-1f87-4b12-980e-a97669c00f80",
    "data": [
      {
        "text": "Who are you",
        "userDefined": false
      }
    ],
    "isTemplate": false,
    "count": 0,
    "lang": "en",
    "updated": 0
  }
]