[
  {
    "id": "e3d1c06b-9b16-4246-84cc-b63a5aace241",
    "data": [
      {
        "text": "Are you  nice ?",
        "userDefined": false
      }
    ],
    "isTemplate": false,
    "count": 0,
    "lang": "en",
    "updated": 0
  },
  {
    "id": "2b2230cf-f1a5-4854-bdd7-a449ec557eea",
    "data": [
      {
        "text": "are you civil",
        "userDefined": false
      }
    ],
    "isTemplate": false,
    "count": 0,
    "lang": "en",
    "updated": 0
  },
  {
    "id": "3a83f7f8-35ec-437b-bd5e-a8940d926a3b",
    "data": [
      {
        "text": "can you manage yourself",
        "userDefined": false
      }
    ],
    "isTemplate": false,
    "count": 0,
    "lang": "en",
    "updated": 0
  },
  {
    "id": "20862db5-32d2-4c36-8807-86d3eb786fef",
    "data": [
      {
        "text": "Are you doing fine?",
        "userDefined": false
      }
    ],
    "isTemplate": false,
    "count": 0,
    "lang": "en",
    "updated": 0
  },
  {
    "id": "4429bfd0-993a-4700-9b6f-08547eb62d56",
    "data": [
      {
        "text": "Hey, you how you doin?",
        "userDefined": false
      }
    ],
    "isTemplate": false,
    "count": 0,
    "lang": "en",
    "updated": 0
  },
  {
    "id": "79503f75-07fb-4508-b1b9-1a63230998a2",
    "data": [
      {
        "text": "Hey, how have you been?",
        "userDefined": false
      }
    ],
    "isTemplate": false,
    "count": 0,
    "lang": "en",
    "updated": 0
  },
  {
    "id": "1334089a-7f10-4c84-88ec-aba8502f62db",
    "data": [
      {
        "text": "Are you happy?",
        "userDefined": false
      }
    ],
    "isTemplate": false,
    "count": 0,
    "lang": "en",
    "updated": 0
  },
  {
    "id": "09c46044-2de9-4ba1-8d3c-2b7c7993c899",
    "data": [
      {
        "text": "Are you good?",
        "userDefined": false
      }
    ],
    "isTemplate": false,
    "count": 0,
    "lang": "en",
    "updated": 0
  },
  {
    "id": "cd5ad0a3-2294-4a46-9a1c-db85ae062074",
    "data": [
      {
        "text": "How\u0027s it going?",
        "userDefined": false
      }
    ],
    "isTemplate": false,
    "count": 0,
    "lang": "en",
    "updated": 0
  },
  {
    "id": "7e73709d-6f7e-4dc7-929d-01c0cea16beb",
    "data": [
      {
        "text": "How are you?",
        "userDefined": false
      }
    ],
    "isTemplate": false,
    "count": 0,
    "lang": "en",
    "updated": 0
  },
  {
    "id": "1f664456-94b2-4607-b61c-5b365535fd0b",
    "data": [
      {
        "text": "Are you having a good day?",
        "userDefined": false
      }
    ],
    "isTemplate": false,
    "count": 0,
    "lang": "en",
    "updated": 0
  }
]