[
  {
    "id": "60639b19-8287-4528-a190-3d116828b1b7",
    "data": [
      {
        "text": "are you a robot",
        "userDefined": false
      }
    ],
    "isTemplate": false,
    "count": 0,
    "lang": "en",
    "updated": 0
  },
  {
    "id": "5ac9209e-3bfa-4f09-9f59-85d11b4d9f91",
    "data": [
      {
        "text": "you\u0027re not real",
        "userDefined": false
      }
    ],
    "isTemplate": false,
    "count": 0,
    "lang": "en",
    "updated": 0
  },
  {
    "id": "3650319e-50ac-498b-958a-7c1647603187",
    "data": [
      {
        "text": "your a computer",
        "userDefined": false
      }
    ],
    "isTemplate": false,
    "count": 0,
    "lang": "en",
    "updated": 0
  },
  {
    "id": "acacf341-2060-4de9-90f0-42c09221fbce",
    "data": [
      {
        "text": "Automated",
        "userDefined": false
      }
    ],
    "isTemplate": false,
    "count": 0,
    "lang": "en",
    "updated": 0
  },
  {
    "id": "8c5a6a3b-6ae4-4ac7-a6c5-b2cba0af715a",
    "data": [
      {
        "text": "Your a bot",
        "userDefined": false
      }
    ],
    "isTemplate": false,
    "count": 0,
    "lang": "en",
    "updated": 0
  },
  {
    "id": "dafe2fde-73a4-4c7e-9c17-2d050de429d0",
    "data": [
      {
        "text": "You\u0027re a chatbot",
        "userDefined": false
      }
    ],
    "isTemplate": false,
    "count": 0,
    "lang": "en",
    "updated": 0
  }
]