[
  {
    "id": "11d2e07c-ce66-4d86-ab6a-8e28051a5042",
    "data": [
      {
        "text": "Do you know anything else",
        "userDefined": false
      }
    ],
    "isTemplate": false,
    "count": 0,
    "lang": "en",
    "updated": 0
  },
  {
    "id": "f0d87d1e-9af8-46da-aea9-171c7d56ca29",
    "data": [
      {
        "text": "tell me a joke",
        "userDefined": false
      }
    ],
    "isTemplate": false,
    "count": 0,
    "lang": "en",
    "updated": 0
  },
  {
    "id": "2dceb875-e6bd-42b2-94c0-55ff0d03c061",
    "data": [
      {
        "text": "What else do you know",
        "userDefined": false
      }
    ],
    "isTemplate": false,
    "count": 0,
    "lang": "en",
    "updated": 0
  }
]