[
  {
    "id": "b65a2c77-d8c3-4ff9-9ac7-e9838f2fa4e3",
    "data": [
      {
        "text": "i need an ivp fingerprint to teach",
        "userDefined": false
      }
    ],
    "isTemplate": false,
    "count": 0,
    "lang": "en",
    "updated": 0
  },
  {
    "id": "605b3a8b-bd84-4e24-b083-7286fcc1e10c",
    "data": [
      {
        "text": "Hello I am a Class A CDL truck driver who just recently passed my endorsement test for my hazmat. I am currently trying to fill out the application to get my fingerprint clearance card.",
        "userDefined": false
      }
    ],
    "isTemplate": false,
    "count": 0,
    "lang": "en",
    "updated": 0
  },
  {
    "id": "780535db-bf79-4f25-a592-9007f89af202",
    "data": [
      {
        "text": "I am a staffing agency and my client required a level 1 fingerprint clearance card.",
        "userDefined": false
      }
    ],
    "isTemplate": false,
    "count": 0,
    "lang": "en",
    "updated": 0
  },
  {
    "id": "f4ff9100-298a-425a-b647-bd3bb5c92ee7",
    "data": [
      {
        "text": " Apply for an Arizona Department of Public Safety Identity Verified Prints (AZ DPS IVP) Fingerprint Clearance Card.",
        "userDefined": false
      }
    ],
    "isTemplate": false,
    "count": 0,
    "lang": "en",
    "updated": 0
  },
  {
    "id": "820e31ef-3041-4729-83d5-bf4573e585ab",
    "data": [
      {
        "text": "I work in the HR office of a company in Peoria that works with folks with developmental disabilities and we need fingerprint cards",
        "userDefined": false
      }
    ],
    "isTemplate": false,
    "count": 0,
    "lang": "en",
    "updated": 0
  },
  {
    "id": "abb34c2f-a44a-48d7-bb5a-32ce93d85dd5",
    "data": [
      {
        "text": "Good morning I would like to request for fingerprint and card applications.",
        "userDefined": false
      }
    ],
    "isTemplate": false,
    "count": 0,
    "lang": "en",
    "updated": 0
  },
  {
    "id": "9a1535c3-f557-43d7-9c11-e5faf04e3fd4",
    "data": [
      {
        "text": "need to apply for an IVP",
        "userDefined": false
      }
    ],
    "isTemplate": false,
    "count": 0,
    "lang": "en",
    "updated": 0
  },
  {
    "id": "5bc9a113-3e67-4754-bef0-387ee6d06e57",
    "data": [
      {
        "text": "we were told for foster parenting we need the card",
        "userDefined": false
      }
    ],
    "isTemplate": false,
    "count": 0,
    "lang": "en",
    "updated": 0
  },
  {
    "id": "b9ec5f3b-73fe-4a15-9f66-273be63721c2",
    "data": [
      {
        "text": "I received a fingerprint clearance in ",
        "userDefined": false
      },
      {
        "text": "August 2019",
        "userDefined": false
      },
      {
        "text": ". I need a fingerprint card",
        "userDefined": false
      }
    ],
    "isTemplate": false,
    "count": 0,
    "lang": "en",
    "updated": 0
  },
  {
    "id": "9c6814a2-ef74-4b08-86ae-e78753113f67",
    "data": [
      {
        "text": "My name  Is Ericson ",
        "userDefined": false
      },
      {
        "text": "john Kay",
        "userDefined": false
      },
      {
        "text": ". I need a level ",
        "userDefined": false
      },
      {
        "text": "one",
        "userDefined": false
      },
      {
        "text": " fingerprint clearance card",
        "userDefined": false
      }
    ],
    "isTemplate": false,
    "count": 0,
    "lang": "en",
    "updated": 0
  },
  {
    "id": "109a956a-78a9-40cb-8b93-716719a9d4f1",
    "data": [
      {
        "text": "I am a gcu student and need a fingerprint clearance card",
        "userDefined": false
      }
    ],
    "isTemplate": false,
    "count": 0,
    "lang": "en",
    "updated": 0
  },
  {
    "id": "41336d1d-9f84-4e79-9407-d611d765c23f",
    "data": [
      {
        "text": "I need a level ",
        "userDefined": false
      },
      {
        "text": "1",
        "userDefined": false
      },
      {
        "text": " card  please send link",
        "userDefined": false
      }
    ],
    "isTemplate": false,
    "count": 0,
    "lang": "en",
    "updated": 0
  },
  {
    "id": "97c4d927-15dc-4d5b-a7bb-828918e572e4",
    "data": [
      {
        "text": "I need to reapply for my fingerprint clearance card",
        "userDefined": false
      }
    ],
    "isTemplate": false,
    "count": 0,
    "lang": "en",
    "updated": 0
  },
  {
    "id": "a79726a9-abdf-481f-8b45-43cc4053d9a7",
    "data": [
      {
        "text": "I want to apply finger print card and want to pay 67\u0026. Where I need to send the cashiers check",
        "userDefined": false
      }
    ],
    "isTemplate": false,
    "count": 0,
    "lang": "en",
    "updated": 0
  },
  {
    "id": "a77f059e-929d-42bd-bcaa-d40148816651",
    "data": [
      {
        "text": "How to get figure clearance card for charter school assistants",
        "userDefined": false
      }
    ],
    "isTemplate": false,
    "count": 0,
    "lang": "en",
    "updated": 0
  },
  {
    "id": "1954b359-8112-428a-9226-6bdeb356272c",
    "data": [
      {
        "text": "How do I order more fingerprint applications and cards?",
        "userDefined": false
      }
    ],
    "isTemplate": false,
    "count": 0,
    "lang": "en",
    "updated": 0
  },
  {
    "id": "8a0e8202-5e15-4930-a568-debf5ad71330",
    "data": [
      {
        "text": "I will be working at an adult behavioral health psychosocial rehab program and need a level ",
        "userDefined": false
      },
      {
        "text": "one",
        "userDefined": false
      },
      {
        "text": " fingerprint clearance card. is that a IVP or Non-IVP card?",
        "userDefined": false
      }
    ],
    "isTemplate": false,
    "count": 0,
    "lang": "en",
    "updated": 0
  },
  {
    "id": "0f7bc9d7-9da9-4628-83bf-ec720e801cf0",
    "data": [
      {
        "text": "If I need a level ",
        "userDefined": false
      },
      {
        "text": "one",
        "meta": "@sys.number",
        "alias": "number",
        "userDefined": false
      },
      {
        "text": ", do I need to request it up front?",
        "userDefined": false
      }
    ],
    "isTemplate": false,
    "count": 0,
    "lang": "en",
    "updated": 0
  },
  {
    "id": "5c1720c7-e570-4dcd-9d80-ffd4b0cf6a2e",
    "data": [
      {
        "text": "I have had a fingerprint clearance card in the past, and I lost it. Do I need to reapply for ",
        "userDefined": false
      },
      {
        "text": "one",
        "meta": "@sys.number",
        "alias": "number",
        "userDefined": false
      },
      {
        "text": " or what would be the best option to get a new one",
        "userDefined": false
      }
    ],
    "isTemplate": false,
    "count": 0,
    "lang": "en",
    "updated": 0
  },
  {
    "id": "150e1d9c-4735-46b7-9b10-65db26415e6f",
    "data": [
      {
        "text": "i need fingerprints",
        "userDefined": false
      }
    ],
    "isTemplate": false,
    "count": 0,
    "lang": "en",
    "updated": 0
  },
  {
    "id": "b8d5015d-7420-45a9-bb2d-a3b42596b7c4",
    "data": [
      {
        "text": "where is the level ",
        "userDefined": false
      },
      {
        "text": "1",
        "meta": "@sys.number",
        "alias": "number",
        "userDefined": false
      },
      {
        "text": " fingerprint card i already have a standard one?",
        "userDefined": false
      }
    ],
    "isTemplate": false,
    "count": 0,
    "lang": "en",
    "updated": 0
  },
  {
    "id": "90454605-5d8b-4d51-8b8c-285c5d3adabf",
    "data": [
      {
        "text": "I need my fingerprint clearance card.",
        "userDefined": false
      }
    ],
    "isTemplate": false,
    "count": 0,
    "lang": "en",
    "updated": 0
  },
  {
    "id": "f5cc441e-a46f-4c77-a05d-ce1bb1ab8704",
    "data": [
      {
        "text": "Can u please tell me if able to get a fingerprint clearance card to work in the cafeteria at a school by name",
        "userDefined": false
      }
    ],
    "isTemplate": false,
    "count": 0,
    "lang": "en",
    "updated": 0
  },
  {
    "id": "9de24b5c-749f-4190-b17a-3aabe875259c",
    "data": [
      {
        "text": "If I need an AZ Fingerprint Clearance Card, but I\u0027m not for sure what account to sign up for. I was told to request an IVP and State Board of Education.",
        "userDefined": false
      }
    ],
    "isTemplate": false,
    "count": 0,
    "lang": "en",
    "updated": 0
  },
  {
    "id": "dcad9190-9436-4e6f-85e5-0e5a7eee84cc",
    "data": [
      {
        "text": "He I am trying to get a finger clearance card for my new daycare position",
        "userDefined": false
      }
    ],
    "isTemplate": false,
    "count": 0,
    "lang": "en",
    "updated": 0
  },
  {
    "id": "bb5cb697-8058-495d-85c4-2e1a1a75f97e",
    "data": [
      {
        "text": "Yes thank you I need a fingerprint clearance card for my new employer what do I do?",
        "userDefined": false
      }
    ],
    "isTemplate": false,
    "count": 0,
    "lang": "en",
    "updated": 0
  },
  {
    "id": "bc11d8bb-b5ee-4e7a-ab63-982d4b968689",
    "data": [
      {
        "text": "can I order a fingerprint card",
        "userDefined": false
      }
    ],
    "isTemplate": false,
    "count": 0,
    "lang": "en",
    "updated": 0
  },
  {
    "id": "e5f2d7c4-1a8b-478c-9fb1-7a500924320b",
    "data": [
      {
        "text": "New fingerprint cards",
        "userDefined": false
      }
    ],
    "isTemplate": false,
    "count": 0,
    "lang": "en",
    "updated": 0
  },
  {
    "id": "6ae5efd1-ce63-4141-87b8-dc01c42e2142",
    "data": [
      {
        "text": "My new employer is requesting I have a fingerprint clearance what do I do",
        "userDefined": false
      }
    ],
    "isTemplate": false,
    "count": 0,
    "lang": "en",
    "updated": 0
  },
  {
    "id": "458a3a83-ef4a-4d4d-b30b-8ffb37b6b349",
    "data": [
      {
        "text": "My son is going to work at YMCA and needs clearance card",
        "userDefined": false
      }
    ],
    "isTemplate": false,
    "count": 0,
    "lang": "en",
    "updated": 0
  },
  {
    "id": "ec058482-d55a-444e-b95f-73bfa3f7dacf",
    "data": [
      {
        "text": "My employer wants a fingerprint card",
        "userDefined": false
      }
    ],
    "isTemplate": false,
    "count": 0,
    "lang": "en",
    "updated": 0
  },
  {
    "id": "b953fcbf-1e11-4e30-83dc-853a3eb8c428",
    "data": [
      {
        "text": "I need my fingerprint clearance card",
        "userDefined": false
      }
    ],
    "isTemplate": false,
    "count": 0,
    "lang": "en",
    "updated": 0
  },
  {
    "id": "175bf262-9b25-48f3-8080-49f9988d4cf4",
    "data": [
      {
        "text": "Yes I\u0027m looking to get an IVP clearance card.",
        "userDefined": false
      }
    ],
    "isTemplate": false,
    "count": 0,
    "lang": "en",
    "updated": 0
  },
  {
    "id": "b3123be0-e6e8-41c7-9e6e-507650eaed07",
    "data": [
      {
        "text": "New fingerprint card",
        "userDefined": false
      }
    ],
    "isTemplate": false,
    "count": 0,
    "lang": "en",
    "updated": 0
  },
  {
    "id": "b6d82d08-a31a-4ec8-a659-2cd9c6b16fa9",
    "data": [
      {
        "text": "I want a new fingerprint card",
        "userDefined": false
      }
    ],
    "isTemplate": false,
    "count": 0,
    "lang": "en",
    "updated": 0
  },
  {
    "id": "08a60992-dfec-4de3-8d13-181a758fc4ea",
    "data": [
      {
        "text": "I need my finger prints clearance",
        "userDefined": false
      }
    ],
    "isTemplate": false,
    "count": 0,
    "lang": "en",
    "updated": 0
  },
  {
    "id": "96d316d6-07de-449f-9169-96d7a0cda7da",
    "data": [
      {
        "text": "I need my own fingerprints card",
        "userDefined": false
      }
    ],
    "isTemplate": false,
    "count": 0,
    "lang": "en",
    "updated": 0
  },
  {
    "id": "1a0ee7dd-0bd4-40d3-b02e-a0b275c64e76",
    "data": [
      {
        "text": "Hello I\u0027m trying to obtain my clearance card",
        "userDefined": false
      }
    ],
    "isTemplate": false,
    "count": 0,
    "lang": "en",
    "updated": 0
  },
  {
    "id": "bb5381ad-cd15-4339-a180-fdb220bcb5b6",
    "data": [
      {
        "text": "I as fingerprinted in Casa Grande in 2014 or 2015. I need a clearance card",
        "userDefined": false
      }
    ],
    "isTemplate": false,
    "count": 0,
    "lang": "en",
    "updated": 0
  },
  {
    "id": "6d9b7435-25bf-4880-9b8f-de455d5b278a",
    "data": [
      {
        "text": "I am applying for fingerprint clearance card",
        "userDefined": false
      }
    ],
    "isTemplate": false,
    "count": 0,
    "lang": "en",
    "updated": 0
  },
  {
    "id": "ff520e33-c859-4a24-8fdb-c77f7bdad851",
    "data": [
      {
        "text": "Hello, what do I have to do to get a fingerprint level ",
        "userDefined": false
      },
      {
        "text": "1",
        "meta": "@sys.number",
        "alias": "number",
        "userDefined": false
      },
      {
        "text": " card?",
        "userDefined": false
      }
    ],
    "isTemplate": false,
    "count": 0,
    "lang": "en",
    "updated": 0
  },
  {
    "id": "6d008e28-42ed-4222-b82e-b341921553db",
    "data": [
      {
        "text": "i am a private caregiver looking to get finger printed card",
        "userDefined": false
      }
    ],
    "isTemplate": false,
    "count": 0,
    "lang": "en",
    "updated": 0
  },
  {
    "id": "f56181fa-2518-4ce5-b62d-13fc082c49ab",
    "data": [
      {
        "text": "how to obtain an IVP card",
        "userDefined": false
      }
    ],
    "isTemplate": false,
    "count": 0,
    "lang": "en",
    "updated": 0
  },
  {
    "id": "5bd7f22a-7315-4b1b-a7ee-a6beb138f3eb",
    "data": [
      {
        "text": "I would like to apply for an IVP card",
        "userDefined": false
      }
    ],
    "isTemplate": false,
    "count": 0,
    "lang": "en",
    "updated": 0
  },
  {
    "id": "fbd1e946-22be-497f-86dd-ac3c8df7b65a",
    "data": [
      {
        "text": "can an employer apply for one for you?",
        "userDefined": false
      }
    ],
    "isTemplate": false,
    "count": 0,
    "lang": "en",
    "updated": 0
  },
  {
    "id": "80acd9f2-d7ab-44e1-b1c8-df12ad1ec1bb",
    "data": [
      {
        "text": "how does an employer apply for employee",
        "userDefined": false
      }
    ],
    "isTemplate": false,
    "count": 0,
    "lang": "en",
    "updated": 0
  },
  {
    "id": "664b2f5f-d2ec-49ed-8564-fa9ca1c5ea83",
    "data": [
      {
        "text": "Can I apply for a clearance for myself?",
        "userDefined": false
      }
    ],
    "isTemplate": false,
    "count": 0,
    "lang": "en",
    "updated": 0
  },
  {
    "id": "b6b257d5-87f5-4a75-b852-bcbc2da01df9",
    "data": [
      {
        "text": "I\u0027m having trouble applying for a level ",
        "userDefined": false
      },
      {
        "text": "one",
        "meta": "@sys.number",
        "alias": "number",
        "userDefined": false
      },
      {
        "text": " finger print card",
        "userDefined": false
      }
    ],
    "isTemplate": false,
    "count": 0,
    "lang": "en",
    "updated": 0
  },
  {
    "id": "a6625da9-89d3-48bf-9b54-63f61cd6a94e",
    "data": [
      {
        "text": "What do get my clearance fingerprints",
        "userDefined": false
      }
    ],
    "isTemplate": false,
    "count": 0,
    "lang": "en",
    "updated": 0
  },
  {
    "id": "1d0c6f70-1c15-4578-b676-e686e34b7ac9",
    "data": [
      {
        "text": "Hello I am trying to get my fingerprint clearance card done",
        "userDefined": false
      }
    ],
    "isTemplate": false,
    "count": 0,
    "lang": "en",
    "updated": 0
  },
  {
    "id": "b5be8c59-9e9c-4b6c-8ec1-477f541994f3",
    "data": [
      {
        "text": "How do I get my finger print card",
        "userDefined": false
      }
    ],
    "isTemplate": false,
    "count": 0,
    "lang": "en",
    "updated": 0
  },
  {
    "id": "350f31f2-24bd-4559-99ee-2c0d5a125d17",
    "data": [
      {
        "text": "HOW DO I GET A FINGERPRINT CARD?",
        "userDefined": false
      }
    ],
    "isTemplate": false,
    "count": 0,
    "lang": "en",
    "updated": 0
  },
  {
    "id": "89593d22-c156-43b7-8b59-4fb3db781a36",
    "data": [
      {
        "text": "i need to get a level ",
        "userDefined": false
      },
      {
        "text": "1",
        "meta": "@sys.number",
        "alias": "number",
        "userDefined": false
      },
      {
        "text": " finger print clearance card",
        "userDefined": false
      }
    ],
    "isTemplate": false,
    "count": 0,
    "lang": "en",
    "updated": 0
  },
  {
    "id": "3d67d353-dccd-4130-b013-517fd5ae938a",
    "data": [
      {
        "text": "I am applying for a maintenance tech position  and just need an IVP card",
        "userDefined": false
      }
    ],
    "isTemplate": false,
    "count": 0,
    "lang": "en",
    "updated": 0
  },
  {
    "id": "4cf5748b-2538-42d4-bef4-20957da86cc5",
    "data": [
      {
        "text": "Fingerprint card request for overseas military members.",
        "userDefined": false
      }
    ],
    "isTemplate": false,
    "count": 0,
    "lang": "en",
    "updated": 0
  },
  {
    "id": "3a286c0c-ad53-4981-afe1-bbe0517b8fd3",
    "data": [
      {
        "text": "Hi there, Id like to order new application forms for fingerprint clearance cards.  Would you please share how to go about this?",
        "userDefined": false
      }
    ],
    "isTemplate": false,
    "count": 0,
    "lang": "en",
    "updated": 0
  },
  {
    "id": "97724d7a-c259-444a-9a80-fb963a655890",
    "data": [
      {
        "text": "can I go in person to request a new  fingerprint card",
        "userDefined": false
      }
    ],
    "isTemplate": false,
    "count": 0,
    "lang": "en",
    "updated": 0
  },
  {
    "id": "bc747e2b-f8f7-4b05-8abc-f1a9c787ae34",
    "data": [
      {
        "text": "I\u0027m trying to get my finger prints clearance card so I can start school in September and how much is it",
        "userDefined": false
      }
    ],
    "isTemplate": false,
    "count": 0,
    "lang": "en",
    "updated": 0
  },
  {
    "id": "6e4f589b-07e8-49d7-85c6-846f45c5fe59",
    "data": [
      {
        "text": "where do I go to get new  finger prints if your office is closed due to COVID 19?",
        "userDefined": false
      }
    ],
    "isTemplate": false,
    "count": 0,
    "lang": "en",
    "updated": 0
  },
  {
    "id": "9eaaab9d-b8a9-448c-9eb8-1422aea31f13",
    "data": [
      {
        "text": "I have lost my fingerprint card.  How do I apply for another one?",
        "userDefined": false
      }
    ],
    "isTemplate": false,
    "count": 0,
    "lang": "en",
    "updated": 0
  },
  {
    "id": "bd7d6dd7-af35-466e-a7ee-2fa9676f086c",
    "data": [
      {
        "text": "I already have an IVP card because I am a teacher. Do I need a different fingerprint card to be a pharmacy technician?",
        "userDefined": false
      }
    ],
    "isTemplate": false,
    "count": 0,
    "lang": "en",
    "updated": 0
  },
  {
    "id": "df10dabe-d6ec-4313-8ab3-0faf8cf9e57f",
    "data": [
      {
        "text": "I need a new card unrestricted but my current card is still valid ",
        "userDefined": false
      },
      {
        "text": "until 2025",
        "meta": "@sys.date-period",
        "alias": "date-period",
        "userDefined": false
      },
      {
        "text": ".",
        "userDefined": false
      }
    ],
    "isTemplate": false,
    "count": 0,
    "lang": "en",
    "updated": 0
  },
  {
    "id": "bf9c8c9c-c4ef-4c88-b535-b9985c2806f2",
    "data": [
      {
        "text": "Can I apply for ccw renewal electronically on this site?",
        "userDefined": false
      }
    ],
    "isTemplate": false,
    "count": 0,
    "lang": "en",
    "updated": 0
  },
  {
    "id": "17e1c280-9e42-428b-8be6-e44cd6abeccc",
    "data": [
      {
        "text": "I have been locked out of my account. I am trying to apply for fingerprint clearance card.",
        "userDefined": false
      }
    ],
    "isTemplate": false,
    "count": 0,
    "lang": "en",
    "updated": 0
  },
  {
    "id": "bd905e8b-1efe-49a1-89a7-7a6ee07fa9d2",
    "data": [
      {
        "text": "I need to request fingerprints card",
        "userDefined": false
      }
    ],
    "isTemplate": false,
    "count": 0,
    "lang": "en",
    "updated": 0
  },
  {
    "id": "6f65922a-141a-4a47-9b6b-d17a177cec33",
    "data": [
      {
        "text": "How to register for fingerprinting",
        "userDefined": false
      }
    ],
    "isTemplate": false,
    "count": 0,
    "lang": "en",
    "updated": 0
  },
  {
    "id": "ca4aa60e-661c-447b-af59-63ade04364ed",
    "data": [
      {
        "text": "Hi, I need to apply for a fingerprint card but the system says there is already an application submitted. I have not submitted anything.",
        "userDefined": false
      }
    ],
    "isTemplate": false,
    "count": 0,
    "lang": "en",
    "updated": 0
  },
  {
    "id": "6698433e-ab72-4cb7-a77e-be6ab415f1df",
    "data": [
      {
        "text": "hi, i need my fingerprints for a new work",
        "userDefined": false
      }
    ],
    "isTemplate": false,
    "count": 0,
    "lang": "en",
    "updated": 0
  },
  {
    "id": "3295dab7-92e1-4403-bf5f-b767b3500cd2",
    "data": [
      {
        "text": "how do i request finger prints electronically",
        "userDefined": false
      }
    ],
    "isTemplate": false,
    "count": 0,
    "lang": "en",
    "updated": 0
  },
  {
    "id": "766750ea-3a81-4c28-96b1-0ef4654ed4b6",
    "data": [
      {
        "text": "Hi I\u0027m applying for my fingerprints clearance card",
        "userDefined": false
      }
    ],
    "isTemplate": false,
    "count": 0,
    "lang": "en",
    "updated": 0
  },
  {
    "id": "a32d2056-f958-41bd-9f89-92b871a9be14",
    "data": [
      {
        "text": "How do you get a finger print card for home inspection license?",
        "userDefined": false
      }
    ],
    "isTemplate": false,
    "count": 0,
    "lang": "en",
    "updated": 0
  },
  {
    "id": "75f14e69-2fc0-41ea-b754-97faef1483b4",
    "data": [
      {
        "text": "Fingerprinting Clearance Card",
        "userDefined": false
      }
    ],
    "isTemplate": false,
    "count": 0,
    "lang": "en",
    "updated": 0
  },
  {
    "id": "ac0e2975-8a8e-403f-a6e3-5a4e60ca9a4b",
    "data": [
      {
        "text": "I need application  FD-258",
        "userDefined": false
      }
    ],
    "isTemplate": false,
    "count": 0,
    "lang": "en",
    "updated": 0
  },
  {
    "id": "b5720046-d36b-402a-a224-adad9dafca81",
    "data": [
      {
        "text": "Need to get a fingerprint clearance card as I will be working with kids",
        "userDefined": false
      }
    ],
    "isTemplate": false,
    "count": 0,
    "lang": "en",
    "updated": 0
  },
  {
    "id": "b6b79492-36c2-4b0f-a87b-988be668c516",
    "data": [
      {
        "text": "How do I get a card under my new legal name?",
        "userDefined": false
      }
    ],
    "isTemplate": false,
    "count": 0,
    "lang": "en",
    "updated": 0
  },
  {
    "id": "2687c870-e243-4d0d-b177-a249a1ca7acd",
    "data": [
      {
        "text": "How do  I apply for level 1 clearance card?",
        "userDefined": false
      }
    ],
    "isTemplate": false,
    "count": 0,
    "lang": "en",
    "updated": 0
  },
  {
    "id": "4ca3f5a4-5447-4eb1-a48e-19632f3270b2",
    "data": [
      {
        "text": "If the office location is closed, how do I submit new fingerprints?",
        "userDefined": false
      }
    ],
    "isTemplate": false,
    "count": 0,
    "lang": "en",
    "updated": 0
  },
  {
    "id": "f3a703ce-cda4-4c46-9d49-2a1fc3ed0f11",
    "data": [
      {
        "text": "Fingerprint clearance.",
        "userDefined": false
      }
    ],
    "isTemplate": false,
    "count": 0,
    "lang": "en",
    "updated": 0
  },
  {
    "id": "68877c7e-fd00-46db-8f48-1a496971bc8a",
    "data": [
      {
        "text": "How do I apply for my fingerprint card?",
        "userDefined": false
      }
    ],
    "isTemplate": false,
    "count": 0,
    "lang": "en",
    "updated": 0
  },
  {
    "id": "62ff5ff9-4755-46b1-bb03-2d0c1110094f",
    "data": [
      {
        "text": "I need new cards mine is expiring on 8/7/2021",
        "userDefined": false
      }
    ],
    "isTemplate": false,
    "count": 0,
    "lang": "en",
    "updated": 0
  },
  {
    "id": "a4e3dd11-4fbd-4e78-aebd-76fbf05fe0f7",
    "data": [
      {
        "text": "How do I get a fingerprinted for AZ Teachers",
        "userDefined": false
      }
    ],
    "isTemplate": false,
    "count": 0,
    "lang": "en",
    "updated": 0
  },
  {
    "id": "75eb6eb3-3053-4fb0-ad61-5ae69641aa62",
    "data": [
      {
        "text": "I\u0027m just curious how do I get a fingerprint clearance card",
        "userDefined": false
      }
    ],
    "isTemplate": false,
    "count": 0,
    "lang": "en",
    "updated": 0
  },
  {
    "id": "15ba703a-71bd-4753-a008-a6502ac9458b",
    "data": [
      {
        "text": "New job which requires a card. I do not have my previous expired card. Do I fingerprint again?",
        "userDefined": false
      }
    ],
    "isTemplate": false,
    "count": 0,
    "lang": "en",
    "updated": 0
  },
  {
    "id": "c4139610-5b5d-4a16-a855-4bac98569f08",
    "data": [
      {
        "text": "Hi could you instruct me how to apply for a fingerprint card and create an individual person account?",
        "userDefined": false
      }
    ],
    "isTemplate": false,
    "count": 0,
    "lang": "en",
    "updated": 0
  },
  {
    "id": "48b8ef55-e99c-47a4-a5b0-29d43700c97b",
    "data": [
      {
        "text": "hello, I need a clearance card",
        "userDefined": false
      }
    ],
    "isTemplate": false,
    "count": 0,
    "lang": "en",
    "updated": 0
  },
  {
    "id": "46221dac-0103-4000-92b3-976a3937b0f7",
    "data": [
      {
        "text": "how can I apply for the IVP FCC",
        "userDefined": false
      }
    ],
    "isTemplate": false,
    "count": 0,
    "lang": "en",
    "updated": 0
  },
  {
    "id": "7299aa3e-d797-4ca6-b674-fdea342b91bc",
    "data": [
      {
        "text": "Assistance with finger print clearance card",
        "userDefined": false
      }
    ],
    "isTemplate": false,
    "count": 0,
    "lang": "en",
    "updated": 0
  },
  {
    "id": "a71864ba-fa00-430a-af49-bcdd9d468638",
    "data": [
      {
        "text": "help with fingerprint clearance card",
        "userDefined": false
      }
    ],
    "isTemplate": false,
    "count": 1,
    "lang": "en",
    "updated": 0
  },
  {
    "id": "8156044e-0d0f-4056-accf-94616609f4d8",
    "data": [
      {
        "text": "fingerpring card",
        "userDefined": false
      }
    ],
    "isTemplate": false,
    "count": 0,
    "lang": "en",
    "updated": 0
  },
  {
    "id": "37f5e753-fa10-4237-9f4f-c5068b7875b6",
    "data": [
      {
        "text": "Where to apply for a level one fingerprint parents card",
        "userDefined": false
      }
    ],
    "isTemplate": false,
    "count": 0,
    "lang": "en",
    "updated": 0
  },
  {
    "id": "eeb94059-0324-4296-be31-5d83dbbb82ef",
    "data": [
      {
        "text": "how do I get a level one fingerprint clearance card",
        "userDefined": false
      }
    ],
    "isTemplate": false,
    "count": 0,
    "lang": "en",
    "updated": 0
  },
  {
    "id": "e45a9fa1-2eb4-455d-bf84-a2c969106eb8",
    "data": [
      {
        "text": "hi I need to get my fingerprint for my nursing license",
        "userDefined": false
      }
    ],
    "isTemplate": false,
    "count": 0,
    "lang": "en",
    "updated": 0
  },
  {
    "id": "fddac004-18aa-4409-8ca9-b329628635e8",
    "data": [
      {
        "text": "where do I go to get a fingerprint clearance card?",
        "userDefined": false
      }
    ],
    "isTemplate": false,
    "count": 0,
    "lang": "en",
    "updated": 0
  },
  {
    "id": "d22d095f-47f6-403b-88f0-50d06c177f61",
    "data": [
      {
        "text": "How do I apply for my fingerprint card",
        "userDefined": false
      }
    ],
    "isTemplate": false,
    "count": 0,
    "lang": "en",
    "updated": 0
  },
  {
    "id": "678f3c26-9d1c-4e11-9f00-402f4791c2d3",
    "data": [
      {
        "text": "I need to apply for a fingerprint card for the a job at a public school",
        "userDefined": false
      }
    ],
    "isTemplate": false,
    "count": 0,
    "lang": "en",
    "updated": 0
  },
  {
    "id": "7f047dba-d319-4005-9c30-d3bfa918a7e4",
    "data": [
      {
        "text": "employer fingerprint",
        "userDefined": false
      }
    ],
    "isTemplate": false,
    "count": 0,
    "lang": "en",
    "updated": 0
  },
  {
    "id": "92424c71-7e29-4854-9f25-ca17b35ba692",
    "data": [
      {
        "text": "FINGERPRINT CLEARANCE CARDS",
        "userDefined": false
      }
    ],
    "isTemplate": false,
    "count": 0,
    "lang": "en",
    "updated": 0
  },
  {
    "id": "296e9dad-fe72-4053-b0be-d0babdbec299",
    "data": [
      {
        "text": "fingerprint clearance",
        "userDefined": false
      }
    ],
    "isTemplate": false,
    "count": 1,
    "lang": "en",
    "updated": 0
  },
  {
    "id": "e5a93c9d-7a5e-457b-a70c-1d57b7480c20",
    "data": [
      {
        "text": "I didn\u0027t  finish my application for my clearance card where can I finish it",
        "userDefined": false
      }
    ],
    "isTemplate": false,
    "count": 0,
    "lang": "en",
    "updated": 0
  },
  {
    "id": "3b53caac-94a4-41ed-bbdd-b27eeaa2f88b",
    "data": [
      {
        "text": "Where is the fingerprint clearance card application?",
        "userDefined": false
      }
    ],
    "isTemplate": false,
    "count": 0,
    "lang": "en",
    "updated": 0
  },
  {
    "id": "1b4b3003-d019-48a2-ae7e-8a5dc36c0055",
    "data": [
      {
        "text": "I did not finish my application for my clearance card where can I finish it",
        "userDefined": false
      }
    ],
    "isTemplate": false,
    "count": 0,
    "lang": "en",
    "updated": 0
  },
  {
    "id": "e7132bf8-6e80-45f5-afec-1cf7e705e1f3",
    "data": [
      {
        "text": "I need the fingerprint from for ccw",
        "userDefined": false
      }
    ],
    "isTemplate": false,
    "count": 0,
    "lang": "en",
    "updated": 0
  },
  {
    "id": "e9c995b6-7e1b-431a-ad17-6d472093d044",
    "data": [
      {
        "text": "Hi! I just moved to ",
        "userDefined": false
      },
      {
        "text": "Prescott",
        "meta": "@sys.geo-city",
        "alias": "geo-city",
        "userDefined": false
      },
      {
        "text": " ",
        "userDefined": false
      },
      {
        "text": "yesterday",
        "meta": "@sys.date-time",
        "alias": "date-time",
        "userDefined": false
      },
      {
        "text": " and I need to get a finger print clearance card ASAP for a teaching job. Where can I go to do this?",
        "userDefined": false
      }
    ],
    "isTemplate": false,
    "count": 0,
    "lang": "en",
    "updated": 0
  },
  {
    "id": "4c263d2c-d826-477e-8fd6-6ff9b2f3e0a6",
    "data": [
      {
        "text": "What are the ways to get fingerprint",
        "userDefined": false
      }
    ],
    "isTemplate": false,
    "count": 0,
    "lang": "en",
    "updated": 0
  },
  {
    "id": "c52d1634-219a-41b8-8124-eed05551fc85",
    "data": [
      {
        "text": "can I go into the office to get my finger print card? and how much is the card",
        "userDefined": false
      }
    ],
    "isTemplate": false,
    "count": 0,
    "lang": "en",
    "updated": 0
  },
  {
    "id": "c2e9a308-b2e1-4617-9293-b012d22d567b",
    "data": [
      {
        "text": "Where do I go get my fingerprint card?",
        "userDefined": false
      }
    ],
    "isTemplate": false,
    "count": 0,
    "lang": "en",
    "updated": 0
  },
  {
    "id": "0f28e8d7-d9db-4c35-bfdb-c347e5a91307",
    "data": [
      {
        "text": "Trying to find out where I can go to get finger printed for a clearance card",
        "userDefined": false
      }
    ],
    "isTemplate": false,
    "count": 0,
    "lang": "en",
    "updated": 0
  },
  {
    "id": "1e8b72fb-e9f0-421b-8d97-2449bf16f357",
    "data": [
      {
        "text": "Hello how do I go about obtaining a fingerprint clearance card? It is a requirement for a practicum class.",
        "userDefined": false
      }
    ],
    "isTemplate": false,
    "count": 0,
    "lang": "en",
    "updated": 0
  },
  {
    "id": "19833369-48ea-4c23-8e6b-b8e2d8682d6b",
    "data": [
      {
        "text": "fingerprinting card",
        "userDefined": false
      }
    ],
    "isTemplate": false,
    "count": 0,
    "lang": "en",
    "updated": 0
  },
  {
    "id": "62250775-3bfa-4199-add3-0777d80ab602",
    "data": [
      {
        "text": "I need a clearance card to become a licensed pharmacy tech. How do I go about doing this",
        "userDefined": false
      }
    ],
    "isTemplate": false,
    "count": 0,
    "lang": "en",
    "updated": 0
  },
  {
    "id": "41bcc910-c0df-42e2-8a89-d8dc349aac55",
    "data": [
      {
        "text": "where do I get a card to take for finger printing?",
        "userDefined": false
      }
    ],
    "isTemplate": false,
    "count": 1,
    "lang": "en",
    "updated": 0
  },
  {
    "id": "9cbdda9d-0df7-4c87-ac71-1ae84a09fcc2",
    "data": [
      {
        "text": "DO I need to set up an account to apply for a clearance card? It wouldn\u0027t let me set one up but won\u0027t let me proceed without one.",
        "userDefined": false
      }
    ],
    "isTemplate": false,
    "count": 0,
    "lang": "en",
    "updated": 0
  },
  {
    "id": "8c28adb5-93c0-4260-9611-db979bfd9e21",
    "data": [
      {
        "text": "I need to file for my level one fingerprint clearance card",
        "userDefined": false
      }
    ],
    "isTemplate": false,
    "count": 0,
    "lang": "en",
    "updated": 0
  },
  {
    "id": "d7529c06-e958-4957-8483-9a5f934300d8",
    "data": [
      {
        "text": "instruction for finger prints",
        "userDefined": false
      }
    ],
    "isTemplate": false,
    "count": 0,
    "lang": "en",
    "updated": 0
  },
  {
    "id": "a63dd178-40ac-4af0-a140-4ad834fff0af",
    "data": [
      {
        "text": "Am I able to go into he building to do a application in Phoenix Arizona",
        "userDefined": false
      }
    ],
    "isTemplate": false,
    "count": 0,
    "lang": "en",
    "updated": 0
  },
  {
    "id": "16b7c650-0814-4f3f-bd3b-645e01283a07",
    "data": [
      {
        "text": "Hi I apply for a new job in a School District in foodservice department and I need the fingerprint cleanse card, I think",
        "userDefined": false
      }
    ],
    "isTemplate": false,
    "count": 1,
    "lang": "en",
    "updated": 0
  },
  {
    "id": "0e5d1415-5535-405f-86d6-5d84f949bce2",
    "data": [
      {
        "text": "I am applying for fingerprint my employer is International rescue committee",
        "userDefined": false
      }
    ],
    "isTemplate": false,
    "count": 0,
    "lang": "en",
    "updated": 0
  },
  {
    "id": "0e66110b-f2e3-494a-839c-d6c9b89db83d",
    "data": [
      {
        "text": "Hello, I\u0027ve been told by a prospective employer that I need a fingerprint clearance card, however, I haven\u0027t been offered the job and it is not with a state agency. What box do I check in the online application for \"reasons for applying\"?",
        "userDefined": false
      }
    ],
    "isTemplate": false,
    "count": 0,
    "lang": "en",
    "updated": 0
  },
  {
    "id": "ba0e7bc6-a563-4acf-88df-56cc7c7eb004",
    "data": [
      {
        "text": "HI, I HAVE A QUESTION REGARDING THE FINGERPRINT CLEARANCE CARD",
        "userDefined": false
      }
    ],
    "isTemplate": false,
    "count": 0,
    "lang": "en",
    "updated": 0
  },
  {
    "id": "73aead84-b13b-42e4-8192-0b33efd42ed3",
    "data": [
      {
        "text": "We have a group of employees that need fingerprint clearance that we are paying for.  Do we use this portal",
        "userDefined": false
      }
    ],
    "isTemplate": false,
    "count": 0,
    "lang": "en",
    "updated": 0
  },
  {
    "id": "910018de-028a-45b2-8903-55f3a12bdfe0",
    "data": [
      {
        "text": "I need to apply for level ",
        "userDefined": false
      },
      {
        "text": "1",
        "meta": "@sys.number",
        "alias": "number",
        "userDefined": false
      },
      {
        "text": " clearance card.   I will be attending a vocational school program",
        "userDefined": false
      }
    ],
    "isTemplate": false,
    "count": 0,
    "lang": "en",
    "updated": 0
  },
  {
    "id": "228b9a94-e106-49d8-8796-1fa709996c9d",
    "data": [
      {
        "text": "THE APPLICATION IS FROZEN. I NEED A LEVEL ONE CLEARANCE CARD FOR MY NURSING PROGRAM. IS THIS THE CORRECT SITE",
        "userDefined": false
      }
    ],
    "isTemplate": false,
    "count": 0,
    "lang": "en",
    "updated": 0
  },
  {
    "id": "85b3cf7a-10d3-47a3-a0f4-adebffef0adb",
    "data": [
      {
        "text": "I need assistance to obtain an ID card.  I will be working for Banner Hospital and I was told I need to do my fingerprints",
        "userDefined": false
      }
    ],
    "isTemplate": false,
    "count": 0,
    "lang": "en",
    "updated": 0
  },
  {
    "id": "ed9727ca-4e8f-4220-a181-d93012ab3a68",
    "data": [
      {
        "text": "what tab do I click on to fill out my application for my clearance card",
        "userDefined": false
      }
    ],
    "isTemplate": false,
    "count": 0,
    "lang": "en",
    "updated": 0
  },
  {
    "id": "ee9062e3-bd75-4c0a-a03e-4d9ba167a260",
    "data": [
      {
        "text": "can I sign up for a CCW fingerprint card through here?",
        "userDefined": false
      }
    ],
    "isTemplate": false,
    "count": 0,
    "lang": "en",
    "updated": 0
  },
  {
    "id": "7593939f-5cd2-46e9-afd3-52ebf6e6ecb5",
    "data": [
      {
        "text": "I NEED A LEVEL ONE CLEARANCE CARD FOR MY NURSING PROGRAM. IS THIS THE CORRECT SITE",
        "userDefined": false
      }
    ],
    "isTemplate": false,
    "count": 0,
    "lang": "en",
    "updated": 0
  },
  {
    "id": "a7a9aecc-b771-41ea-ac6f-f75b2c95ecaf",
    "data": [
      {
        "text": "Hello I Have a question on how to obtain a  Fingerprint clearance card, for a teaching position.",
        "userDefined": false
      }
    ],
    "isTemplate": false,
    "count": 0,
    "lang": "en",
    "updated": 0
  },
  {
    "id": "51d9aa6f-522e-4fb1-a34f-d4c0e8dce362",
    "data": [
      {
        "text": "I need to do my application for finger print clearance email address is EMAIL_ADDRESS",
        "userDefined": false
      }
    ],
    "isTemplate": false,
    "count": 0,
    "lang": "en",
    "updated": 0
  },
  {
    "id": "458fba92-4e42-442d-b8d8-63a076ba64a5",
    "data": [
      {
        "text": "My fingerprint clearance card forms were ruined and I need a new start up packet",
        "userDefined": false
      }
    ],
    "isTemplate": false,
    "count": 0,
    "lang": "en",
    "updated": 0
  },
  {
    "id": "4a83b3f1-2b77-4cc3-9a4c-1385d794fc06",
    "data": [
      {
        "text": "I have set up my portal successfully,. where do I go to fill out the application?",
        "userDefined": false
      }
    ],
    "isTemplate": false,
    "count": 0,
    "lang": "en",
    "updated": 0
  },
  {
    "id": "ffc1aa3e-face-425b-b085-3e8e27e0cb34",
    "data": [
      {
        "text": "I need help completing your online form for fcc",
        "userDefined": false
      }
    ],
    "isTemplate": false,
    "count": 0,
    "lang": "en",
    "updated": 0
  },
  {
    "id": "a43025ca-a9de-44c1-addd-f7e75c2ba572",
    "data": [
      {
        "text": "I need to get to the finger print clearance card.",
        "userDefined": false
      }
    ],
    "isTemplate": false,
    "count": 0,
    "lang": "en",
    "updated": 0
  },
  {
    "id": "fee0b173-2bb9-4cf9-8cb0-0908275ebc6a",
    "data": [
      {
        "text": "how do I apply for a level 1 clearance card",
        "userDefined": false
      }
    ],
    "isTemplate": false,
    "count": 0,
    "lang": "en",
    "updated": 0
  },
  {
    "id": "6fc37654-86b9-47fe-b78a-3103c72cb06e",
    "data": [
      {
        "text": "so I will apply now, since previous card expired, as new application",
        "userDefined": false
      }
    ],
    "isTemplate": false,
    "count": 0,
    "lang": "en",
    "updated": 0
  },
  {
    "id": "18dd7cfc-6b71-4d1b-8175-0f8ed3f00165",
    "data": [
      {
        "text": "I had a DPS Fingerprint Card that expired some ago. I am Retired, but would like to get anew one for part time work",
        "userDefined": false
      }
    ],
    "isTemplate": false,
    "count": 0,
    "lang": "en",
    "updated": 0
  },
  {
    "id": "129b1de4-de8c-4cd7-8eca-6f7d397f40e0",
    "data": [
      {
        "text": "what is the steps for getting a fingerprint card",
        "userDefined": false
      }
    ],
    "isTemplate": false,
    "count": 0,
    "lang": "en",
    "updated": 0
  },
  {
    "id": "e3d27879-d4d0-4afa-aa6d-769f2bda9fcb",
    "data": [
      {
        "text": "I DONT HAVE AN IVP CLEARANCE CARD,  IT IS MY FRST TIME",
        "userDefined": false
      }
    ],
    "isTemplate": false,
    "count": 0,
    "lang": "en",
    "updated": 0
  },
  {
    "id": "8cbdb43f-a3ca-44d6-be66-452e45c0969c",
    "data": [
      {
        "text": "How do I start the application for my fingerprints?",
        "userDefined": false
      }
    ],
    "isTemplate": false,
    "count": 0,
    "lang": "en",
    "updated": 0
  },
  {
    "id": "73a9b45f-9164-4fa5-83bd-04e6fd839943",
    "data": [
      {
        "text": "What are the requirements to apply for fingerprint clearance card?",
        "userDefined": false
      }
    ],
    "isTemplate": false,
    "count": 0,
    "lang": "en",
    "updated": 0
  },
  {
    "id": "630f0c19-59a5-4ffa-b640-e641140c7d34",
    "data": [
      {
        "text": "can I apply on line for a fingerprint card",
        "userDefined": false
      }
    ],
    "isTemplate": false,
    "count": 0,
    "lang": "en",
    "updated": 0
  },
  {
    "id": "5005b0a9-9d52-4b8e-bf55-c480a771e37f",
    "data": [
      {
        "text": "Need regular fingerprint clearance card changed to Level one clearance card on application",
        "userDefined": false
      }
    ],
    "isTemplate": false,
    "count": 0,
    "lang": "en",
    "updated": 0
  },
  {
    "id": "97fdc46c-43e8-4b97-889a-6648d6fa1a9f",
    "data": [
      {
        "text": "Give me the application form",
        "userDefined": false
      }
    ],
    "isTemplate": false,
    "count": 0,
    "lang": "en",
    "updated": 0
  },
  {
    "id": "0d594643-dbbb-419d-b785-f3cd477b272a",
    "data": [
      {
        "text": "I need to acquire new new fingerparent again. Please",
        "userDefined": false
      }
    ],
    "isTemplate": false,
    "count": 0,
    "lang": "en",
    "updated": 0
  },
  {
    "id": "3d78f659-4f44-4e3d-b822-c41ea0f98bce",
    "data": [
      {
        "text": "Finger print card",
        "userDefined": false
      }
    ],
    "isTemplate": false,
    "count": 1,
    "lang": "en",
    "updated": 0
  },
  {
    "id": "da53d7e1-2a36-4ddc-9d04-11de86dde77e",
    "data": [
      {
        "text": "Where can I go to get my fingerprint clearance card?",
        "userDefined": false
      }
    ],
    "isTemplate": false,
    "count": 0,
    "lang": "en",
    "updated": 0
  },
  {
    "id": "76b52898-61f5-4bee-b562-898fd7af7824",
    "data": [
      {
        "text": "I no longer have a clearance card",
        "userDefined": false
      }
    ],
    "isTemplate": false,
    "count": 0,
    "lang": "en",
    "updated": 0
  },
  {
    "id": "6dce9f6b-700c-4e20-9f3e-39f88a354bff",
    "data": [
      {
        "text": "Clearance Cawrd",
        "userDefined": false
      }
    ],
    "isTemplate": false,
    "count": 0,
    "lang": "en",
    "updated": 0
  },
  {
    "id": "c38322c7-5c9c-4608-94b4-7117e89c9310",
    "data": [
      {
        "text": "figer print",
        "userDefined": false
      }
    ],
    "isTemplate": false,
    "count": 0,
    "lang": "en",
    "updated": 0
  },
  {
    "id": "ea636667-8240-4e0c-9f2e-9665b2967231",
    "data": [
      {
        "text": "fingerprint card process",
        "userDefined": false
      }
    ],
    "isTemplate": false,
    "count": 0,
    "lang": "en",
    "updated": 0
  },
  {
    "id": "1dd38f69-d539-437a-bafe-97404e27da23",
    "data": [
      {
        "text": "How can I apply to receive a finger print card",
        "userDefined": false
      }
    ],
    "isTemplate": false,
    "count": 0,
    "lang": "en",
    "updated": 0
  },
  {
    "id": "2fc7ec41-2f2d-4418-8371-1a593dee5e86",
    "data": [
      {
        "text": "Fingerprints",
        "userDefined": false
      }
    ],
    "isTemplate": false,
    "count": 0,
    "lang": "en",
    "updated": 0
  },
  {
    "id": "4b375d5d-83bb-4d17-876d-10d465890106",
    "data": [
      {
        "text": "my card is lost",
        "userDefined": false
      }
    ],
    "isTemplate": false,
    "count": 0,
    "lang": "en",
    "updated": 0
  },
  {
    "id": "7a44aa1a-786f-4530-8bc9-127b6d2f78c5",
    "data": [
      {
        "text": "I applied in the past can I reapply?",
        "userDefined": false
      }
    ],
    "isTemplate": false,
    "count": 0,
    "lang": "en",
    "updated": 0
  },
  {
    "id": "b798ea56-99a3-42d7-af19-4baad36cf774",
    "data": [
      {
        "text": "Fingerprints for criminal arrests",
        "userDefined": false
      }
    ],
    "isTemplate": false,
    "count": 0,
    "lang": "en",
    "updated": 0
  },
  {
    "id": "4fbeffde-8e35-40e3-87b2-897462115d6e",
    "data": [
      {
        "text": "what do i do if my fingerprint clearance card is past due?",
        "userDefined": false
      }
    ],
    "isTemplate": false,
    "count": 0,
    "lang": "en",
    "updated": 0
  },
  {
    "id": "ca2e0ad8-b4da-40c0-bffc-fb9e7e94f356",
    "data": [
      {
        "text": "where can i get the forms for the card",
        "userDefined": false
      }
    ],
    "isTemplate": false,
    "count": 0,
    "lang": "en",
    "updated": 0
  },
  {
    "id": "4eebfd5b-a4d5-42cb-8d12-3a002770766b",
    "data": [
      {
        "text": "I\u0027m trying to get a finger printed card for a AZ Liquor Lic#",
        "userDefined": false
      },
      {
        "text": "4",
        "userDefined": false
      },
      {
        "text": "-",
        "userDefined": false
      },
      {
        "text": "201",
        "userDefined": false
      },
      {
        "text": ",",
        "userDefined": false
      },
      {
        "text": "4",
        "userDefined": false
      },
      {
        "text": "-",
        "userDefined": false
      },
      {
        "text": "202",
        "userDefined": false
      }
    ],
    "isTemplate": false,
    "count": 0,
    "lang": "en",
    "updated": 0
  },
  {
    "id": "2936d2c6-ca95-4694-9d74-2cc5b7439bae",
    "data": [
      {
        "text": "Hi I need to a fingerprint clearance check is there any way someone can walk me through the process?",
        "userDefined": false
      }
    ],
    "isTemplate": false,
    "count": 0,
    "lang": "en",
    "updated": 0
  },
  {
    "id": "aa2ce0ea-e5e2-47a7-bf5d-7e9bb6d73b63",
    "data": [
      {
        "text": "is the application on line?",
        "userDefined": false
      }
    ],
    "isTemplate": false,
    "count": 0,
    "lang": "en",
    "updated": 0
  },
  {
    "id": "a21d8c20-8cfb-4a1b-90a2-8782945574fc",
    "data": [
      {
        "text": "I would like to request a paper IVP Fingerprint Card to be sent to my address.",
        "userDefined": false
      }
    ],
    "isTemplate": false,
    "count": 0,
    "lang": "en",
    "updated": 0
  },
  {
    "id": "5ef98ea8-47a3-45f4-bf3d-7a3e4ca9a5eb",
    "data": [
      {
        "text": "\"I lost my last card and I need to re apply for a new card\"",
        "userDefined": false
      }
    ],
    "isTemplate": false,
    "count": 0,
    "lang": "en",
    "updated": 0
  },
  {
    "id": "d67e0040-c51f-4085-aabf-c1e056c03b1b",
    "data": [
      {
        "text": "level ",
        "userDefined": false
      },
      {
        "text": "one",
        "userDefined": false
      },
      {
        "text": " clearance fingerprint",
        "userDefined": false
      }
    ],
    "isTemplate": false,
    "count": 0,
    "lang": "en",
    "updated": 0
  },
  {
    "id": "e16b24cc-18b2-4ad6-ae55-f89775436e62",
    "data": [
      {
        "text": "i need to get a new class ",
        "userDefined": false
      },
      {
        "text": "1",
        "meta": "@sys.number",
        "alias": "number",
        "userDefined": false
      },
      {
        "text": " fingerprint clearance card",
        "userDefined": false
      }
    ],
    "isTemplate": false,
    "count": 0,
    "lang": "en",
    "updated": 0
  },
  {
    "id": "d97f5d5a-3415-44b7-b926-cff82c790723",
    "data": [
      {
        "text": "Where can I get a fingerprint ",
        "userDefined": false
      },
      {
        "text": "Clarence",
        "userDefined": false
      },
      {
        "text": " card",
        "userDefined": false
      }
    ],
    "isTemplate": false,
    "count": 0,
    "lang": "en",
    "updated": 0
  },
  {
    "id": "df4c13a9-e0a3-4d0d-8cd9-6899a4360488",
    "data": [
      {
        "text": "I would like to order fingerprint packets for our use.",
        "userDefined": false
      }
    ],
    "isTemplate": false,
    "count": 0,
    "lang": "en",
    "updated": 0
  },
  {
    "id": "46e6b9b2-35c0-4ecf-8e92-e1328a2c9e66",
    "data": [
      {
        "text": "need to get a fingerprint application",
        "userDefined": false
      }
    ],
    "isTemplate": false,
    "count": 0,
    "lang": "en",
    "updated": 0
  },
  {
    "id": "fdca657e-6fb6-4b96-b59f-046dc59f6b9d",
    "data": [
      {
        "text": "Good moring, I need fingerprinting for my insurance license. How do I get registered?",
        "userDefined": false
      }
    ],
    "isTemplate": false,
    "count": 0,
    "lang": "en",
    "updated": 0
  },
  {
    "id": "7adcd87e-0796-4475-803d-54856058496a",
    "data": [
      {
        "text": "I need to get fingerprints and background done for state board of nursing",
        "userDefined": false
      }
    ],
    "isTemplate": false,
    "count": 0,
    "lang": "en",
    "updated": 0
  },
  {
    "id": "0be66dd3-0c90-4064-b607-be042010e647",
    "data": [
      {
        "text": "I need my card",
        "userDefined": false
      }
    ],
    "isTemplate": false,
    "count": 0,
    "lang": "en",
    "updated": 0
  },
  {
    "id": "0c3a7671-0e3c-4d0b-8ad9-0b0ddb2fa7a8",
    "data": [
      {
        "text": "I would like to get a fingerprint ",
        "userDefined": false
      },
      {
        "text": "Clarence",
        "meta": "@sys.person",
        "alias": "person",
        "userDefined": false
      },
      {
        "text": " card",
        "userDefined": false
      }
    ],
    "isTemplate": false,
    "count": 0,
    "lang": "en",
    "updated": 0
  },
  {
    "id": "9c3a6e2a-f0e0-4a6f-86ac-e49578bb83f1",
    "data": [
      {
        "text": "can I do multiple applications for employees",
        "userDefined": false
      }
    ],
    "isTemplate": false,
    "count": 0,
    "lang": "en",
    "updated": 0
  },
  {
    "id": "16a2754f-aee6-4fb5-85b4-d2c80349a387",
    "data": [
      {
        "text": "Send me an application form",
        "userDefined": false
      }
    ],
    "isTemplate": false,
    "count": 0,
    "lang": "en",
    "updated": 0
  },
  {
    "id": "a3666f06-b6eb-4319-bdc3-05f45f15f196",
    "data": [
      {
        "text": "I don\u0027t have the card",
        "userDefined": false
      }
    ],
    "isTemplate": false,
    "count": 1,
    "lang": "en",
    "updated": 0
  },
  {
    "id": "1603b838-b3f6-4a44-9dd6-2259ca915946",
    "data": [
      {
        "text": "What is needed for your fingerprint card",
        "userDefined": false
      }
    ],
    "isTemplate": false,
    "count": 0,
    "lang": "en",
    "updated": 0
  },
  {
    "id": "6462e202-a09f-4c5e-b1fe-88323d051b99",
    "data": [
      {
        "text": "It is my ",
        "userDefined": false
      },
      {
        "text": "first",
        "meta": "@sys.ordinal",
        "alias": "ordinal",
        "userDefined": false
      },
      {
        "text": " time applying",
        "userDefined": false
      }
    ],
    "isTemplate": false,
    "count": 0,
    "lang": "en",
    "updated": 0
  },
  {
    "id": "452e7bb3-17ce-4390-b173-18c6235fa3f7",
    "data": [
      {
        "text": "my employer informed me that i need fingerprints done and i need assistance",
        "userDefined": false
      }
    ],
    "isTemplate": false,
    "count": 0,
    "lang": "en",
    "updated": 0
  },
  {
    "id": "fb94286d-0311-41f2-9a2c-578d35b5c02a",
    "data": [
      {
        "text": "Could you please walk me through the steps for a level one clearance fingerprint card",
        "userDefined": false
      }
    ],
    "isTemplate": false,
    "count": 0,
    "lang": "en",
    "updated": 0
  },
  {
    "id": "765f300d-3458-4e3f-af54-b27d122a240e",
    "data": [
      {
        "text": "I want to get an ",
        "userDefined": false
      },
      {
        "text": "Arizona",
        "meta": "@sys.geo-state",
        "alias": "geo-state",
        "userDefined": false
      },
      {
        "text": " Fingerprint Card .  Create an account in gemalto so what I am suppose to do next",
        "userDefined": false
      }
    ],
    "isTemplate": false,
    "count": 0,
    "lang": "en",
    "updated": 0
  },
  {
    "id": "97b5830e-e6b0-4096-8276-26c1c039821d",
    "data": [
      {
        "text": "I need clearence card",
        "userDefined": false
      }
    ],
    "isTemplate": false,
    "count": 0,
    "lang": "en",
    "updated": 0
  },
  {
    "id": "314aa819-505e-4260-a07b-7c6ad54321f6",
    "data": [
      {
        "text": "I lost my card how do I acquire a new one.",
        "userDefined": false
      }
    ],
    "isTemplate": false,
    "count": 1,
    "lang": "en",
    "updated": 0
  },
  {
    "id": "97bf832f-d412-4ce1-8c37-254b0d7d9d16",
    "data": [
      {
        "text": "New card",
        "userDefined": false
      }
    ],
    "isTemplate": false,
    "count": 1,
    "lang": "en",
    "updated": 0
  },
  {
    "id": "b315622d-e05e-47df-a289-5b8fdfdfc73d",
    "data": [
      {
        "text": "I am trying to get a finger prints clearance card",
        "userDefined": false
      }
    ],
    "isTemplate": false,
    "count": 0,
    "lang": "en",
    "updated": 0
  },
  {
    "id": "f8f8ab1a-ce5d-476a-b36e-b747d9c6a1c0",
    "data": [
      {
        "text": "Level One application",
        "userDefined": false
      }
    ],
    "isTemplate": false,
    "count": 0,
    "lang": "en",
    "updated": 0
  },
  {
    "id": "750e63a4-d757-4890-875e-0fbe6e4a01b1",
    "data": [
      {
        "text": "I\u0027m trying to get my finger print card",
        "userDefined": false
      }
    ],
    "isTemplate": false,
    "count": 0,
    "lang": "en",
    "updated": 0
  },
  {
    "id": "e6ee54d5-1dea-4c33-9f49-50cce15a24b6",
    "data": [
      {
        "text": "what is the process for finger printing",
        "userDefined": false
      }
    ],
    "isTemplate": false,
    "count": 0,
    "lang": "en",
    "updated": 0
  },
  {
    "id": "dcb75a70-62ce-46fd-ba13-93c975f22ac1",
    "data": [
      {
        "text": "electronic fingerprint card",
        "userDefined": false
      }
    ],
    "isTemplate": false,
    "count": 0,
    "lang": "en",
    "updated": 0
  },
  {
    "id": "80376ad1-ce15-4f34-95c9-5687b10a7120",
    "data": [
      {
        "text": "insurance finger printing",
        "userDefined": false
      }
    ],
    "isTemplate": false,
    "count": 0,
    "lang": "en",
    "updated": 0
  },
  {
    "id": "bf868888-ade7-4f55-b4a5-1467e3266863",
    "data": [
      {
        "text": "how to get a fingr print card",
        "userDefined": false
      }
    ],
    "isTemplate": false,
    "count": 0,
    "lang": "en",
    "updated": 0
  },
  {
    "id": "d43e1fc8-39b8-4342-9fb3-d62dda2c981f",
    "data": [
      {
        "text": "I need a card",
        "userDefined": false
      }
    ],
    "isTemplate": false,
    "count": 0,
    "lang": "en",
    "updated": 0
  },
  {
    "id": "d31cf434-4729-4121-9023-eb0012f46875",
    "data": [
      {
        "text": "I want to Apply fingerprint",
        "userDefined": false
      }
    ],
    "isTemplate": false,
    "count": 0,
    "lang": "en",
    "updated": 0
  },
  {
    "id": "47db99fb-43a9-48b9-8111-e0aab7ad2512",
    "data": [
      {
        "text": "i want to apply fingeprint clearance card",
        "userDefined": false
      }
    ],
    "isTemplate": false,
    "count": 0,
    "lang": "en",
    "updated": 0
  },
  {
    "id": "f72c1521-1f97-4b38-92af-c1099f4dfb1f",
    "data": [
      {
        "text": "I need a new card.",
        "userDefined": false
      }
    ],
    "isTemplate": false,
    "count": 0,
    "lang": "en",
    "updated": 0
  },
  {
    "id": "7205911f-3d07-4de3-85e4-9637c08ffe58",
    "data": [
      {
        "text": "apply for a license for finger prints",
        "userDefined": false
      }
    ],
    "isTemplate": false,
    "count": 0,
    "lang": "en",
    "updated": 0
  },
  {
    "id": "e3417d93-c6d8-41c8-afaa-c56814f06203",
    "data": [
      {
        "text": "How do you get a fingerprint clearance card for ",
        "userDefined": false
      },
      {
        "text": "Arizona",
        "userDefined": false
      },
      {
        "text": " Department of Education?",
        "userDefined": false
      }
    ],
    "isTemplate": false,
    "count": 0,
    "lang": "en",
    "updated": 0
  },
  {
    "id": "99dde68a-9a2a-45d2-bd61-0b761579d166",
    "data": [
      {
        "text": "I want to finish my fingerprint clearance card application",
        "userDefined": false
      }
    ],
    "isTemplate": false,
    "count": 1,
    "lang": "en",
    "updated": 0
  },
  {
    "id": "c6abe699-0f60-441e-bbe3-e9729ed946ad",
    "data": [
      {
        "text": "where is the application I neeed to complete online",
        "userDefined": false
      }
    ],
    "isTemplate": false,
    "count": 0,
    "lang": "en",
    "updated": 0
  },
  {
    "id": "c3ce4b68-e7d0-4fbc-8deb-e540727b6cd7",
    "data": [
      {
        "text": "Fingerprint Clearance card",
        "meta": "@Fingerprint_Clearance_card",
        "alias": "fingerprint_clearance_card",
        "userDefined": false
      }
    ],
    "isTemplate": false,
    "count": 1,
    "lang": "en",
    "updated": 0
  },
  {
    "id": "7c656a48-01d6-4e19-bc72-0816a7115cc2",
    "data": [
      {
        "text": "apply for ",
        "userDefined": false
      },
      {
        "text": "clearance card",
        "meta": "@Fingerprint_Clearance_card",
        "alias": "fingerprint_clearance_card",
        "userDefined": false
      }
    ],
    "isTemplate": false,
    "count": 0,
    "lang": "en",
    "updated": 0
  },
  {
    "id": "aba74fbb-0f2f-4d65-b7b4-f37880aab1a3",
    "data": [
      {
        "text": "I do not have the card",
        "userDefined": false
      }
    ],
    "isTemplate": false,
    "count": 0,
    "lang": "en",
    "updated": 0
  },
  {
    "id": "a1986373-270b-4227-a369-0c124381edfa",
    "data": [
      {
        "text": "level ",
        "userDefined": false
      },
      {
        "text": "1",
        "meta": "@sys.number",
        "alias": "number",
        "userDefined": false
      },
      {
        "text": " fingerprint clearance",
        "userDefined": false
      }
    ],
    "isTemplate": false,
    "count": 0,
    "lang": "en",
    "updated": 0
  },
  {
    "id": "0ad06b13-204a-4360-b0c6-14b0bcf405dc",
    "data": [
      {
        "text": "where do i get the application",
        "userDefined": false
      }
    ],
    "isTemplate": false,
    "count": 0,
    "lang": "en",
    "updated": 0
  },
  {
    "id": "fd38d0dd-30df-49cd-a7c0-377c47b7ae1d",
    "data": [
      {
        "text": "I need a fingerprint card for concealed carry",
        "userDefined": false
      }
    ],
    "isTemplate": false,
    "count": 0,
    "lang": "en",
    "updated": 0
  },
  {
    "id": "1076a970-5607-4859-b234-61c756f521a6",
    "data": [
      {
        "text": "Where is the on line application for  ",
        "userDefined": false
      },
      {
        "text": "fingerprint clearance card",
        "meta": "@Fingerprint_Clearance_card",
        "alias": "fingerprint_clearance_card",
        "userDefined": false
      }
    ],
    "isTemplate": false,
    "count": 0,
    "lang": "en",
    "updated": 0
  },
  {
    "id": "9a17b867-3b73-4f00-82f2-cd934eed3f51",
    "data": [
      {
        "text": "finger print cards",
        "userDefined": false
      }
    ],
    "isTemplate": false,
    "count": 0,
    "lang": "en",
    "updated": 0
  },
  {
    "id": "848201e8-e593-4784-9e13-10b759f276cb",
    "data": [
      {
        "text": "how to apply online for a finger clearance cards",
        "userDefined": false
      }
    ],
    "isTemplate": false,
    "count": 0,
    "lang": "en",
    "updated": 0
  },
  {
    "id": "12b4d824-8e24-4c3a-ad4b-469fe68dead9",
    "data": [
      {
        "text": "what i need to do to get my fingerprint clearance card",
        "userDefined": false
      }
    ],
    "isTemplate": false,
    "count": 0,
    "lang": "en",
    "updated": 0
  },
  {
    "id": "d4bd76ed-831c-4ec4-9f7b-3979a156c5c3",
    "data": [
      {
        "text": "i need to make an appt to get a ",
        "userDefined": false
      },
      {
        "text": "fingerprint clearance card",
        "userDefined": false
      }
    ],
    "isTemplate": false,
    "count": 0,
    "lang": "en",
    "updated": 0
  },
  {
    "id": "6da808bc-a7e5-4882-a2c7-10e6d77f4a92",
    "data": [
      {
        "text": "Hello i am trying to obtain my ",
        "userDefined": false
      },
      {
        "text": "fingerprint card",
        "userDefined": false
      },
      {
        "text": " to attend school",
        "userDefined": false
      }
    ],
    "isTemplate": false,
    "count": 0,
    "lang": "en",
    "updated": 0
  },
  {
    "id": "310e90fa-5a9c-4922-9ddb-b34a226e0a43",
    "data": [
      {
        "text": "How can i take my finger print",
        "userDefined": false
      }
    ],
    "isTemplate": false,
    "count": 0,
    "lang": "en",
    "updated": 0
  },
  {
    "id": "8398f9d3-17c6-4c33-bc90-370e48f11c21",
    "data": [
      {
        "text": "My ",
        "userDefined": false
      },
      {
        "text": "clearance card",
        "userDefined": false
      }
    ],
    "isTemplate": false,
    "count": 0,
    "lang": "en",
    "updated": 0
  },
  {
    "id": "66b4d495-a502-44b1-b38a-34a526918272",
    "data": [
      {
        "text": "I need a ",
        "userDefined": false
      },
      {
        "text": "fingerprint clearance card",
        "userDefined": false
      },
      {
        "text": " for my ",
        "userDefined": false
      },
      {
        "text": "AZ real estate license. Am",
        "userDefined": false
      },
      {
        "text": " I able to do this through the online portal",
        "userDefined": false
      }
    ],
    "isTemplate": false,
    "count": 0,
    "lang": "en",
    "updated": 0
  },
  {
    "id": "4bb7ea25-66d6-4282-b9d3-e7fa22cd8fa5",
    "data": [
      {
        "text": "Finger print for clearance card",
        "userDefined": false
      }
    ],
    "isTemplate": false,
    "count": 0,
    "lang": "en",
    "updated": 0
  },
  {
    "id": "f58192a5-c934-45a2-a3c2-0a5bad249e45",
    "data": [
      {
        "text": "Hi, I was wondering what\u0027s the fastest way to get a ",
        "userDefined": false
      },
      {
        "text": "fingerprint clearance card",
        "userDefined": false
      },
      {
        "text": ".",
        "userDefined": false
      }
    ],
    "isTemplate": false,
    "count": 0,
    "lang": "en",
    "updated": 0
  },
  {
    "id": "ab62e6b9-9a69-4e5f-a34d-d0552df796be",
    "data": [
      {
        "text": "i need finger print for teacher job",
        "userDefined": false
      }
    ],
    "isTemplate": false,
    "count": 0,
    "lang": "en",
    "updated": 0
  },
  {
    "id": "0efefa2a-07bb-4f48-8b49-91f0f5d7c082",
    "data": [
      {
        "text": "I am need my fingerprints taken. Which form should I fill out",
        "userDefined": false
      }
    ],
    "isTemplate": false,
    "count": 0,
    "lang": "en",
    "updated": 0
  },
  {
    "id": "e98f9827-bce5-4cc4-ba18-a3170dd86e5c",
    "data": [
      {
        "text": "How do I do an electronic fingercard",
        "userDefined": false
      }
    ],
    "isTemplate": false,
    "count": 0,
    "lang": "en",
    "updated": 0
  },
  {
    "id": "4433a963-5c62-4ae4-9108-03f71de556ec",
    "data": [
      {
        "text": "Clearance card",
        "userDefined": false
      }
    ],
    "isTemplate": false,
    "count": 0,
    "lang": "en",
    "updated": 0
  },
  {
    "id": "63423196-0723-43b9-92cc-7ce3a9e1743a",
    "data": [
      {
        "text": "I have a fingrprint ",
        "userDefined": false
      },
      {
        "text": "clearance card",
        "userDefined": false
      },
      {
        "text": " that expired in ",
        "userDefined": false
      },
      {
        "text": "2015",
        "userDefined": false
      },
      {
        "text": ". How do I get a new one",
        "userDefined": false
      }
    ],
    "isTemplate": false,
    "count": 0,
    "lang": "en",
    "updated": 0
  },
  {
    "id": "7ffe6ac0-abff-4e84-a3a4-301f01c472ee",
    "data": [
      {
        "text": "need to see if i can get a ",
        "userDefined": false
      },
      {
        "text": "fingerprint card",
        "userDefined": false
      },
      {
        "text": " with a dv charge",
        "userDefined": false
      }
    ],
    "isTemplate": false,
    "count": 0,
    "lang": "en",
    "updated": 0
  },
  {
    "id": "79a257a7-c262-4a13-9bc1-faceafd0b8e0",
    "data": [
      {
        "text": "I need a finger print cards",
        "userDefined": false
      }
    ],
    "isTemplate": false,
    "count": 0,
    "lang": "en",
    "updated": 0
  },
  {
    "id": "c6cc14b1-9bbf-45f4-80ce-be67d87dc8be",
    "data": [
      {
        "text": "finger print application",
        "userDefined": false
      }
    ],
    "isTemplate": false,
    "count": 0,
    "lang": "en",
    "updated": 0
  },
  {
    "id": "9ee585c0-ca8b-45b2-9dc2-87c6c9325a60",
    "data": [
      {
        "text": "how can I receive the ",
        "userDefined": false
      },
      {
        "text": "fingerprint card",
        "meta": "@Fingerprint_Clearance_card",
        "alias": "fingerprint_clearance_card",
        "userDefined": false
      },
      {
        "text": ". I already submitted the application online and I asked for it to be  electronic. What should I do Next",
        "userDefined": false
      }
    ],
    "isTemplate": false,
    "count": 0,
    "lang": "en",
    "updated": 0
  },
  {
    "id": "d98a7951-d66a-421b-9a47-a0c191e4a6c0",
    "data": [
      {
        "text": "I need an update on my finger print report",
        "userDefined": false
      }
    ],
    "isTemplate": false,
    "count": 0,
    "lang": "en",
    "updated": 0
  },
  {
    "id": "2a535006-604a-42f9-b126-52b8f3810e65",
    "data": [
      {
        "text": "Trying to ",
        "userDefined": false
      },
      {
        "text": "apply",
        "userDefined": false
      },
      {
        "text": " for ",
        "userDefined": false
      },
      {
        "text": "fingerprint cards",
        "meta": "@Fingerprint_Clearance_card",
        "alias": "fingerprint_clearance_card",
        "userDefined": false
      },
      {
        "text": " \u0026 I don\u0027t see my option listed",
        "userDefined": false
      }
    ],
    "isTemplate": false,
    "count": 0,
    "lang": "en",
    "updated": 0
  },
  {
    "id": "4e99f19b-1707-475a-995d-331cdd000286",
    "data": [
      {
        "text": "I have not gotten my finger prints done",
        "userDefined": false
      }
    ],
    "isTemplate": false,
    "count": 0,
    "lang": "en",
    "updated": 0
  },
  {
    "id": "a1f54ecd-e126-483a-a86c-7ac9a39777e8",
    "data": [
      {
        "text": "Hi, I need to apply for my ",
        "userDefined": false
      },
      {
        "text": "fingerprint clearance card",
        "meta": "@Fingerprint_Clearance_card",
        "alias": "fingerprint_clearance_card",
        "userDefined": false
      },
      {
        "text": " but when I login, it does not give me the option to do so.",
        "userDefined": false
      }
    ],
    "isTemplate": false,
    "count": 0,
    "lang": "en",
    "updated": 0
  },
  {
    "id": "b0d1ee66-1153-4053-afde-4a64d8310ca9",
    "data": [
      {
        "text": "Are AZ and ",
        "userDefined": false
      },
      {
        "text": "Minnesota",
        "userDefined": false
      },
      {
        "text": " linked for ",
        "userDefined": false
      },
      {
        "text": "fingerprint clearance",
        "meta": "@Fingerprint_Clearance_card",
        "alias": "fingerprint_clearance_card",
        "userDefined": false
      }
    ],
    "isTemplate": false,
    "count": 0,
    "lang": "en",
    "updated": 0
  },
  {
    "id": "a620573b-a2dd-4b87-ab83-578b32092e23",
    "data": [
      {
        "text": "digital fingerprint",
        "userDefined": false
      }
    ],
    "isTemplate": false,
    "count": 0,
    "lang": "en",
    "updated": 0
  },
  {
    "id": "22969e66-338b-4043-ba02-38dfd752778b",
    "data": [
      {
        "text": "I need a level ",
        "userDefined": false
      },
      {
        "text": "1",
        "userDefined": false
      },
      {
        "text": " ",
        "userDefined": false
      },
      {
        "text": "fingerprint card",
        "meta": "@Fingerprint_Clearance_card",
        "alias": "fingerprint_clearance_card",
        "userDefined": false
      }
    ],
    "isTemplate": false,
    "count": 0,
    "lang": "en",
    "updated": 0
  },
  {
    "id": "7aed5097-059d-41e6-8d9c-d3bbd781e1c3",
    "data": [
      {
        "text": "My ",
        "userDefined": false
      },
      {
        "text": "fingerprint clearance card",
        "meta": "@Fingerprint_Clearance_card",
        "alias": "fingerprint_clearance_card",
        "userDefined": false
      },
      {
        "text": " is now valid, but is not showing up when I enter my information to apply for educator certification. How long does this take to link? or are there additional steps",
        "userDefined": false
      }
    ],
    "isTemplate": false,
    "count": 0,
    "lang": "en",
    "updated": 0
  },
  {
    "id": "320c5dc1-7457-4f7d-97a0-796e93da8808",
    "data": [
      {
        "text": "Once i submit the application for ",
        "userDefined": false
      },
      {
        "text": "fingerprint card",
        "meta": "@Fingerprint_Clearance_card",
        "alias": "fingerprint_clearance_card",
        "userDefined": false
      },
      {
        "text": " and pay how do I submit my fingerprints i have had done",
        "userDefined": false
      }
    ],
    "isTemplate": false,
    "count": 0,
    "lang": "en",
    "updated": 0
  },
  {
    "id": "e29e90f4-0345-499a-b5d5-b946c7765207",
    "data": [
      {
        "text": "I need my finger print ",
        "userDefined": false
      },
      {
        "text": "clearance card",
        "meta": "@Fingerprint_Clearance_card",
        "alias": "fingerprint_clearance_card",
        "userDefined": false
      },
      {
        "text": " to work  but I never got it back from the Arizona board of nursing",
        "userDefined": false
      }
    ],
    "isTemplate": false,
    "count": 0,
    "lang": "en",
    "updated": 0
  },
  {
    "id": "b0b212ce-70c4-4730-96f6-5a8d144ccc9f",
    "data": [
      {
        "text": "I need my finger print card",
        "userDefined": false
      }
    ],
    "isTemplate": false,
    "count": 0,
    "lang": "en",
    "updated": 0
  },
  {
    "id": "b7257198-00ef-49f6-a607-b4d894e04453",
    "data": [
      {
        "text": "how do I find out if I have a ",
        "userDefined": false
      },
      {
        "text": "fingerprint clearance card",
        "meta": "@Fingerprint_Clearance_card",
        "alias": "fingerprint_clearance_card",
        "userDefined": false
      }
    ],
    "isTemplate": false,
    "count": 0,
    "lang": "en",
    "updated": 0
  },
  {
    "id": "1b9568c0-fbe2-4ca3-8c67-964c2b3c2e99",
    "data": [
      {
        "text": "can you send me the application for a ",
        "userDefined": false
      },
      {
        "text": "fingerprint clearance card",
        "meta": "@Fingerprint_Clearance_card",
        "alias": "fingerprint_clearance_card",
        "userDefined": false
      }
    ],
    "isTemplate": false,
    "count": 0,
    "lang": "en",
    "updated": 0
  },
  {
    "id": "4759ac2a-7c73-49c9-9171-6be7847b48cb",
    "data": [
      {
        "text": "Fingerprint appointment",
        "userDefined": false
      }
    ],
    "isTemplate": false,
    "count": 0,
    "lang": "en",
    "updated": 0
  },
  {
    "id": "231a399a-cffa-4dd3-8f79-f4d01fad8d3d",
    "data": [
      {
        "text": "Fingerprint clearance card",
        "meta": "@Fingerprint_Clearance_card",
        "alias": "fingerprint_clearance_card",
        "userDefined": false
      },
      {
        "text": " lookup",
        "userDefined": false
      }
    ],
    "isTemplate": false,
    "count": 0,
    "lang": "en",
    "updated": 0
  },
  {
    "id": "8341984f-eeea-4980-a0eb-ca423e2fe8f5",
    "data": [
      {
        "text": "Fingerprint Card",
        "meta": "@Fingerprint_Clearance_card",
        "alias": "fingerprint_clearance_card",
        "userDefined": false
      },
      {
        "text": " Link",
        "userDefined": false
      }
    ],
    "isTemplate": false,
    "count": 0,
    "lang": "en",
    "updated": 0
  },
  {
    "id": "0bc1536b-517d-4ea9-b2b6-56bcbfa86a34",
    "data": [
      {
        "text": "Fingerprint Clearance Card",
        "meta": "@Fingerprint_Clearance_card",
        "alias": "fingerprint_clearance_card",
        "userDefined": false
      },
      {
        "text": ", paper form",
        "userDefined": false
      }
    ],
    "isTemplate": false,
    "count": 0,
    "lang": "en",
    "updated": 0
  },
  {
    "id": "bbee07d8-6c35-4e4a-a109-eecfe475a549",
    "data": [
      {
        "text": "how do i get my card updated",
        "userDefined": false
      }
    ],
    "isTemplate": false,
    "count": 0,
    "lang": "en",
    "updated": 0
  },
  {
    "id": "a1e1f0f7-200b-4c6a-9446-a3af37208095",
    "data": [
      {
        "text": "I am getting SecurityGuard Card I need Fingerprint service. Can I get some ",
        "userDefined": false
      },
      {
        "text": "one",
        "userDefined": false
      }
    ],
    "isTemplate": false,
    "count": 0,
    "lang": "en",
    "updated": 0
  },
  {
    "id": "9169a34b-84ae-4a38-bb28-95ddf4b5d088",
    "data": [
      {
        "text": "i need help ",
        "userDefined": false
      },
      {
        "text": "applying",
        "userDefined": false
      },
      {
        "text": " for my ",
        "userDefined": false
      },
      {
        "text": "fingerprint card",
        "meta": "@Fingerprint_Clearance_card",
        "alias": "fingerprint_clearance_card",
        "userDefined": false
      }
    ],
    "isTemplate": false,
    "count": 0,
    "lang": "en",
    "updated": 0
  },
  {
    "id": "ee24075c-b2f0-43d5-8661-e63ee88ca986",
    "data": [
      {
        "text": "Do I need some kind of license to obtain a ",
        "userDefined": false
      },
      {
        "text": "fingerprints clearance card",
        "meta": "@Fingerprint_Clearance_card",
        "alias": "fingerprint_clearance_card",
        "userDefined": false
      }
    ],
    "isTemplate": false,
    "count": 0,
    "lang": "en",
    "updated": 0
  },
  {
    "id": "11b254b2-1669-40eb-830d-100641bf5b5d",
    "data": [
      {
        "text": "I need a ",
        "userDefined": false
      },
      {
        "text": "Fingerprint Clearance card",
        "meta": "@Fingerprint_Clearance_card",
        "alias": "fingerprint_clearance_card",
        "userDefined": false
      }
    ],
    "isTemplate": false,
    "count": 0,
    "lang": "en",
    "updated": 0
  },
  {
    "id": "43850c8c-04f6-464e-bdb6-8150ed02159c",
    "data": [
      {
        "text": "We need a ",
        "userDefined": false
      },
      {
        "text": "fingerprint card",
        "meta": "@Fingerprint_Clearance_card",
        "alias": "fingerprint_clearance_card",
        "userDefined": false
      },
      {
        "text": " for him to sub teach here and he had prints done earlier but his card was sent directly to his previous employment and he never saw his card. How do we get his card",
        "userDefined": false
      }
    ],
    "isTemplate": false,
    "count": 0,
    "lang": "en",
    "updated": 0
  },
  {
    "id": "baa3e653-e127-4668-b7a8-16cb322d7ae3",
    "data": [
      {
        "text": "I made an account an now i cannot find how to do an application for a ",
        "userDefined": false
      },
      {
        "text": "fingerprint card",
        "meta": "@Fingerprint_Clearance_card",
        "alias": "fingerprint_clearance_card",
        "userDefined": false
      }
    ],
    "isTemplate": false,
    "count": 0,
    "lang": "en",
    "updated": 0
  },
  {
    "id": "15845cee-a85a-48f1-ade6-32d4382abb9c",
    "data": [
      {
        "text": "How do I get fingerprints",
        "userDefined": false
      }
    ],
    "isTemplate": false,
    "count": 0,
    "lang": "en",
    "updated": 0
  },
  {
    "id": "a4def3f5-2788-4e98-992e-5d870b989331",
    "data": [
      {
        "text": "Fingerprint card",
        "meta": "@Fingerprint_Clearance_card",
        "alias": "fingerprint_clearance_card",
        "userDefined": false
      },
      {
        "text": " ",
        "userDefined": false
      },
      {
        "text": "USPS",
        "userDefined": false
      }
    ],
    "isTemplate": false,
    "count": 0,
    "lang": "en",
    "updated": 0
  },
  {
    "id": "8c318db6-c7b0-40bc-b43c-0714c97f8e98",
    "data": [
      {
        "text": "application for student ",
        "userDefined": false
      },
      {
        "text": "fingerprint card",
        "meta": "@Fingerprint_Clearance_card",
        "alias": "fingerprint_clearance_card",
        "userDefined": false
      }
    ],
    "isTemplate": false,
    "count": 0,
    "lang": "en",
    "updated": 0
  },
  {
    "id": "0037518e-c01a-4da1-8337-97cf313f1ab6",
    "data": [
      {
        "text": "Hi I need to fill out a ",
        "userDefined": false
      },
      {
        "text": "fingerprint card",
        "meta": "@Fingerprint_Clearance_card",
        "alias": "fingerprint_clearance_card",
        "userDefined": false
      },
      {
        "text": " application packet where can I find this",
        "userDefined": false
      }
    ],
    "isTemplate": false,
    "count": 0,
    "lang": "en",
    "updated": 0
  },
  {
    "id": "2a362eea-26c9-403f-9daa-a993bb3e73b2",
    "data": [
      {
        "text": "My reason for ",
        "userDefined": false
      },
      {
        "text": "applying",
        "meta": "@Apply",
        "alias": "Apply",
        "userDefined": false
      },
      {
        "text": " for a ",
        "userDefined": false
      },
      {
        "text": "fingerprint clearance card",
        "meta": "@Fingerprint_Clearance_card",
        "alias": "fingerprint_clearance_card",
        "userDefined": false
      },
      {
        "text": " is I\u0027m a nursing student, But I do not see that option. Which do I choose",
        "userDefined": false
      }
    ],
    "isTemplate": false,
    "count": 0,
    "lang": "en",
    "updated": 0
  },
  {
    "id": "f29543ab-e208-4ce4-968a-1eea9511e61e",
    "data": [
      {
        "text": "GET FCC card",
        "userDefined": false
      }
    ],
    "isTemplate": false,
    "count": 0,
    "lang": "en",
    "updated": 0
  },
  {
    "id": "6b7d06ab-432c-495b-bf9f-d1adcac2be84",
    "data": [
      {
        "text": "how to I ",
        "userDefined": false
      },
      {
        "text": "apply",
        "meta": "@Apply",
        "alias": "Apply",
        "userDefined": false
      },
      {
        "text": " for a ",
        "userDefined": false
      },
      {
        "text": "fingerprint card",
        "meta": "@Fingerprint_Clearance_card",
        "alias": "fingerprint_clearance_card",
        "userDefined": false
      }
    ],
    "isTemplate": false,
    "count": 0,
    "lang": "en",
    "updated": 0
  },
  {
    "id": "3395ea69-abd6-471f-b0aa-d2dd15138c6f",
    "data": [
      {
        "text": "where do i go to find the ",
        "userDefined": false
      },
      {
        "text": "fingerprint clearance card",
        "meta": "@Fingerprint_Clearance_card",
        "alias": "fingerprint_clearance_card",
        "userDefined": false
      },
      {
        "text": " application",
        "userDefined": false
      }
    ],
    "isTemplate": false,
    "count": 0,
    "lang": "en",
    "updated": 0
  },
  {
    "id": "e784cfe4-4c64-4c71-9069-cb3847e16334",
    "data": [
      {
        "text": "how do I get my ",
        "userDefined": false
      },
      {
        "text": "clearance card",
        "meta": "@Fingerprint_Clearance_card",
        "alias": "fingerprint_clearance_card",
        "userDefined": false
      }
    ],
    "isTemplate": false,
    "count": 0,
    "lang": "en",
    "updated": 0
  },
  {
    "id": "840ae2db-a311-4da7-ae21-d3b36387e85c",
    "data": [
      {
        "text": "I need an application for ",
        "userDefined": false
      },
      {
        "text": "fingerprint clearance",
        "meta": "@Fingerprint_Clearance_card",
        "alias": "fingerprint_clearance_card",
        "userDefined": false
      }
    ],
    "isTemplate": false,
    "count": 0,
    "lang": "en",
    "updated": 0
  },
  {
    "id": "942ba3f3-4032-4301-97fd-6740453272d2",
    "data": [
      {
        "text": "Where do I have my fingerprint done",
        "userDefined": false
      }
    ],
    "isTemplate": false,
    "count": 0,
    "lang": "en",
    "updated": 0
  },
  {
    "id": "10906f84-848b-4f8a-b1f3-db6a80e553a1",
    "data": [
      {
        "text": "Im trying to ",
        "userDefined": false
      },
      {
        "text": "apply",
        "meta": "@Apply",
        "alias": "Apply",
        "userDefined": false
      },
      {
        "text": " to a ",
        "userDefined": false
      },
      {
        "text": "fingerprint card",
        "meta": "@Fingerprint_Clearance_card",
        "alias": "fingerprint_clearance_card",
        "userDefined": false
      },
      {
        "text": ". When I go to the place you send me for where to apply I still don\u0027t know where to ",
        "userDefined": false
      },
      {
        "text": "apply",
        "meta": "@Apply",
        "alias": "Apply",
        "userDefined": false
      },
      {
        "text": " can you help me.",
        "userDefined": false
      }
    ],
    "isTemplate": false,
    "count": 0,
    "lang": "en",
    "updated": 0
  },
  {
    "id": "6aa339fd-0f14-4865-811d-a36f7a498eef",
    "data": [
      {
        "text": "fingerprint card",
        "meta": "@Fingerprint_Clearance_card",
        "alias": "fingerprint_clearance_card",
        "userDefined": false
      }
    ],
    "isTemplate": false,
    "count": 0,
    "lang": "en",
    "updated": 0
  },
  {
    "id": "433e0487-8711-421b-8622-859837133824",
    "data": [
      {
        "text": "I need to ",
        "userDefined": false
      },
      {
        "text": "apply",
        "meta": "@Apply",
        "alias": "Apply",
        "userDefined": false
      },
      {
        "text": " for a finger print ",
        "userDefined": false
      },
      {
        "text": "clearance card",
        "meta": "@Fingerprint_Clearance_card",
        "alias": "fingerprint_clearance_card",
        "userDefined": false
      },
      {
        "text": ".  But none of those options fit why im ",
        "userDefined": false
      },
      {
        "text": "applying",
        "meta": "@Apply",
        "alias": "Apply",
        "userDefined": false
      },
      {
        "text": ".  Which do I pick",
        "userDefined": false
      }
    ],
    "isTemplate": false,
    "count": 0,
    "lang": "en",
    "updated": 0
  },
  {
    "id": "ed334b51-db4f-4ba5-b41f-4a66385d7834",
    "data": [
      {
        "text": "link to ",
        "userDefined": false
      },
      {
        "text": "apply",
        "meta": "@Apply",
        "alias": "Apply",
        "userDefined": false
      },
      {
        "text": " for ",
        "userDefined": false
      },
      {
        "text": "fingerprint clearance card",
        "meta": "@Fingerprint_Clearance_card",
        "alias": "fingerprint_clearance_card",
        "userDefined": false
      }
    ],
    "isTemplate": false,
    "count": 0,
    "lang": "en",
    "updated": 0
  },
  {
    "id": "91be56d3-e94a-4ba8-8f31-ee120d9d9e47",
    "data": [
      {
        "text": "required ",
        "userDefined": false
      },
      {
        "text": "clearance card",
        "meta": "@Fingerprint_Clearance_card",
        "alias": "fingerprint_clearance_card",
        "userDefined": false
      }
    ],
    "isTemplate": false,
    "count": 0,
    "lang": "en",
    "updated": 0
  },
  {
    "id": "67200e89-5174-453a-adc9-431506f015e1",
    "data": [
      {
        "text": "Where can I ",
        "userDefined": false
      },
      {
        "text": "apply",
        "meta": "@Apply",
        "alias": "Apply",
        "userDefined": false
      },
      {
        "text": " for ",
        "userDefined": false
      },
      {
        "text": "fingerprint clearance",
        "meta": "@Fingerprint_Clearance_card",
        "alias": "fingerprint_clearance_card",
        "userDefined": false
      }
    ],
    "isTemplate": false,
    "count": 0,
    "lang": "en",
    "updated": 0
  },
  {
    "id": "84456d85-fb0e-4b26-a1e9-e471e0f37596",
    "data": [
      {
        "text": "how can I get ",
        "userDefined": false
      },
      {
        "text": "fingerprint card",
        "meta": "@Fingerprint_Clearance_card",
        "alias": "fingerprint_clearance_card",
        "userDefined": false
      },
      {
        "text": "?",
        "userDefined": false
      }
    ],
    "isTemplate": false,
    "count": 0,
    "lang": "en",
    "updated": 0
  },
  {
    "id": "6d93fac9-62ed-49df-ad46-abb9ced44fe8",
    "data": [
      {
        "text": "procedure to get ",
        "userDefined": false
      },
      {
        "text": "clearance card",
        "meta": "@Fingerprint_Clearance_card",
        "alias": "fingerprint_clearance_card",
        "userDefined": false
      }
    ],
    "isTemplate": false,
    "count": 0,
    "lang": "en",
    "updated": 0
  },
  {
    "id": "0836cf3c-5feb-4afd-8a7e-417c91facf07",
    "data": [
      {
        "text": "How can I get a ",
        "userDefined": false
      },
      {
        "text": "clearance card",
        "meta": "@Fingerprint_Clearance_card",
        "alias": "fingerprint_clearance_card",
        "userDefined": false
      }
    ],
    "isTemplate": false,
    "count": 0,
    "lang": "en",
    "updated": 0
  },
  {
    "id": "94d5cea6-1eb8-476e-8a88-1139f272ab43",
    "data": [
      {
        "text": "I am in need to ",
        "userDefined": false
      },
      {
        "text": "fingerprint clearance card",
        "meta": "@Fingerprint_Clearance_card",
        "alias": "fingerprint_clearance_card",
        "userDefined": false
      },
      {
        "text": "?",
        "userDefined": false
      }
    ],
    "isTemplate": false,
    "count": 0,
    "lang": "en",
    "updated": 0
  },
  {
    "id": "1f4ea076-61ee-4048-838e-cc1bd36f1d9a",
    "data": [
      {
        "text": "Where can I ",
        "userDefined": false
      },
      {
        "text": "apply",
        "meta": "@Apply",
        "alias": "Apply",
        "userDefined": false
      },
      {
        "text": " for a ",
        "userDefined": false
      },
      {
        "text": "fingerprint clearance card",
        "meta": "@Fingerprint_Clearance_card",
        "alias": "fingerprint_clearance_card",
        "userDefined": false
      }
    ],
    "isTemplate": false,
    "count": 0,
    "lang": "en",
    "updated": 0
  },
  {
    "id": "483e74ae-cfdb-4029-8ab4-1d449b86004a",
    "data": [
      {
        "text": "Where can I ",
        "userDefined": false
      },
      {
        "text": "get",
        "userDefined": true
      },
      {
        "text": " a ",
        "userDefined": false
      },
      {
        "text": "clearance card",
        "meta": "@Fingerprint_Clearance_card",
        "alias": "fingerprint_clearance_card",
        "userDefined": false
      },
      {
        "text": "?",
        "userDefined": false
      }
    ],
    "isTemplate": false,
    "count": 0,
    "lang": "en",
    "updated": 0
  },
  {
    "id": "97924f85-0887-4b07-b093-39736de87959",
    "data": [
      {
        "text": "I need to renew my ",
        "userDefined": false
      },
      {
        "text": "clearance card",
        "meta": "@Fingerprint_Clearance_card",
        "alias": "fingerprint_clearance_card",
        "userDefined": false
      }
    ],
    "isTemplate": false,
    "count": 0,
    "lang": "en",
    "updated": 0
  },
  {
    "id": "865b1392-c43d-4e5d-8c02-32bd4d3f3e6e",
    "data": [
      {
        "text": "I need a ",
        "userDefined": false
      },
      {
        "text": "Clearance card",
        "meta": "@Fingerprint_Clearance_card",
        "alias": "fingerprint_clearance_card",
        "userDefined": false
      }
    ],
    "isTemplate": false,
    "count": 0,
    "lang": "en",
    "updated": 0
  },
  {
    "id": "7e5c68dd-7d7a-49de-90bc-0e6c437a385b",
    "data": [
      {
        "text": "How do I ",
        "userDefined": false
      },
      {
        "text": "apply",
        "meta": "@Apply",
        "alias": "Apply",
        "userDefined": true
      },
      {
        "text": " for a ",
        "userDefined": false
      },
      {
        "text": "Fingerprint Clearance card",
        "meta": "@Fingerprint_Clearance_card",
        "alias": "fingerprint_clearance_card",
        "userDefined": false
      }
    ],
    "isTemplate": false,
    "count": 0,
    "lang": "en",
    "updated": 0
  }
]