[
  {
    "id": "c8477049-173e-4792-ac0d-a8762ce2684d",
    "data": [
      {
        "text": "How do I get a Police Clearance Certificate?",
        "userDefined": false
      }
    ],
    "isTemplate": false,
    "count": 0,
    "lang": "en",
    "updated": 0
  },
  {
    "id": "e5e850d8-ea98-4e2a-a7a0-8e350c0f60d5",
    "data": [
      {
        "text": "Which forms do i need to apply for Guard card instructor for unarmed",
        "userDefined": false
      }
    ],
    "isTemplate": false,
    "count": 0,
    "lang": "en",
    "updated": 0
  },
  {
    "id": "2d5cee93-f347-4376-9daf-85174b9fc6b7",
    "data": [
      {
        "text": "its for my licensing and i need it asap",
        "userDefined": false
      }
    ],
    "isTemplate": false,
    "count": 0,
    "lang": "en",
    "updated": 0
  },
  {
    "id": "03d4bc9d-51d0-47ae-aae8-877324ea7d5a",
    "data": [
      {
        "text": "need application for general security trainer",
        "userDefined": false
      }
    ],
    "isTemplate": false,
    "count": 0,
    "lang": "en",
    "updated": 0
  },
  {
    "id": "5a958a2c-685a-4eea-a04d-dcc83ca13476",
    "data": [
      {
        "text": "Im looking for a security card",
        "userDefined": false
      }
    ],
    "isTemplate": false,
    "count": 0,
    "lang": "en",
    "updated": 0
  },
  {
    "id": "3babd3d4-7c59-4c06-986c-7300dd047e7e",
    "data": [
      {
        "text": "Security card",
        "userDefined": false
      }
    ],
    "isTemplate": false,
    "count": 0,
    "lang": "en",
    "updated": 0
  },
  {
    "id": "0ca2fb3c-0239-4f80-867c-21739ad3b6e3",
    "data": [
      {
        "text": "I would like to apply for a new ",
        "userDefined": false
      },
      {
        "text": "private investigator license",
        "userDefined": false
      },
      {
        "text": ".  I have had a prior agency license in Arizona for ",
        "userDefined": false
      },
      {
        "text": "several years",
        "userDefined": false
      },
      {
        "text": " that expired in ",
        "userDefined": false
      },
      {
        "text": "2014",
        "userDefined": false
      }
    ],
    "isTemplate": false,
    "count": 0,
    "lang": "en",
    "updated": 0
  },
  {
    "id": "219f3abb-b6a9-4512-9984-2a04775b6c5a",
    "data": [
      {
        "text": "Hello I\u0027m wanting to obtain my licensing to become a security guard. How would I go about doing that?",
        "userDefined": false
      }
    ],
    "isTemplate": false,
    "count": 0,
    "lang": "en",
    "updated": 0
  },
  {
    "id": "9e67ab25-83d8-428f-a1f9-7fdf1e7a6a78",
    "data": [
      {
        "text": "I am trying to find out what criteria I need for hiring a ",
        "userDefined": false
      },
      {
        "text": "private investigator",
        "meta": "@Security_Guard_License",
        "alias": "security_guard_license",
        "userDefined": false
      },
      {
        "text": " trainee",
        "userDefined": false
      }
    ],
    "isTemplate": false,
    "count": 0,
    "lang": "en",
    "updated": 0
  },
  {
    "id": "6756a792-62fa-4ad8-b09f-01c44be1216e",
    "data": [
      {
        "text": "How can i get a pi license",
        "userDefined": false
      }
    ],
    "isTemplate": false,
    "count": 0,
    "lang": "en",
    "updated": 0
  },
  {
    "id": "c61831ef-dad8-4c7d-a709-5d10f65d63bf",
    "data": [
      {
        "text": "I need to get my license for my cna for your state",
        "userDefined": false
      }
    ],
    "isTemplate": false,
    "count": 0,
    "lang": "en",
    "updated": 0
  },
  {
    "id": "ba3013c5-d4a5-4f7f-933d-a408bf59d878",
    "data": [
      {
        "text": "Yes, I want to apply for a PI license and new business.  what forms do I need to submit? I\u0027m am a retired law enforcement Detective of 32 years.",
        "userDefined": false
      }
    ],
    "isTemplate": false,
    "count": 0,
    "lang": "en",
    "updated": 0
  },
  {
    "id": "d0d87e66-9f20-409b-a2e7-0692360df360",
    "data": [
      {
        "text": "i want to be a ",
        "userDefined": false
      },
      {
        "text": "security guard",
        "meta": "@Security_Guard_License",
        "alias": "security_guard_license",
        "userDefined": false
      }
    ],
    "isTemplate": false,
    "count": 0,
    "lang": "en",
    "updated": 0
  },
  {
    "id": "502fe2b9-67dd-4376-9599-d12129edc89d",
    "data": [
      {
        "text": "I want to know how is the process for my armed security card",
        "userDefined": false
      }
    ],
    "isTemplate": false,
    "count": 0,
    "lang": "en",
    "updated": 0
  },
  {
    "id": "c47fe31c-6407-428c-8be5-00d785f6ad6d",
    "data": [
      {
        "text": "We need a PI application for a new employee",
        "userDefined": false
      }
    ],
    "isTemplate": false,
    "count": 0,
    "lang": "en",
    "updated": 0
  },
  {
    "id": "4048a3bc-266e-4763-aa58-dafada47c5ac",
    "data": [
      {
        "text": "I\u0027m trying to get my security guard certificate",
        "userDefined": false
      }
    ],
    "isTemplate": false,
    "count": 0,
    "lang": "en",
    "updated": 0
  },
  {
    "id": "eb548a88-3cb8-4df7-a9a6-4ca89e2e108b",
    "data": [
      {
        "text": "How do I get my license for security business",
        "userDefined": false
      }
    ],
    "isTemplate": false,
    "count": 0,
    "lang": "en",
    "updated": 0
  },
  {
    "id": "ab9f9801-b05a-4d43-aebe-42db64c5b0a8",
    "data": [
      {
        "text": "security agency license",
        "userDefined": false
      }
    ],
    "isTemplate": false,
    "count": 0,
    "lang": "en",
    "updated": 0
  },
  {
    "id": "ae643ec3-88e7-4e14-918f-6640308486d2",
    "data": [
      {
        "text": "LNA license",
        "userDefined": false
      }
    ],
    "isTemplate": false,
    "count": 0,
    "lang": "en",
    "updated": 0
  },
  {
    "id": "add300da-3a4e-4b54-95a7-48000f7f57a9",
    "data": [
      {
        "text": "How can I get cleared for a unarmed guard card",
        "userDefined": false
      }
    ],
    "isTemplate": false,
    "count": 0,
    "lang": "en",
    "updated": 0
  },
  {
    "id": "68af1e85-deb0-4cc1-8260-ebfa4ed35137",
    "data": [
      {
        "text": "Application for guard card",
        "userDefined": false
      }
    ],
    "isTemplate": false,
    "count": 0,
    "lang": "en",
    "updated": 0
  },
  {
    "id": "1109106d-d8ed-4815-ba8c-ad2ccc323bc8",
    "data": [
      {
        "text": "public safety card",
        "userDefined": false
      }
    ],
    "isTemplate": false,
    "count": 0,
    "lang": "en",
    "updated": 0
  },
  {
    "id": "460a61a1-7c9f-4376-b4ce-148c27e42706",
    "data": [
      {
        "text": "No, new guard license.",
        "userDefined": false
      }
    ],
    "isTemplate": false,
    "count": 0,
    "lang": "en",
    "updated": 0
  },
  {
    "id": "23e0f5fc-0669-4879-9091-dd684c7da0ea",
    "data": [
      {
        "text": "Hi there- I am trying to apply for my PI license, I\u0027m currently licensed in New Mexico",
        "userDefined": false
      }
    ],
    "isTemplate": false,
    "count": 0,
    "lang": "en",
    "updated": 0
  },
  {
    "id": "ed526761-98c7-4a8a-a9a4-edc505ee5bc4",
    "data": [
      {
        "text": "I am going to be the resident manager of our new security guard company. Do I need to just fill to the Resident Manager application or another?",
        "userDefined": false
      }
    ],
    "isTemplate": false,
    "count": 0,
    "lang": "en",
    "updated": 0
  },
  {
    "id": "8b6a9c81-ac7d-4d7c-a4c8-ecbeee67edad",
    "data": [
      {
        "text": "I need to update the address on file",
        "userDefined": false
      }
    ],
    "isTemplate": false,
    "count": 0,
    "lang": "en",
    "updated": 0
  },
  {
    "id": "8e0683cb-de29-431a-993e-18c19cc5f913",
    "data": [
      {
        "text": "Hi I\u0027m trying to get a Active guard card for the upcoming position I\u0027m applying for",
        "userDefined": false
      }
    ],
    "isTemplate": false,
    "count": 0,
    "lang": "en",
    "updated": 0
  },
  {
    "id": "39667857-d9ba-48c7-8624-af9781ec6337",
    "data": [
      {
        "text": "I want to get a guard card unarmed and i got a felony dui in Nevada 23 years ago will that affect me",
        "userDefined": false
      }
    ],
    "isTemplate": false,
    "count": 0,
    "lang": "en",
    "updated": 0
  },
  {
    "id": "02ce5147-65da-4b01-9655-aeab0dd9c47d",
    "data": [
      {
        "text": "Hi I am currently trying to apply for a reciprocity appraisers license",
        "userDefined": false
      }
    ],
    "isTemplate": false,
    "count": 0,
    "lang": "en",
    "updated": 0
  },
  {
    "id": "ecb6e067-3162-4f43-9d80-4f84239b8e3e",
    "data": [
      {
        "text": "i lost my guard card ",
        "userDefined": false
      },
      {
        "text": "before 6 days ago",
        "userDefined": false
      },
      {
        "text": " so i want to get a new one please",
        "userDefined": false
      }
    ],
    "isTemplate": false,
    "count": 0,
    "lang": "en",
    "updated": 0
  },
  {
    "id": "1802b4b6-c94f-4888-baed-0d62b5fe6470",
    "data": [
      {
        "text": "I need a PI",
        "userDefined": false
      }
    ],
    "isTemplate": false,
    "count": 0,
    "lang": "en",
    "updated": 0
  },
  {
    "id": "e723b78a-159a-4582-b79e-da0acdb87890",
    "data": [
      {
        "text": "Direct me to the application to obtain my ",
        "userDefined": false
      },
      {
        "text": "security guard card",
        "meta": "@Security_Guard_License",
        "alias": "security_guard_license",
        "userDefined": false
      }
    ],
    "isTemplate": false,
    "count": 0,
    "lang": "en",
    "updated": 0
  },
  {
    "id": "25c6e80d-df15-44bc-8ef9-9125a5c68d58",
    "data": [
      {
        "text": "how can i get a guard card",
        "userDefined": false
      }
    ],
    "isTemplate": false,
    "count": 0,
    "lang": "en",
    "updated": 0
  },
  {
    "id": "1e27d383-11c2-4d3d-b859-89c2e3ff73d6",
    "data": [
      {
        "text": "Do I have to transfer my security license",
        "userDefined": false
      }
    ],
    "isTemplate": false,
    "count": 0,
    "lang": "en",
    "updated": 0
  },
  {
    "id": "c37c8df3-a021-42f2-8ba7-ce9d30313ce9",
    "data": [
      {
        "text": "Security Guard or PI License",
        "meta": "@Security_Guard_License",
        "alias": "security_guard_license",
        "userDefined": false
      }
    ],
    "isTemplate": false,
    "count": 0,
    "lang": "en",
    "updated": 0
  },
  {
    "id": "a498c70a-5fce-452c-b068-cc485e5ff2ba",
    "data": [
      {
        "text": "How do I apply for a license or registration?",
        "userDefined": false
      }
    ],
    "isTemplate": false,
    "count": 0,
    "lang": "en",
    "updated": 0
  },
  {
    "id": "95d66b37-f5b1-471d-9b32-1cbf66cd1454",
    "data": [
      {
        "text": "link to apply for ",
        "userDefined": false
      },
      {
        "text": "security guard license",
        "meta": "@Security_Guard_License",
        "alias": "security_guard_license",
        "userDefined": false
      }
    ],
    "isTemplate": false,
    "count": 0,
    "lang": "en",
    "updated": 0
  },
  {
    "id": "a7c9e87a-87d1-4388-89c0-31f0cfc152bf",
    "data": [
      {
        "text": "required ",
        "userDefined": false
      },
      {
        "text": "PI license",
        "meta": "@Security_Guard_License",
        "alias": "security_guard_license",
        "userDefined": false
      }
    ],
    "isTemplate": false,
    "count": 0,
    "lang": "en",
    "updated": 0
  },
  {
    "id": "dbeba34b-2531-45fb-81d3-ab09f6f1eec4",
    "data": [
      {
        "text": "Where can I apply for ",
        "userDefined": false
      },
      {
        "text": "private investigator license",
        "meta": "@Security_Guard_License",
        "alias": "security_guard_license",
        "userDefined": false
      }
    ],
    "isTemplate": false,
    "count": 0,
    "lang": "en",
    "updated": 0
  },
  {
    "id": "34c0c861-0ab2-4fce-9fde-94077f90ee70",
    "data": [
      {
        "text": "how can I get ",
        "userDefined": false
      },
      {
        "text": "PI license",
        "meta": "@Security_Guard_License",
        "alias": "security_guard_license",
        "userDefined": false
      },
      {
        "text": " ?",
        "userDefined": false
      }
    ],
    "isTemplate": false,
    "count": 0,
    "lang": "en",
    "updated": 0
  },
  {
    "id": "ef463eeb-bb6e-4d0a-9c20-595a5f04fb27",
    "data": [
      {
        "text": "procedure to get ",
        "userDefined": false
      },
      {
        "text": "security guard license",
        "meta": "@Security_Guard_License",
        "alias": "security_guard_license",
        "userDefined": false
      }
    ],
    "isTemplate": false,
    "count": 0,
    "lang": "en",
    "updated": 0
  },
  {
    "id": "c66d191b-41ed-495e-bdf1-a2329c090b11",
    "data": [
      {
        "text": "private investigator",
        "meta": "@Security_Guard_License",
        "alias": "security_guard_license",
        "userDefined": true
      }
    ],
    "isTemplate": false,
    "count": 0,
    "lang": "en",
    "updated": 0
  },
  {
    "id": "a411c2df-75d6-4b89-9167-788be53164b4",
    "data": [
      {
        "text": "security guard",
        "meta": "@Security_Guard_License",
        "alias": "security_guard_license",
        "userDefined": true
      }
    ],
    "isTemplate": false,
    "count": 0,
    "lang": "en",
    "updated": 0
  },
  {
    "id": "41864081-c23a-462c-9ee1-58d2cee981f2",
    "data": [
      {
        "text": "\"How do I apply for a license or registration? ",
        "userDefined": false
      },
      {
        "text": "security guard private investigator",
        "meta": "@Security_Guard_License",
        "alias": "security_guard_license",
        "userDefined": true
      }
    ],
    "isTemplate": false,
    "count": 0,
    "lang": "en",
    "updated": 0
  },
  {
    "id": "579faa64-6be5-4bfb-9609-a7d3e5b09fcb",
    "data": [
      {
        "text": "I need a security guard agency",
        "userDefined": false
      }
    ],
    "isTemplate": false,
    "count": 0,
    "lang": "en",
    "updated": 0
  },
  {
    "id": "27021477-14ae-4728-b222-a94a01c4d8df",
    "data": [
      {
        "text": "I need ",
        "userDefined": false
      },
      {
        "text": "private investigator license",
        "meta": "@Security_Guard_License",
        "alias": "security_guard_license",
        "userDefined": false
      },
      {
        "text": ".Where can I apply for it?",
        "userDefined": false
      }
    ],
    "isTemplate": false,
    "count": 0,
    "lang": "en",
    "updated": 0
  },
  {
    "id": "79aa43b8-fb15-43c6-bdbc-691d7b9c67c1",
    "data": [
      {
        "text": "I require ",
        "userDefined": false
      },
      {
        "text": "Security guard license",
        "meta": "@Security_Guard_License",
        "alias": "security_guard_license",
        "userDefined": false
      },
      {
        "text": ".How to get it?",
        "userDefined": false
      }
    ],
    "isTemplate": false,
    "count": 0,
    "lang": "en",
    "updated": 0
  },
  {
    "id": "0defa0ef-44a1-4964-b100-c837ccbd9fab",
    "data": [
      {
        "text": "I want to be security guard and where can I apply for list license",
        "userDefined": false
      }
    ],
    "isTemplate": false,
    "count": 0,
    "lang": "en",
    "updated": 0
  },
  {
    "id": "49c0a6e6-7146-40b2-b4b6-d225427f60f3",
    "data": [
      {
        "text": "How can I apply for ",
        "userDefined": false
      },
      {
        "text": "PI license",
        "meta": "@Security_Guard_License",
        "alias": "security_guard_license",
        "userDefined": false
      },
      {
        "text": "?",
        "userDefined": false
      }
    ],
    "isTemplate": false,
    "count": 0,
    "lang": "en",
    "updated": 0
  },
  {
    "id": "a2ed0e1e-602d-4420-b3c8-217d3f33bdc0",
    "data": [
      {
        "text": "Where one can get a ",
        "userDefined": false
      },
      {
        "text": "PI license",
        "meta": "@Security_Guard_License",
        "alias": "security_guard_license",
        "userDefined": false
      },
      {
        "text": "?",
        "userDefined": false
      }
    ],
    "isTemplate": false,
    "count": 0,
    "lang": "en",
    "updated": 0
  },
  {
    "id": "6065bcf4-a97b-41e0-a71f-687ec55b05cf",
    "data": [
      {
        "text": "private investigator license",
        "meta": "@Security_Guard_License",
        "alias": "security_guard_license",
        "userDefined": false
      }
    ],
    "isTemplate": false,
    "count": 0,
    "lang": "en",
    "updated": 0
  },
  {
    "id": "4c393a0a-8f16-4aa5-ad9a-f743f5efc448",
    "data": [
      {
        "text": "I need to renew my ",
        "userDefined": false
      },
      {
        "text": "security guard card",
        "meta": "@Security_Guard_License",
        "alias": "security_guard_license",
        "userDefined": false
      }
    ],
    "isTemplate": false,
    "count": 0,
    "lang": "en",
    "updated": 0
  },
  {
    "id": "15e72fa1-420a-4871-b452-490987c53693",
    "data": [
      {
        "text": "I need a ",
        "userDefined": false
      },
      {
        "text": "Security Guard card",
        "meta": "@Security_Guard_License",
        "alias": "security_guard_license",
        "userDefined": false
      }
    ],
    "isTemplate": false,
    "count": 0,
    "lang": "en",
    "updated": 0
  },
  {
    "id": "e9ff0642-798c-4ac9-99d9-b6afe4e36acf",
    "data": [
      {
        "text": "How do I apply for a ",
        "userDefined": false
      },
      {
        "text": "Security Guard or PI License",
        "meta": "@Security_Guard_License",
        "alias": "security_guard_license",
        "userDefined": false
      },
      {
        "text": "?",
        "userDefined": false
      }
    ],
    "isTemplate": false,
    "count": 0,
    "lang": "en",
    "updated": 0
  }
]