[
  {
    "id": "d6539f1a-dc23-404f-a72f-34afe100bf4b",
    "data": [
      {
        "text": "_Status_Request_or_Application",
        "userDefined": false
      }
    ],
    "isTemplate": false,
    "count": 0,
    "lang": "en",
    "updated": 0
  },
  {
    "id": "9003a4d5-15e7-4110-9397-2be23d6308a4",
    "data": [
      {
        "text": "III_Status_Request_or_Application",
        "userDefined": false
      }
    ],
    "isTemplate": false,
    "count": 0,
    "lang": "en",
    "updated": 0
  },
  {
    "id": "5d3e601d-b801-4949-ab88-d592583cdac0",
    "data": [
      {
        "text": "VIII_Status_Request_or_Application.",
        "userDefined": false
      }
    ],
    "isTemplate": false,
    "count": 0,
    "lang": "en",
    "updated": 0
  },
  {
    "id": "91591a87-a5f8-4e39-b506-dcdf685638b4",
    "data": [
      {
        "text": "VIII_Status_Request_or_Application",
        "userDefined": false
      }
    ],
    "isTemplate": false,
    "count": 0,
    "lang": "en",
    "updated": 0
  }
]