[
  {
    "id": "1c84aa8f-3191-420a-a253-f908671d0e16",
    "data": [
      {
        "text": "Hey I need a replacement card but I don\u0027t have my IVP number",
        "userDefined": false
      }
    ],
    "isTemplate": false,
    "count": 0,
    "lang": "en",
    "updated": 0
  },
  {
    "id": "048d1161-3bc8-4bdf-9b5b-000fcb32150d",
    "data": [
      {
        "text": "How do I upgrade from unarmed to armed",
        "userDefined": false
      }
    ],
    "isTemplate": false,
    "count": 0,
    "lang": "en",
    "updated": 0
  },
  {
    "id": "0308e58e-8eac-4bda-be4b-8df3a17d6246",
    "data": [
      {
        "text": "can i add codes to one of my cards",
        "userDefined": false
      }
    ],
    "isTemplate": false,
    "count": 0,
    "lang": "en",
    "updated": 0
  },
  {
    "id": "2134a97d-013b-49b8-b9d3-5f4663ebb93b",
    "data": [
      {
        "text": "I need to change it from ipv to non-ivp",
        "userDefined": false
      }
    ],
    "isTemplate": false,
    "count": 0,
    "lang": "en",
    "updated": 0
  },
  {
    "id": "ae99e292-008b-41b0-8e97-61deeb933bf0",
    "data": [
      {
        "text": "I want to add a sponsor to your card",
        "userDefined": false
      }
    ],
    "isTemplate": false,
    "count": 0,
    "lang": "en",
    "updated": 0
  },
  {
    "id": "6d78e2e2-f36e-4238-b4bd-093d307ca59d",
    "data": [
      {
        "text": "Can I change a regular fingerprint ID card to a IVF without charges?",
        "userDefined": false
      }
    ],
    "isTemplate": false,
    "count": 0,
    "lang": "en",
    "updated": 0
  },
  {
    "id": "24e91619-55b2-4836-ab3f-251fbaf35949",
    "data": [
      {
        "text": "how do i add real estate to my fingerprint clearance card",
        "userDefined": false
      }
    ],
    "isTemplate": false,
    "count": 0,
    "lang": "en",
    "updated": 0
  },
  {
    "id": "5018e7bd-0ee5-474b-a291-6538b946a6c0",
    "data": [
      {
        "text": "sorry, went I went to get my finger print done, looks the ss # from my husband and not mine... I need to be corrected my ss",
        "userDefined": false
      }
    ],
    "isTemplate": false,
    "count": 0,
    "lang": "en",
    "updated": 0
  },
  {
    "id": "63f12ce6-eaa7-4ad9-a10b-1dea930cbccf",
    "data": [
      {
        "text": "I need to change my fingerprint application from non- IVP to a IVP",
        "userDefined": false
      }
    ],
    "isTemplate": false,
    "count": 0,
    "lang": "en",
    "updated": 0
  },
  {
    "id": "efe1a4a2-d045-4dea-a6b8-8322584756de",
    "data": [
      {
        "text": "add a sponsor to your card",
        "userDefined": false
      }
    ],
    "isTemplate": false,
    "count": 0,
    "lang": "en",
    "updated": 0
  },
  {
    "id": "cd5cf55b-fb05-4289-b949-43ab8e0ca242",
    "data": [
      {
        "text": "I need to update clients FPC with you",
        "userDefined": false
      }
    ],
    "isTemplate": false,
    "count": 0,
    "lang": "en",
    "updated": 0
  },
  {
    "id": "9941ad39-cd6e-41b3-9e8b-210c22f0501e",
    "data": [
      {
        "text": "Adding social security number to fingerprint clearance card application",
        "userDefined": false
      }
    ],
    "isTemplate": false,
    "count": 0,
    "lang": "en",
    "updated": 0
  },
  {
    "id": "477c3aed-bc7c-45ed-9c06-3b424ee685a9",
    "data": [
      {
        "text": "i need to get a IVP card ",
        "userDefined": false
      },
      {
        "text": "replace",
        "userDefined": false
      },
      {
        "text": " exisisting",
        "userDefined": false
      }
    ],
    "isTemplate": false,
    "count": 0,
    "lang": "en",
    "updated": 0
  },
  {
    "id": "79106695-421a-42d4-b0c5-9b28f426092c",
    "data": [
      {
        "text": "I received my fingerprint card and it says invalid because my birthday. It is all correct? I\u0027m confused on what to do",
        "userDefined": false
      }
    ],
    "isTemplate": false,
    "count": 0,
    "lang": "en",
    "updated": 0
  },
  {
    "id": "d2aae2d9-169e-405e-93a1-7d319d33a692",
    "data": [
      {
        "text": "I can\u0027t get into my account to order a replacement card",
        "userDefined": false
      }
    ],
    "isTemplate": false,
    "count": 0,
    "lang": "en",
    "updated": 0
  },
  {
    "id": "b07c2b75-45e4-4975-a8fd-6b36381bed4f",
    "data": [
      {
        "text": "add a reason for fingerprint",
        "userDefined": false
      }
    ],
    "isTemplate": false,
    "count": 0,
    "lang": "en",
    "updated": 0
  },
  {
    "id": "15872bcc-3adc-4037-902b-f391c93e3324",
    "data": [
      {
        "text": "How do I correct my DOB on my fingerprint clearance card",
        "userDefined": false
      }
    ],
    "isTemplate": false,
    "count": 0,
    "lang": "en",
    "updated": 0
  },
  {
    "id": "e3205a43-1196-483f-bde8-494e44c7bc25",
    "data": [
      {
        "text": "I want to update my fingerprint clearance card to IVP",
        "userDefined": false
      }
    ],
    "isTemplate": false,
    "count": 0,
    "lang": "en",
    "updated": 0
  },
  {
    "id": "bd64d9dc-1a92-4f2d-9ff2-2ac8e6b2dc8e",
    "data": [
      {
        "text": "data on my clearance card is incorrect",
        "userDefined": false
      }
    ],
    "isTemplate": false,
    "count": 0,
    "lang": "en",
    "updated": 0
  },
  {
    "id": "c23e09b7-e74e-4b94-a9d8-c9ad7e048d92",
    "data": [
      {
        "text": "how do I change my employer information in my fingerprint card",
        "userDefined": false
      }
    ],
    "isTemplate": false,
    "count": 0,
    "lang": "en",
    "updated": 0
  },
  {
    "id": "ac89644c-d654-45c6-bb5a-d2aea3e2a1cd",
    "data": [
      {
        "text": "I was supposed to be getting level 1 fingerprint clearance card but it was put under ivp",
        "userDefined": false
      }
    ],
    "isTemplate": false,
    "count": 0,
    "lang": "en",
    "updated": 0
  },
  {
    "id": "ae0140c5-fe26-434f-a892-4b44cb72ff63",
    "data": [
      {
        "text": "hi I ordered the wrong finger print clearance card",
        "userDefined": false
      }
    ],
    "isTemplate": false,
    "count": 0,
    "lang": "en",
    "updated": 0
  },
  {
    "id": "7affe958-56cd-4647-9217-2a8e870465eb",
    "data": [
      {
        "text": "how do I fix my race on my card",
        "userDefined": false
      }
    ],
    "isTemplate": false,
    "count": 0,
    "lang": "en",
    "updated": 0
  },
  {
    "id": "87d7fe5b-2a77-4fed-b3ca-13339bd7a24f",
    "data": [
      {
        "text": "one of my employees has misplaced her fingerprint card.  What is the best way to order a replacement?  She is on the website but says it is asking her for a code",
        "userDefined": false
      }
    ],
    "isTemplate": false,
    "count": 0,
    "lang": "en",
    "updated": 0
  },
  {
    "id": "b759dcf5-ffed-4b6c-977d-8ea9a74f9d21",
    "data": [
      {
        "text": "I need to update my card to have an IVP number",
        "userDefined": false
      }
    ],
    "isTemplate": false,
    "count": 0,
    "lang": "en",
    "updated": 0
  },
  {
    "id": "2a534102-9d19-40b8-a1aa-1d6a1170e091",
    "data": [
      {
        "text": "I need to change my order to a level one fingerprint clearance card",
        "userDefined": false
      }
    ],
    "isTemplate": false,
    "count": 0,
    "lang": "en",
    "updated": 0
  },
  {
    "id": "ccc80419-afe8-4f51-aab9-589d944863cb",
    "data": [
      {
        "text": "change level of fingerprint clearance card",
        "userDefined": false
      }
    ],
    "isTemplate": false,
    "count": 0,
    "lang": "en",
    "updated": 0
  },
  {
    "id": "3ce9440b-dc58-46a7-a680-4c35f259fe48",
    "data": [
      {
        "text": "Can I add a sponsor to my IVP card so the systems will sync?",
        "userDefined": false
      }
    ],
    "isTemplate": false,
    "count": 0,
    "lang": "en",
    "updated": 0
  },
  {
    "id": "7c003825-e046-445d-9cee-faad7522d1dd",
    "data": [
      {
        "text": "to add an endorsement  on the card",
        "userDefined": false
      }
    ],
    "isTemplate": false,
    "count": 0,
    "lang": "en",
    "updated": 0
  },
  {
    "id": "771ba5b1-166e-4ee6-9f13-b9bf227f1a36",
    "data": [
      {
        "text": "I\u0027m trying to request that a statue ARS ",
        "userDefined": false
      },
      {
        "text": "464141",
        "meta": "@sys.phone-number",
        "alias": "phone-number",
        "userDefined": false
      },
      {
        "text": " Pharma child safety welfare be added to a card card",
        "userDefined": false
      }
    ],
    "isTemplate": false,
    "count": 0,
    "lang": "en",
    "updated": 0
  },
  {
    "id": "5aae0d15-9332-4e20-82ab-dc67ec862fde",
    "data": [
      {
        "text": "I already have one. I need teachers certificate added so I can apply with state",
        "userDefined": false
      }
    ],
    "isTemplate": false,
    "count": 0,
    "lang": "en",
    "updated": 0
  },
  {
    "id": "2f0f8dc3-af25-4596-be84-1c268c32d621",
    "data": [
      {
        "text": "Can the form to obtain a replacement card be completed and processed online or do you have to send it through the mail?",
        "userDefined": false
      }
    ],
    "isTemplate": false,
    "count": 0,
    "lang": "en",
    "updated": 0
  },
  {
    "id": "c7a382f1-badb-4882-9a62-b3fbf847e437",
    "data": [
      {
        "text": "i order a ",
        "userDefined": false
      },
      {
        "text": "replacement",
        "meta": "@Replacement",
        "alias": "Replacement",
        "userDefined": false
      },
      {
        "text": " of my finger print card and my order is not found",
        "userDefined": false
      }
    ],
    "isTemplate": false,
    "count": 0,
    "lang": "en",
    "updated": 0
  },
  {
    "id": "45f8a7be-9898-4ab7-9ab3-85c83ef2662a",
    "data": [
      {
        "text": "wHERE DO i GET THE UPDATE FINGERPRINT cc",
        "userDefined": false
      }
    ],
    "isTemplate": false,
    "count": 0,
    "lang": "en",
    "updated": 0
  },
  {
    "id": "b3d5e0b5-df57-4384-89e3-6115b4f55d62",
    "data": [
      {
        "text": "Im trying to order a ",
        "userDefined": false
      },
      {
        "text": "replacement",
        "meta": "@Replacement",
        "alias": "Replacement",
        "userDefined": false
      },
      {
        "text": " card. Can that be done online?",
        "userDefined": false
      }
    ],
    "isTemplate": false,
    "count": 0,
    "lang": "en",
    "updated": 0
  },
  {
    "id": "ee1d35a5-b728-4dc2-8eaa-3c00bf18a412",
    "data": [
      {
        "text": "how do i change my address on my fingerprint clearence card",
        "userDefined": false
      }
    ],
    "isTemplate": false,
    "count": 0,
    "lang": "en",
    "updated": 0
  },
  {
    "id": "297d14b5-87c8-44b5-a1f0-43a1e6e3a7d4",
    "data": [
      {
        "text": "Hello I would like to update my fingerprint clearance card",
        "userDefined": false
      }
    ],
    "isTemplate": false,
    "count": 0,
    "lang": "en",
    "updated": 0
  },
  {
    "id": "92a28594-dfa3-4500-b535-02bb913060bd",
    "data": [
      {
        "text": "Hi, I\u0027ve been trying to get a ",
        "userDefined": false
      },
      {
        "text": "replacement",
        "meta": "@Replacement",
        "alias": "Replacement",
        "userDefined": false
      },
      {
        "text": " card, I input my Card Number but says it can\u0027t find me in the system",
        "userDefined": false
      }
    ],
    "isTemplate": false,
    "count": 0,
    "lang": "en",
    "updated": 0
  },
  {
    "id": "b9a95d5a-668c-49fd-a4a6-520218a4281e",
    "data": [
      {
        "text": "Where do I go to change my last name on my card",
        "userDefined": false
      }
    ],
    "isTemplate": false,
    "count": 0,
    "lang": "en",
    "updated": 0
  },
  {
    "id": "ed317f35-b91d-4c1b-b284-f97daecf6010",
    "data": [
      {
        "text": "Hi! Can I add an organization  to my fingerprint card",
        "userDefined": false
      }
    ],
    "isTemplate": false,
    "count": 0,
    "lang": "en",
    "updated": 0
  },
  {
    "id": "9e1330ff-c4db-43ed-ae7d-9437e1127da4",
    "data": [
      {
        "text": "I understand that, I have misplaced my card . How can I proceed ?",
        "userDefined": false
      }
    ],
    "isTemplate": false,
    "count": 0,
    "lang": "en",
    "updated": 0
  },
  {
    "id": "ac312c15-c214-425f-9a4b-5f209a49ceeb",
    "data": [
      {
        "text": "Can I replace my level one with an IVP",
        "userDefined": false
      }
    ],
    "isTemplate": false,
    "count": 1,
    "lang": "en",
    "updated": 0
  },
  {
    "id": "20917d63-7d71-4155-ae16-de3b7b3a01e5",
    "data": [
      {
        "text": "I am trying to replace my fingerprint card because I got married and legally changed my name. The system says that they cannot locate my old clearance card number.",
        "userDefined": false
      }
    ],
    "isTemplate": false,
    "count": 0,
    "lang": "en",
    "updated": 0
  },
  {
    "id": "02a243fa-f94c-40d7-aef6-651d30a81545",
    "data": [
      {
        "text": "Need to apply for a replacement of my card and I don\u0027t know my number",
        "userDefined": false
      }
    ],
    "isTemplate": false,
    "count": 0,
    "lang": "en",
    "updated": 0
  },
  {
    "id": "b1a97ea3-a677-4479-aba7-1c9fab8f6ef4",
    "data": [
      {
        "text": "I\u0027m looking to upgrade my fingerprint clearance card",
        "userDefined": false
      }
    ],
    "isTemplate": false,
    "count": 0,
    "lang": "en",
    "updated": 0
  },
  {
    "id": "8b41862c-fbe0-415b-ab65-29650b68a3b4",
    "data": [
      {
        "text": "how to update fingerprint clearance card",
        "userDefined": false
      }
    ],
    "isTemplate": false,
    "count": 0,
    "lang": "en",
    "updated": 0
  },
  {
    "id": "5cd20cfa-ed68-4cbc-90dd-bd81db658048",
    "data": [
      {
        "text": "Am I able to ",
        "userDefined": false
      },
      {
        "text": "replace",
        "userDefined": false
      },
      {
        "text": " my old fingerprints card with a new one IVP",
        "userDefined": false
      }
    ],
    "isTemplate": false,
    "count": 0,
    "lang": "en",
    "updated": 0
  },
  {
    "id": "cc8fdcd3-a473-428a-a2bc-0067599e628d",
    "data": [
      {
        "text": "I have already a clearance card but it does not have the impression number. How do I update it as I will need it to work at a school",
        "userDefined": false
      }
    ],
    "isTemplate": false,
    "count": 0,
    "lang": "en",
    "updated": 0
  },
  {
    "id": "45de592c-495c-46cc-b517-3acceabc4e5e",
    "data": [
      {
        "text": "I ordered the wrong clearance card now it wont let me do the correct one",
        "userDefined": false
      }
    ],
    "isTemplate": false,
    "count": 0,
    "lang": "en",
    "updated": 0
  },
  {
    "id": "8b7c0c79-7c43-4dc5-95f7-557bb6346b1f",
    "data": [
      {
        "text": "I\u0027ve ordered the wrong clearance card",
        "userDefined": false
      }
    ],
    "isTemplate": false,
    "count": 0,
    "lang": "en",
    "updated": 0
  },
  {
    "id": "0a44ab7c-a8ae-4cc6-acdc-3d90545eeff3",
    "data": [
      {
        "text": "Made a mistake on my clearance card",
        "userDefined": false
      }
    ],
    "isTemplate": false,
    "count": 0,
    "lang": "en",
    "updated": 0
  },
  {
    "id": "fb131300-fc6d-46e7-bd95-385629d24c5c",
    "data": [
      {
        "text": "Add ARS to card",
        "userDefined": false
      }
    ],
    "isTemplate": false,
    "count": 0,
    "lang": "en",
    "updated": 0
  },
  {
    "id": "01189d88-2c82-42d7-abc4-7fb2e2992423",
    "data": [
      {
        "text": "is there a special form need to fill out if I got married and need to update my card? Is it okay to just apply for a new card?",
        "userDefined": false
      }
    ],
    "isTemplate": false,
    "count": 0,
    "lang": "en",
    "updated": 0
  },
  {
    "id": "bd811c36-b27e-4712-be32-a3dee1a3d254",
    "data": [
      {
        "text": "Hi! My fingerprinting clearance card was damaged and I need a new one sent to me in the mail.",
        "userDefined": false
      }
    ],
    "isTemplate": false,
    "count": 0,
    "lang": "en",
    "updated": 0
  },
  {
    "id": "e95000c3-cac7-47b8-bcbf-6a5ad1cf87b5",
    "data": [
      {
        "text": "hello there- I have an IVP fingerprint card because I am an educator- I am now studying for my real estate license, what changes will I need to make to my fingerprint card if any?",
        "userDefined": false
      }
    ],
    "isTemplate": false,
    "count": 0,
    "lang": "en",
    "updated": 0
  },
  {
    "id": "6702ab22-543d-4161-9085-a1a9b9cbe84e",
    "data": [
      {
        "text": "I need to add real estate salesperson to my fingerprint card status. the card number is 2A01296822",
        "userDefined": false
      }
    ],
    "isTemplate": false,
    "count": 0,
    "lang": "en",
    "updated": 0
  },
  {
    "id": "e56c3718-f436-4a3e-8e23-c535f0ae4e54",
    "data": [
      {
        "text": "The fingerprint card the was mail to me was damaged when I received how can I request another one",
        "userDefined": false
      }
    ],
    "isTemplate": false,
    "count": 0,
    "lang": "en",
    "updated": 0
  },
  {
    "id": "4e1bd6f3-32d0-4743-8a19-37fd81a5f361",
    "data": [
      {
        "text": "Do you have to apply for a new card to just add real estate to your current one",
        "userDefined": false
      }
    ],
    "isTemplate": false,
    "count": 0,
    "lang": "en",
    "updated": 0
  },
  {
    "id": "bf38dfb2-e60e-4a14-a36b-451021609696",
    "data": [
      {
        "text": "Hi I have a Finger Clearance Card and my Legal name has changed. How do I update my card?",
        "userDefined": false
      }
    ],
    "isTemplate": false,
    "count": 0,
    "lang": "en",
    "updated": 0
  },
  {
    "id": "3a2a194e-8060-402c-a623-f20e1362518d",
    "data": [
      {
        "text": "If I got married and my name is different how do I reapply for a fingerprint card",
        "userDefined": false
      }
    ],
    "isTemplate": false,
    "count": 0,
    "lang": "en",
    "updated": 0
  },
  {
    "id": "487ebca7-1f76-4674-b60c-25d5ea9a01eb",
    "data": [
      {
        "text": "I need to update my fingerprint clearance card",
        "userDefined": false
      }
    ],
    "isTemplate": false,
    "count": 0,
    "lang": "en",
    "updated": 0
  },
  {
    "id": "ef766d14-26c3-4b79-8501-24a9729d46bb",
    "data": [
      {
        "text": "How can I apply for ",
        "userDefined": false
      },
      {
        "text": "replacement",
        "userDefined": false
      },
      {
        "text": " card",
        "userDefined": false
      }
    ],
    "isTemplate": false,
    "count": 0,
    "lang": "en",
    "updated": 0
  },
  {
    "id": "12e6681e-7e21-45ec-bdd4-6f30f95138e5",
    "data": [
      {
        "text": "Try ",
        "userDefined": false
      },
      {
        "text": "replace",
        "meta": "@Replacement",
        "alias": "Replacement",
        "userDefined": false
      },
      {
        "text": " my finger print only question asking is going to cost me to get another another",
        "userDefined": false
      }
    ],
    "isTemplate": false,
    "count": 0,
    "lang": "en",
    "updated": 0
  },
  {
    "id": "3513a225-304b-47a1-891b-3a005a160255",
    "data": [
      {
        "text": "I\u0027m looking for the Fingerprinting depth. For a card ",
        "userDefined": false
      },
      {
        "text": "replacement",
        "meta": "@Replacement",
        "alias": "Replacement",
        "userDefined": false
      }
    ],
    "isTemplate": false,
    "count": 0,
    "lang": "en",
    "updated": 0
  },
  {
    "id": "49208b2d-c006-44d4-8e90-229a0f2f03cc",
    "data": [
      {
        "text": "I pressed the request a ",
        "userDefined": false
      },
      {
        "text": "replacement",
        "meta": "@Replacement",
        "alias": "Replacement",
        "userDefined": false
      },
      {
        "text": " / Apply for a Card for Myself or ",
        "userDefined": false
      },
      {
        "text": "Someone Else",
        "meta": "@sys.person",
        "alias": "person",
        "userDefined": false
      },
      {
        "text": " but it does not load anything and I need to apply for a card for myself.",
        "userDefined": false
      }
    ],
    "isTemplate": false,
    "count": 0,
    "lang": "en",
    "updated": 0
  },
  {
    "id": "9e5cc9d8-158b-4d61-8c2f-4fbd0f88a58a",
    "data": [
      {
        "text": "How long until I get my ",
        "userDefined": false
      },
      {
        "text": "replacement",
        "meta": "@Replacement",
        "alias": "Replacement",
        "userDefined": false
      },
      {
        "text": " card",
        "userDefined": false
      }
    ],
    "isTemplate": false,
    "count": 0,
    "lang": "en",
    "updated": 0
  },
  {
    "id": "c08c5e75-9be0-41a5-b94e-7f2e2b051fca",
    "data": [
      {
        "text": "Change name on ",
        "userDefined": false
      },
      {
        "text": "replacement",
        "meta": "@Replacement",
        "alias": "Replacement",
        "userDefined": false
      },
      {
        "text": " card how long does it take",
        "userDefined": false
      }
    ],
    "isTemplate": false,
    "count": 0,
    "lang": "en",
    "updated": 0
  },
  {
    "id": "ef0b5b31-06a9-427a-96d7-7152ac90cfd0",
    "data": [
      {
        "text": "How long does it take for a name change on the card",
        "userDefined": false
      }
    ],
    "isTemplate": false,
    "count": 0,
    "lang": "en",
    "updated": 0
  },
  {
    "id": "295a956c-78fd-4216-b349-d0ab8a89045a",
    "data": [
      {
        "text": "i need replace",
        "userDefined": false
      }
    ],
    "isTemplate": false,
    "count": 0,
    "lang": "en",
    "updated": 0
  },
  {
    "id": "b319c0fe-65e4-4165-aa60-49c754e5628e",
    "data": [
      {
        "text": "how long does ",
        "userDefined": false
      },
      {
        "text": "replacement",
        "meta": "@Replacement",
        "alias": "Replacement",
        "userDefined": false
      },
      {
        "text": " come in the mail?",
        "userDefined": false
      }
    ],
    "isTemplate": false,
    "count": 0,
    "lang": "en",
    "updated": 0
  },
  {
    "id": "e51cc082-988b-4c4e-b0fc-ab5dc141b52b",
    "data": [
      {
        "text": "HELLO MY NAME IS ",
        "userDefined": false
      },
      {
        "text": "KENANI",
        "meta": "@sys.person",
        "alias": "person",
        "userDefined": false
      },
      {
        "text": " PLEASE I NEED MY REPLACMENT FINGERPRINT CARD",
        "userDefined": false
      }
    ],
    "isTemplate": false,
    "count": 0,
    "lang": "en",
    "updated": 0
  },
  {
    "id": "2440be05-bca5-486f-83fe-11ea6ff50325",
    "data": [
      {
        "text": "if I\u0027m getting it ",
        "userDefined": false
      },
      {
        "text": "replaced",
        "meta": "@Replacement",
        "alias": "Replacement",
        "userDefined": false
      },
      {
        "text": " I need to wait ",
        "userDefined": false
      },
      {
        "text": "10 days",
        "meta": "@sys.duration",
        "alias": "duration",
        "userDefined": false
      },
      {
        "text": "?",
        "userDefined": false
      }
    ],
    "isTemplate": false,
    "count": 0,
    "lang": "en",
    "updated": 0
  },
  {
    "id": "c646cf99-d7a2-4346-8f51-7a5dc9b4c399",
    "data": [
      {
        "text": "Hi I need to request a ",
        "userDefined": false
      },
      {
        "text": "replacement",
        "meta": "@Replacement",
        "alias": "Replacement",
        "userDefined": false
      },
      {
        "text": " finger print clearance card and I\u0027m trying to make an account and every time I get to the page to put in my address it freezes and won\u0027t let me continue",
        "userDefined": false
      }
    ],
    "isTemplate": false,
    "count": 0,
    "lang": "en",
    "updated": 0
  },
  {
    "id": "d8446d88-8287-49d7-b2a7-1a17be0b1a2e",
    "data": [
      {
        "text": "If I want my card ",
        "userDefined": false
      },
      {
        "text": "replaced",
        "userDefined": false
      },
      {
        "text": " cus it was stolen",
        "userDefined": false
      }
    ],
    "isTemplate": false,
    "count": 0,
    "lang": "en",
    "updated": 0
  },
  {
    "id": "a42e4eb9-7808-428c-9736-610c07bda858",
    "data": [
      {
        "text": "hi i need a new fp card without my driving restriction on it. do i need to ",
        "userDefined": false
      },
      {
        "text": "replace",
        "userDefined": false
      },
      {
        "text": " or get a new one?",
        "userDefined": false
      }
    ],
    "isTemplate": false,
    "count": 0,
    "lang": "en",
    "updated": 0
  },
  {
    "id": "9a0846d9-9cda-4070-9a86-574ca0605e4f",
    "data": [
      {
        "text": "I have had a fingerprint clearance card in the past from ",
        "userDefined": false
      },
      {
        "text": "tucson",
        "userDefined": false
      },
      {
        "text": " unified school district.  I am now going to be workiing for legacy charter school and need to obtain a new one.  but the computer told me to contact you.  I have no other info please adv",
        "userDefined": false
      }
    ],
    "isTemplate": false,
    "count": 0,
    "lang": "en",
    "updated": 0
  },
  {
    "id": "57a8fbd4-05a3-4fb7-a034-046e820f7c7b",
    "data": [
      {
        "text": "Did not get clearance card",
        "userDefined": false
      }
    ],
    "isTemplate": false,
    "count": 0,
    "lang": "en",
    "updated": 0
  },
  {
    "id": "b69c83c3-81d0-42a7-b126-fde1f3821237",
    "data": [
      {
        "text": "how long do we have to ",
        "userDefined": false
      },
      {
        "text": "replace",
        "meta": "@Replacement",
        "alias": "Replacement",
        "userDefined": false
      },
      {
        "text": " the security license qualifying party",
        "userDefined": false
      }
    ],
    "isTemplate": false,
    "count": 0,
    "lang": "en",
    "updated": 0
  },
  {
    "id": "cbd656ec-9b98-4c3a-9429-4c243eb15cfb",
    "data": [
      {
        "text": "I have to look into getting my fingerprint card ",
        "userDefined": false
      },
      {
        "text": "replaced",
        "meta": "@Replacement",
        "alias": "Replacement",
        "userDefined": false
      }
    ],
    "isTemplate": false,
    "count": 1,
    "lang": "en",
    "updated": 0
  },
  {
    "id": "16eca102-4df0-439d-8eb4-7f277fe9692e",
    "data": [
      {
        "text": "I need to ",
        "userDefined": false
      },
      {
        "text": "replace",
        "userDefined": false
      },
      {
        "text": " my expiring fingerprint clearance card.",
        "userDefined": false
      }
    ],
    "isTemplate": false,
    "count": 0,
    "lang": "en",
    "updated": 0
  },
  {
    "id": "a0f1d42f-0d26-4cfe-a19a-aac3d5eabee0",
    "data": [
      {
        "text": "replace",
        "meta": "@Replacement",
        "alias": "Replacement",
        "userDefined": false
      },
      {
        "text": " fingerprint card",
        "userDefined": false
      }
    ],
    "isTemplate": false,
    "count": 0,
    "lang": "en",
    "updated": 0
  },
  {
    "id": "465fc7bb-d224-431f-8715-88ebf8d7e848",
    "data": [
      {
        "text": "I need to ",
        "userDefined": false
      },
      {
        "text": "replace",
        "userDefined": false
      },
      {
        "text": " my finger print card",
        "userDefined": false
      }
    ],
    "isTemplate": false,
    "count": 0,
    "lang": "en",
    "updated": 0
  },
  {
    "id": "7ae0c47f-ec9a-4c16-aae1-ebe43dbdaee4",
    "data": [
      {
        "text": "Replace",
        "userDefined": false
      },
      {
        "text": " fingerprint clearance card",
        "userDefined": false
      }
    ],
    "isTemplate": false,
    "count": 0,
    "lang": "en",
    "updated": 0
  },
  {
    "id": "22ac92d0-50b6-4647-b0ec-12afd62ee6b8",
    "data": [
      {
        "text": "I need to ",
        "userDefined": false
      },
      {
        "text": "replace",
        "meta": "@Replacement",
        "alias": "Replacement",
        "userDefined": false
      },
      {
        "text": " my fingerprint clearance card",
        "userDefined": false
      }
    ],
    "isTemplate": false,
    "count": 0,
    "lang": "en",
    "updated": 0
  },
  {
    "id": "11177078-eebf-4ae7-8f6c-aa25470d2b44",
    "data": [
      {
        "text": "help required for license ",
        "userDefined": false
      },
      {
        "text": "replacement",
        "meta": "@Replacement",
        "alias": "Replacement",
        "userDefined": false
      }
    ],
    "isTemplate": false,
    "count": 0,
    "lang": "en",
    "updated": 0
  },
  {
    "id": "dc95be25-81f2-4313-a356-0fd6970bdb07",
    "data": [
      {
        "text": "procedure to ",
        "userDefined": false
      },
      {
        "text": "replace",
        "meta": "@Replacement",
        "alias": "Replacement",
        "userDefined": false
      },
      {
        "text": " fingerprint clearance card",
        "userDefined": false
      }
    ],
    "isTemplate": false,
    "count": 0,
    "lang": "en",
    "updated": 0
  },
  {
    "id": "eef05f51-657a-46f0-89f4-99ebba9dcc4e",
    "data": [
      {
        "text": "how can I ",
        "userDefined": false
      },
      {
        "text": "replace",
        "meta": "@Replacement",
        "alias": "Replacement",
        "userDefined": false
      },
      {
        "text": " the license",
        "userDefined": false
      }
    ],
    "isTemplate": false,
    "count": 0,
    "lang": "en",
    "updated": 0
  },
  {
    "id": "83a16f00-d1ed-4e57-88a7-d6e7cbea5d80",
    "data": [
      {
        "text": "how do I get a substitute",
        "userDefined": false
      }
    ],
    "isTemplate": false,
    "count": 0,
    "lang": "en",
    "updated": 0
  },
  {
    "id": "150274ec-85f6-4823-bc39-e870f6f80686",
    "data": [
      {
        "text": "How am I going to get a ",
        "userDefined": false
      },
      {
        "text": "replacement",
        "meta": "@Replacement",
        "alias": "Replacement",
        "userDefined": false
      },
      {
        "text": "?",
        "userDefined": false
      }
    ],
    "isTemplate": false,
    "count": 0,
    "lang": "en",
    "updated": 0
  },
  {
    "id": "bdf9b7a3-b508-4d96-ad37-de271bdf2b27",
    "data": [
      {
        "text": "Last week",
        "userDefined": false
      },
      {
        "text": " while travelling,I lost my clearance card,can I get it ",
        "userDefined": false
      },
      {
        "text": "replaced",
        "meta": "@Replacement",
        "alias": "Replacement",
        "userDefined": false
      },
      {
        "text": "?",
        "userDefined": false
      }
    ],
    "isTemplate": false,
    "count": 0,
    "lang": "en",
    "updated": 0
  },
  {
    "id": "10ca3b1a-902d-43ab-a3b0-eb48855929c9",
    "data": [
      {
        "text": "I lost my license can it be ",
        "userDefined": false
      },
      {
        "text": "replaced",
        "meta": "@Replacement",
        "alias": "Replacement",
        "userDefined": false
      },
      {
        "text": "?",
        "userDefined": false
      }
    ],
    "isTemplate": false,
    "count": 0,
    "lang": "en",
    "updated": 0
  },
  {
    "id": "7c28f764-f240-4ddb-83b7-5063e922a494",
    "data": [
      {
        "text": "My Private Investigator license card was stolen",
        "userDefined": false
      }
    ],
    "isTemplate": false,
    "count": 0,
    "lang": "en",
    "updated": 0
  },
  {
    "id": "b4c299f8-fa19-40a7-8514-32a6c2bcf300",
    "data": [
      {
        "text": "I want a ",
        "userDefined": false
      },
      {
        "text": "replacement",
        "meta": "@Replacement",
        "alias": "Replacement",
        "userDefined": false
      },
      {
        "text": " for my fingerprint clearance card",
        "userDefined": false
      }
    ],
    "isTemplate": false,
    "count": 0,
    "lang": "en",
    "updated": 0
  },
  {
    "id": "dab735e6-03f4-46ef-be5e-31620694c7fa",
    "data": [
      {
        "text": "security guard card ",
        "userDefined": false
      },
      {
        "text": "replacement",
        "meta": "@Replacement",
        "alias": "Replacement",
        "userDefined": false
      }
    ],
    "isTemplate": false,
    "count": 0,
    "lang": "en",
    "updated": 0
  },
  {
    "id": "af4325a1-1da5-4b98-a67c-1eee3351df23",
    "data": [
      {
        "text": "Replacement",
        "meta": "@Replacement",
        "alias": "Replacement",
        "userDefined": false
      },
      {
        "text": " clearance card",
        "userDefined": false
      }
    ],
    "isTemplate": false,
    "count": 0,
    "lang": "en",
    "updated": 0
  },
  {
    "id": "d8f6e235-a1aa-4081-8d3d-9785f328067f",
    "data": [
      {
        "text": "private investigator license ",
        "userDefined": false
      },
      {
        "text": "replacement",
        "meta": "@Replacement",
        "alias": "Replacement",
        "userDefined": false
      }
    ],
    "isTemplate": false,
    "count": 0,
    "lang": "en",
    "updated": 0
  },
  {
    "id": "b1f6f33e-a020-4158-bafb-a5d75293ef41",
    "data": [
      {
        "text": "I lost my Security Guard License card",
        "userDefined": false
      }
    ],
    "isTemplate": false,
    "count": 0,
    "lang": "en",
    "updated": 0
  },
  {
    "id": "1162fe81-7e32-4fd8-ae99-9198276f60c2",
    "data": [
      {
        "text": "Replacement",
        "meta": "@Replacement",
        "alias": "Replacement",
        "userDefined": false
      },
      {
        "text": " Security guard or private investigator card?",
        "userDefined": false
      }
    ],
    "isTemplate": false,
    "count": 0,
    "lang": "en",
    "updated": 0
  },
  {
    "id": "25630b4e-910a-488d-a639-0503453a36d0",
    "data": [
      {
        "text": "How may I obtain a ",
        "userDefined": false
      },
      {
        "text": "replacement",
        "meta": "@Replacement",
        "alias": "Replacement",
        "userDefined": false
      },
      {
        "text": " of my Security Guard or Private Investigator Registration if it is lost, stolen or my name changes?",
        "userDefined": false
      }
    ],
    "isTemplate": false,
    "count": 0,
    "lang": "en",
    "updated": 0
  },
  {
    "id": "651fac4e-2083-4b5e-94c6-61402307cfc4",
    "data": [
      {
        "text": "How do I get a ",
        "userDefined": false
      },
      {
        "text": "replacement",
        "meta": "@Replacement",
        "alias": "Replacement",
        "userDefined": true
      },
      {
        "text": "?",
        "userDefined": false
      }
    ],
    "isTemplate": false,
    "count": 0,
    "lang": "en",
    "updated": 0
  }
]