[
  {
    "id": "54097cbe-751e-48f0-bd22-0b45f963119e",
    "data": [
      {
        "text": "I was close to completing my account and the page froze. How do I get to where I was?",
        "userDefined": false
      }
    ],
    "isTemplate": false,
    "count": 0,
    "lang": "en",
    "updated": 0
  },
  {
    "id": "8f901b5d-2468-42ff-a378-ae89b2e8b4cf",
    "data": [
      {
        "text": "I\u0027m trying to finish my IVP application, I started but I needed to get back to it and I lost the page",
        "userDefined": false
      }
    ],
    "isTemplate": false,
    "count": 0,
    "lang": "en",
    "updated": 0
  },
  {
    "id": "999aa584-ba08-4e77-86e4-c9adf3ca4eea",
    "data": [
      {
        "text": "Where is the dashboard",
        "userDefined": false
      }
    ],
    "isTemplate": false,
    "count": 0,
    "lang": "en",
    "updated": 0
  },
  {
    "id": "d31840ac-14a1-4748-bb93-ff9448841370",
    "data": [
      {
        "text": "Where is the dashboard?",
        "userDefined": false
      }
    ],
    "isTemplate": false,
    "count": 0,
    "lang": "en",
    "updated": 0
  },
  {
    "id": "ee9a5e72-0e21-48b5-ae03-6f1445f88fb8",
    "data": [
      {
        "text": "Where can I find the account dashboard",
        "userDefined": false
      }
    ],
    "isTemplate": false,
    "count": 0,
    "lang": "en",
    "updated": 0
  },
  {
    "id": "75fdb147-6a05-42c6-a0cb-a810250e895e",
    "data": [
      {
        "text": "how do I get to my dashboard?",
        "userDefined": false
      }
    ],
    "isTemplate": false,
    "count": 0,
    "lang": "en",
    "updated": 0
  },
  {
    "id": "dcb2889d-4a4d-47d8-b68b-166bda3a113c",
    "data": [
      {
        "text": "what\u0027s the website for the dashboard",
        "userDefined": false
      }
    ],
    "isTemplate": false,
    "count": 0,
    "lang": "en",
    "updated": 0
  },
  {
    "id": "84db18c6-f088-464a-88af-f60b5f8b8eca",
    "data": [
      {
        "text": "How do I get to my dashboard?",
        "userDefined": false
      }
    ],
    "isTemplate": false,
    "count": 0,
    "lang": "en",
    "updated": 0
  },
  {
    "id": "b75b1917-6146-4cad-97fd-0998fde59958",
    "data": [
      {
        "text": "How do I get to the portal?",
        "userDefined": false
      }
    ],
    "isTemplate": false,
    "count": 0,
    "lang": "en",
    "updated": 0
  },
  {
    "id": "80f5657c-81bc-438a-8e4c-631dcf5b9446",
    "data": [
      {
        "text": "how do I get to the dashboard",
        "userDefined": false
      }
    ],
    "isTemplate": false,
    "count": 0,
    "lang": "en",
    "updated": 0
  },
  {
    "id": "6b25ac65-c49f-409d-b686-23d37f6c983b",
    "data": [
      {
        "text": "Where can I find my dashboard",
        "userDefined": false
      }
    ],
    "isTemplate": false,
    "count": 0,
    "lang": "en",
    "updated": 0
  },
  {
    "id": "acadbfd4-285e-4135-82f7-8264ee2d005b",
    "data": [
      {
        "text": "how do I get to my dashboard",
        "userDefined": false
      }
    ],
    "isTemplate": false,
    "count": 0,
    "lang": "en",
    "updated": 0
  },
  {
    "id": "d6afe34b-f799-4674-ac3a-99744f3c708a",
    "data": [
      {
        "text": "How do I get to my portal to read my messages",
        "userDefined": false
      }
    ],
    "isTemplate": false,
    "count": 0,
    "lang": "en",
    "updated": 0
  },
  {
    "id": "9bc59416-355d-41d5-9642-0e1b0857f3f8",
    "data": [
      {
        "text": "its asking me to go to portal",
        "userDefined": false
      }
    ],
    "isTemplate": false,
    "count": 0,
    "lang": "en",
    "updated": 0
  },
  {
    "id": "ff438632-0c2f-4a49-9ce5-0db1dfc30edf",
    "data": [
      {
        "text": "I accidentally exited the site while trying to order the fingerprint cards I need and can\u0027t figure out how to get back",
        "userDefined": false
      }
    ],
    "isTemplate": false,
    "count": 0,
    "lang": "en",
    "updated": 0
  },
  {
    "id": "74990d3a-d71c-431e-ad83-9b46b25ea1e9",
    "data": [
      {
        "text": "How do I get ",
        "userDefined": false
      },
      {
        "text": "homepage",
        "meta": "@Homepage",
        "alias": "homepage",
        "userDefined": false
      },
      {
        "text": " back?",
        "userDefined": false
      }
    ],
    "isTemplate": false,
    "count": 0,
    "lang": "en",
    "updated": 0
  },
  {
    "id": "af457c23-b3d9-49a4-a2ee-f57f2e2f2e34",
    "data": [
      {
        "text": "How am I supposed to get back to the ",
        "userDefined": false
      },
      {
        "text": "home page",
        "meta": "@Homepage",
        "alias": "homepage",
        "userDefined": false
      },
      {
        "text": "?",
        "userDefined": false
      }
    ],
    "isTemplate": false,
    "count": 0,
    "lang": "en",
    "updated": 0
  },
  {
    "id": "75854c75-5b1a-400c-bf23-ad229b1e9103",
    "data": [
      {
        "text": "How am I going to get back to the ",
        "userDefined": false
      },
      {
        "text": "homepage",
        "meta": "@Homepage",
        "alias": "homepage",
        "userDefined": false
      },
      {
        "text": "?",
        "userDefined": false
      }
    ],
    "isTemplate": false,
    "count": 0,
    "lang": "en",
    "updated": 0
  },
  {
    "id": "8aa0ab3f-b427-4890-b20c-5d4848e0c6f1",
    "data": [
      {
        "text": "Returning to ",
        "userDefined": false
      },
      {
        "text": "home page",
        "meta": "@Homepage",
        "alias": "homepage",
        "userDefined": false
      }
    ],
    "isTemplate": false,
    "count": 0,
    "lang": "en",
    "updated": 0
  },
  {
    "id": "1e45d841-2224-4f97-ae15-762c568f4c48",
    "data": [
      {
        "text": "Where can I locate a ",
        "userDefined": false
      },
      {
        "text": "homepage",
        "meta": "@Homepage",
        "alias": "homepage",
        "userDefined": false
      }
    ],
    "isTemplate": false,
    "count": 0,
    "lang": "en",
    "updated": 0
  },
  {
    "id": "a3518b30-2c05-4172-b218-20a93530ae5c",
    "data": [
      {
        "text": "How do I go back to ",
        "userDefined": false
      },
      {
        "text": "home page",
        "meta": "@Homepage",
        "alias": "homepage",
        "userDefined": false
      }
    ],
    "isTemplate": false,
    "count": 0,
    "lang": "en",
    "updated": 0
  },
  {
    "id": "0b9e5af0-a336-4adf-8691-de3c1fa72c6b",
    "data": [
      {
        "text": "I want to navigate to ",
        "userDefined": false
      },
      {
        "text": "home page",
        "meta": "@Homepage",
        "alias": "homepage",
        "userDefined": true
      }
    ],
    "isTemplate": false,
    "count": 0,
    "lang": "en",
    "updated": 0
  },
  {
    "id": "0d6c7029-e925-401e-9b89-9014c3ccd1bc",
    "data": [
      {
        "text": "Where is the ",
        "userDefined": false
      },
      {
        "text": "home page",
        "meta": "@Homepage",
        "alias": "homepage",
        "userDefined": false
      },
      {
        "text": " button",
        "userDefined": false
      }
    ],
    "isTemplate": false,
    "count": 0,
    "lang": "en",
    "updated": 0
  },
  {
    "id": "cf33213e-58f3-4d87-992d-c72b13f6d4c4",
    "data": [
      {
        "text": "how to return to the ",
        "userDefined": false
      },
      {
        "text": "homepage",
        "meta": "@Homepage",
        "alias": "homepage",
        "userDefined": false
      }
    ],
    "isTemplate": false,
    "count": 0,
    "lang": "en",
    "updated": 0
  },
  {
    "id": "75eb0c1d-eb58-49fa-aa26-466415e82209",
    "data": [
      {
        "text": "where is ",
        "userDefined": false
      },
      {
        "text": "homepage",
        "meta": "@Homepage",
        "alias": "homepage",
        "userDefined": false
      }
    ],
    "isTemplate": false,
    "count": 0,
    "lang": "en",
    "updated": 0
  },
  {
    "id": "f9b70b36-288e-4234-b0b4-77f93da75253",
    "data": [
      {
        "text": "How do I get back to the ",
        "userDefined": false
      },
      {
        "text": "homepage",
        "meta": "@Homepage",
        "alias": "homepage",
        "userDefined": false
      },
      {
        "text": "?",
        "userDefined": false
      }
    ],
    "isTemplate": false,
    "count": 0,
    "lang": "en",
    "updated": 0
  }
]