[
  {
    "id": "969eda9c-cdd4-4d2d-acd7-c78a9daec17d",
    "data": [
      {
        "text": "_Offenses_SecurityGuard_or_PI _License.",
        "userDefined": false
      }
    ],
    "isTemplate": false,
    "count": 0,
    "lang": "en",
    "updated": 0
  },
  {
    "id": "22aa33a2-fd86-462a-8165-3ee56b4b2e0b",
    "data": [
      {
        "text": "_Offenses_SecurityGuard_or_PI _License",
        "userDefined": false
      }
    ],
    "isTemplate": false,
    "count": 0,
    "lang": "en",
    "updated": 0
  },
  {
    "id": "744fff96-4515-4eea-9bac-8d1b9b84b512",
    "data": [
      {
        "text": "III_Offenses_SecurityGuard_or_PI _License",
        "userDefined": false
      }
    ],
    "isTemplate": false,
    "count": 0,
    "lang": "en",
    "updated": 0
  },
  {
    "id": "e10d5598-a278-471c-ad9a-3b1abfa5ef67",
    "data": [
      {
        "text": "XIII_Offenses_SecurityGuard_or_PI _License.",
        "userDefined": false
      }
    ],
    "isTemplate": false,
    "count": 0,
    "lang": "en",
    "updated": 0
  },
  {
    "id": "b4c94acd-cae1-4855-9513-ac88c71b1168",
    "data": [
      {
        "text": "XIII_Offenses_SecurityGuard_or_PI _License",
        "userDefined": false
      }
    ],
    "isTemplate": false,
    "count": 0,
    "lang": "en",
    "updated": 0
  }
]