[
  {
    "id": "a456b864-ced6-4554-a3ed-6d5f123b0bd9",
    "data": [
      {
        "text": "My first card had my maiden name. I updated two years ago but never received new card",
        "userDefined": false
      }
    ],
    "isTemplate": false,
    "count": 0,
    "lang": "en",
    "updated": 0
  },
  {
    "id": "4a0f3896-a503-4d88-bcd1-b448d5f52c30",
    "data": [
      {
        "text": "I already did all the process and 3 weeks ago I mailed to you and I have not received anything and I need it for school",
        "userDefined": false
      }
    ],
    "isTemplate": false,
    "count": 0,
    "lang": "en",
    "updated": 0
  },
  {
    "id": "e8f82c10-d9cb-480a-9724-ca9222031ebf",
    "data": [
      {
        "text": "Hello, I have not received my IVP in the mail?",
        "userDefined": false
      }
    ],
    "isTemplate": false,
    "count": 0,
    "lang": "en",
    "updated": 0
  },
  {
    "id": "8bd51f91-1740-4956-aab4-ca9b7343edbc",
    "data": [
      {
        "text": "i filed out my application for my ivp fingerprints card and paid they said they should email my ivp number and i still haven\u0027t gotten anything.",
        "userDefined": false
      }
    ],
    "isTemplate": false,
    "count": 0,
    "lang": "en",
    "updated": 0
  },
  {
    "id": "0d987447-f7b6-4721-a230-9402500a6e9b",
    "data": [
      {
        "text": "I put an application for a renewal this year in April and I did not receive it yet",
        "userDefined": false
      }
    ],
    "isTemplate": false,
    "count": 0,
    "lang": "en",
    "updated": 0
  },
  {
    "id": "aa19a22a-cffb-4274-92d4-1a6ec8e67cf6",
    "data": [
      {
        "text": "I haven\u0027t received anything about fingerprints. It\u0027s been over ",
        "userDefined": false
      },
      {
        "text": "two weeks",
        "userDefined": false
      },
      {
        "text": ".",
        "userDefined": false
      }
    ],
    "isTemplate": false,
    "count": 0,
    "lang": "en",
    "updated": 0
  },
  {
    "id": "55099721-200a-466e-a089-5b0b53f5db9e",
    "data": [
      {
        "text": "I need my fingerprint clearance card please.  Why have i not receieved the card or any correspondence",
        "userDefined": false
      }
    ],
    "isTemplate": false,
    "count": 0,
    "lang": "en",
    "updated": 0
  },
  {
    "id": "7eeaf633-8f47-4b06-a003-81dbde31750e",
    "data": [
      {
        "text": "What to do if you don\u0027t receive the card",
        "userDefined": false
      }
    ],
    "isTemplate": false,
    "count": 0,
    "lang": "en",
    "updated": 0
  },
  {
    "id": "fbbc5fce-54c8-4ab5-a7b5-019cc8765801",
    "data": [
      {
        "text": "i have not recieved my fingerprints",
        "userDefined": false
      }
    ],
    "isTemplate": false,
    "count": 0,
    "lang": "en",
    "updated": 0
  },
  {
    "id": "bb66e447-6c8e-4482-a93d-146755a59204",
    "data": [
      {
        "text": "I haven\u0027t got my finger print clearance card",
        "userDefined": false
      }
    ],
    "isTemplate": false,
    "count": 0,
    "lang": "en",
    "updated": 0
  },
  {
    "id": "7b9f5545-02da-4e24-83bb-f8dbbca77d60",
    "data": [
      {
        "text": "It says it was received I haven\u0027t received it yet",
        "userDefined": false
      }
    ],
    "isTemplate": false,
    "count": 0,
    "lang": "en",
    "updated": 0
  },
  {
    "id": "01ff4d51-7ff4-4fce-8b4e-7f249ac0dda0",
    "data": [
      {
        "text": "I have not received my fingerprint clearance card.",
        "userDefined": false
      }
    ],
    "isTemplate": false,
    "count": 0,
    "lang": "en",
    "updated": 0
  },
  {
    "id": "4bf81478-9d42-4cea-a174-f0984e8830b5",
    "data": [
      {
        "text": "Hi. I just changed my name but have not yet received my new social security card. What should I do?",
        "userDefined": false
      }
    ],
    "isTemplate": false,
    "count": 0,
    "lang": "en",
    "updated": 0
  },
  {
    "id": "834f9bed-6dcc-4eef-b19f-ee337b994a3d",
    "data": [
      {
        "text": "I have not received my fingerprint clearance card",
        "userDefined": false
      }
    ],
    "isTemplate": false,
    "count": 0,
    "lang": "en",
    "updated": 0
  },
  {
    "id": "481a8b0f-1110-46d0-ac26-e0d031e6b248",
    "data": [
      {
        "text": "what if I do not receive the card",
        "userDefined": false
      }
    ],
    "isTemplate": false,
    "count": 0,
    "lang": "en",
    "updated": 0
  },
  {
    "id": "ab4cc5e3-aae5-438a-964f-0d5477da8641",
    "data": [
      {
        "text": "I need my finger print  card but has not come in the mail how to find out where  it is",
        "userDefined": false
      }
    ],
    "isTemplate": false,
    "count": 0,
    "lang": "en",
    "updated": 0
  },
  {
    "id": "45aa428d-9958-4876-8b2d-390059ec9b42",
    "data": [
      {
        "text": "Have not received fingerprint card",
        "userDefined": false
      }
    ],
    "isTemplate": false,
    "count": 0,
    "lang": "en",
    "updated": 0
  },
  {
    "id": "ada8400a-58cf-46cb-a822-93b86388124f",
    "data": [
      {
        "text": "I\u0027m supposed to get packet in the mail but I got nothing yet for almost two weeks now",
        "userDefined": false
      }
    ],
    "isTemplate": false,
    "count": 0,
    "lang": "en",
    "updated": 0
  },
  {
    "id": "ff282c30-26ab-457f-8936-4087cf24b4f3",
    "data": [
      {
        "text": "I am trying to get my fingerprint clearance card, with a name change. I never received a new card in 2020",
        "userDefined": false
      }
    ],
    "isTemplate": false,
    "count": 0,
    "lang": "en",
    "updated": 0
  },
  {
    "id": "4c442eac-cecc-4023-9f7a-d75337b61510",
    "data": [
      {
        "text": "Yes! I have not received my ",
        "userDefined": false
      },
      {
        "text": "white",
        "meta": "@sys.color",
        "alias": "color",
        "userDefined": false
      },
      {
        "text": " fingerprint clearance card. Applied ",
        "userDefined": false
      },
      {
        "text": "May 13,2021",
        "meta": "@sys.date-time",
        "alias": "date-time",
        "userDefined": false
      },
      {
        "text": ". ID:CREDIT_CARD_NUMBER",
        "userDefined": false
      }
    ],
    "isTemplate": false,
    "count": 0,
    "lang": "en",
    "updated": 0
  },
  {
    "id": "e4ab11e6-6edd-4f08-a3df-fc682be0adaa",
    "data": [
      {
        "text": "did not receive card",
        "userDefined": false
      }
    ],
    "isTemplate": false,
    "count": 0,
    "lang": "en",
    "updated": 0
  },
  {
    "id": "a007b974-4fa8-4b4f-b495-c2314b637729",
    "data": [
      {
        "text": "I reapplied for a new fingerprint card in ",
        "userDefined": false
      },
      {
        "text": "June",
        "meta": "@sys.date-period",
        "alias": "date-period",
        "userDefined": false
      },
      {
        "text": " of 2021 as my old card will expire in ",
        "userDefined": false
      },
      {
        "text": "2022",
        "meta": "@sys.date-period",
        "alias": "date-period",
        "userDefined": false
      },
      {
        "text": ".  I paid the fee and still have not received my new card.",
        "userDefined": false
      }
    ],
    "isTemplate": false,
    "count": 0,
    "lang": "en",
    "updated": 0
  },
  {
    "id": "c020faa7-60fb-48e9-90e9-1e65be545d05",
    "data": [
      {
        "text": "Hello My fingerprint clearance card will expire in September. I applied online for a new card and payed for it in March and have not yet received it. What can I do?",
        "userDefined": false
      }
    ],
    "isTemplate": false,
    "count": 0,
    "lang": "en",
    "updated": 0
  },
  {
    "id": "be879a79-8247-4af7-89d4-4bf3d656fdde",
    "data": [
      {
        "text": "Did not receive card in mail",
        "userDefined": false
      }
    ],
    "isTemplate": false,
    "count": 0,
    "lang": "en",
    "updated": 0
  },
  {
    "id": "b7246f9c-e806-45d4-b815-80124847eb23",
    "data": [
      {
        "text": "I did not receive my requested fingerprint card on my mail. Can I ask for another one?",
        "userDefined": false
      }
    ],
    "isTemplate": false,
    "count": 0,
    "lang": "en",
    "updated": 0
  },
  {
    "id": "bc0b4c0f-ee61-46df-9709-ed5c90201910",
    "data": [
      {
        "text": "I haven\u0027t received my unarmed guard card yet",
        "userDefined": false
      }
    ],
    "isTemplate": false,
    "count": 0,
    "lang": "en",
    "updated": 0
  },
  {
    "id": "f70d5e57-68e6-48b5-99d3-829da17188fa",
    "data": [
      {
        "text": "It was to have been sent on 6/25/2021 to correct address and it\u0027s still not received",
        "userDefined": false
      }
    ],
    "isTemplate": false,
    "count": 0,
    "lang": "en",
    "updated": 0
  },
  {
    "id": "8a48c3f9-c35a-44bd-8275-7f7dd4dc8640",
    "data": [
      {
        "text": "I\u0027ve already done a fingerprint clearance card for my nursing license but never received one. I have no info on it",
        "userDefined": false
      }
    ],
    "isTemplate": false,
    "count": 0,
    "lang": "en",
    "updated": 0
  },
  {
    "id": "e8370da7-3ab9-4e12-a481-e435bb374f7b",
    "data": [
      {
        "text": "I NEED HELP LOL I was issued a good cause exception but did not get a card",
        "userDefined": false
      }
    ],
    "isTemplate": false,
    "count": 0,
    "lang": "en",
    "updated": 0
  },
  {
    "id": "b25aa840-f2b9-4458-8179-47c2a1e01f5d",
    "data": [
      {
        "text": "Where can I find the account dashboard",
        "userDefined": false
      }
    ],
    "isTemplate": false,
    "count": 0,
    "lang": "en",
    "updated": 0
  },
  {
    "id": "4f1acc90-4620-49c7-aaaa-b8db11af248a",
    "data": [
      {
        "text": "I\u0027ve not received my fingerprint card. The Registration number is: AZDPS214RD15473535 and the TCN #: 4A23005188.",
        "userDefined": false
      }
    ],
    "isTemplate": false,
    "count": 0,
    "lang": "en",
    "updated": 0
  },
  {
    "id": "6f3dd18b-8dcf-448a-8331-de37eb02cae1",
    "data": [
      {
        "text": "I have not received my card.  How can I get one?",
        "userDefined": false
      }
    ],
    "isTemplate": false,
    "count": 0,
    "lang": "en",
    "updated": 0
  },
  {
    "id": "4f5cb9dc-d5e1-4793-ac9b-9680b65961d0",
    "data": [
      {
        "text": "I never received a card I called and there is no record",
        "userDefined": false
      }
    ],
    "isTemplate": false,
    "count": 0,
    "lang": "en",
    "updated": 0
  },
  {
    "id": "320d9724-b88c-4393-a674-1c65108455c2",
    "data": [
      {
        "text": "I ordered and paid for a fingerprint clearance card renewal on March 26, 2021. I have not received my card.",
        "userDefined": false
      }
    ],
    "isTemplate": false,
    "count": 0,
    "lang": "en",
    "updated": 0
  },
  {
    "id": "6360f3c8-a832-4839-b7df-c05aec33075e",
    "data": [
      {
        "text": "Hello,   I paid renew due sept for $65.00  last November 29, 2020  I have not get my card",
        "userDefined": false
      }
    ],
    "isTemplate": false,
    "count": 0,
    "lang": "en",
    "updated": 0
  },
  {
    "id": "2656c7b8-cfb3-47a6-aa9f-67d86cb0bf1f",
    "data": [
      {
        "text": "I paid my renew card since November 29, 2020   have not get my card",
        "userDefined": false
      }
    ],
    "isTemplate": false,
    "count": 0,
    "lang": "en",
    "updated": 0
  },
  {
    "id": "22f9c875-3551-459b-9043-a18f321128d1",
    "data": [
      {
        "text": "I believe my fingerprint card has been processed. How can I receive the card? Thank you.",
        "userDefined": false
      }
    ],
    "isTemplate": false,
    "count": 0,
    "lang": "en",
    "updated": 0
  },
  {
    "id": "31a1e94d-bc84-4708-b8d3-09031a617d17",
    "data": [
      {
        "text": "Hello, I was wondering when my Arizona fingerprint card is mailed to me.",
        "userDefined": false
      }
    ],
    "isTemplate": false,
    "count": 0,
    "lang": "en",
    "updated": 0
  },
  {
    "id": "7ba5d550-cad7-4688-ae69-0e834dfcc8f7",
    "data": [
      {
        "text": "Can they mail it again since I never got it?",
        "userDefined": false
      }
    ],
    "isTemplate": false,
    "count": 0,
    "lang": "en",
    "updated": 0
  },
  {
    "id": "b12e2eb8-5eab-41b1-b908-341189aa0cf8",
    "data": [
      {
        "text": "\"Your offices were to send me fingerprint card so I can get my fingerprints in CA.  I paid the fee on June 2nd and I still have NOT received  the card/form.\"",
        "userDefined": false
      }
    ],
    "isTemplate": false,
    "count": 0,
    "lang": "en",
    "updated": 0
  },
  {
    "id": "d9da051e-7079-4be2-b6b2-933ab7fe9368",
    "data": [
      {
        "text": "I haven\u0027t received my packet",
        "userDefined": false
      }
    ],
    "isTemplate": false,
    "count": 0,
    "lang": "en",
    "updated": 0
  },
  {
    "id": "000f4651-e07e-4cd1-a218-b48274296538",
    "data": [
      {
        "text": "I have not received the materials in the mail",
        "userDefined": false
      }
    ],
    "isTemplate": false,
    "count": 0,
    "lang": "en",
    "updated": 0
  },
  {
    "id": "9d9be0a1-67eb-4e40-a70c-63ffe965a551",
    "data": [
      {
        "text": "i never received it in the mail",
        "userDefined": false
      }
    ],
    "isTemplate": false,
    "count": 0,
    "lang": "en",
    "updated": 0
  },
  {
    "id": "616f855d-092f-43c9-a59d-900cfb94bcb1",
    "data": [
      {
        "text": "I didnt receive my ",
        "userDefined": false
      },
      {
        "text": "clearance card",
        "meta": "@Fingerprint_Clearance_card",
        "alias": "fingerprint_clearance_card",
        "userDefined": false
      }
    ],
    "isTemplate": false,
    "count": 0,
    "lang": "en",
    "updated": 0
  },
  {
    "id": "650f747a-cf88-4903-96db-63c853ff43b9",
    "data": [
      {
        "text": "My card was issued on ",
        "userDefined": false
      },
      {
        "text": "4/26/2021",
        "meta": "@sys.date-time",
        "alias": "date-time",
        "userDefined": false
      },
      {
        "text": "  it I didn\u0027t get the card",
        "userDefined": false
      }
    ],
    "isTemplate": false,
    "count": 0,
    "lang": "en",
    "updated": 0
  },
  {
    "id": "e5e47f86-ef77-4f88-885f-22272be9786b",
    "data": [
      {
        "text": "why haven\u0027t I received my card yet",
        "userDefined": false
      }
    ],
    "isTemplate": false,
    "count": 0,
    "lang": "en",
    "updated": 0
  },
  {
    "id": "a2bfbcef-6a62-4a2d-b5c9-6637e470696a",
    "data": [
      {
        "text": "fingerprint clearance card not found",
        "userDefined": false
      }
    ],
    "isTemplate": false,
    "count": 0,
    "lang": "en",
    "updated": 0
  },
  {
    "id": "2624bf4d-9073-403a-bda9-1dfbabaace82",
    "data": [
      {
        "text": "Issued on ",
        "userDefined": false
      },
      {
        "text": "4/26/2021",
        "meta": "@sys.date-time",
        "alias": "date-time",
        "userDefined": false
      },
      {
        "text": "\n I did t get my card",
        "userDefined": false
      }
    ],
    "isTemplate": false,
    "count": 0,
    "lang": "en",
    "updated": 0
  },
  {
    "id": "061c5aea-ab57-4979-8c92-a91c4bdb0df3",
    "data": [
      {
        "text": "I have not received card in the mail",
        "userDefined": false
      }
    ],
    "isTemplate": false,
    "count": 0,
    "lang": "en",
    "updated": 0
  },
  {
    "id": "9ece7d50-79fe-404e-a07e-abab5ebbad26",
    "data": [
      {
        "text": "I never got my fingerprint ",
        "userDefined": false
      },
      {
        "text": "clearance card",
        "meta": "@Fingerprint_Clearance_card",
        "alias": "fingerprint_clearance_card",
        "userDefined": false
      }
    ],
    "isTemplate": false,
    "count": 0,
    "lang": "en",
    "updated": 0
  },
  {
    "id": "317a7646-1627-4336-b74f-281707b40eff",
    "data": [
      {
        "text": "Who do I contact if I have not received my card",
        "userDefined": false
      }
    ],
    "isTemplate": false,
    "count": 0,
    "lang": "en",
    "updated": 0
  },
  {
    "id": "523669e0-e370-49b9-9100-6861e513cbe9",
    "data": [
      {
        "text": "Question about FCC not recieved",
        "userDefined": false
      }
    ],
    "isTemplate": false,
    "count": 0,
    "lang": "en",
    "updated": 0
  },
  {
    "id": "8b541445-54fb-46cb-8d92-7d108c4e25d7",
    "data": [
      {
        "text": "My address is correct on the application but I never received the fingerprint ",
        "userDefined": false
      },
      {
        "text": "clearance card",
        "meta": "@Fingerprint_Clearance_card",
        "alias": "fingerprint_clearance_card",
        "userDefined": false
      }
    ],
    "isTemplate": false,
    "count": 0,
    "lang": "en",
    "updated": 0
  },
  {
    "id": "cd397214-4802-4b6a-b157-70011207bcce",
    "data": [
      {
        "text": "I have not received the package for my fingerprint card in the mail",
        "userDefined": false
      }
    ],
    "isTemplate": false,
    "count": 0,
    "lang": "en",
    "updated": 0
  },
  {
    "id": "57b52210-d187-4753-86d2-047848f803c0",
    "data": [
      {
        "text": "Hello I have not received my package in the mail what do I need to do ?",
        "userDefined": false
      }
    ],
    "isTemplate": false,
    "count": 0,
    "lang": "en",
    "updated": 0
  },
  {
    "id": "82b6e38e-aa40-4b7a-a966-23e20babf30d",
    "data": [
      {
        "text": "not received",
        "userDefined": false
      }
    ],
    "isTemplate": false,
    "count": 0,
    "lang": "en",
    "updated": 0
  },
  {
    "id": "5a06df1e-0d54-49af-a6ab-1ed7dc5dc750",
    "data": [
      {
        "text": "I have not received my FCP card",
        "userDefined": false
      }
    ],
    "isTemplate": false,
    "count": 0,
    "lang": "en",
    "updated": 0
  },
  {
    "id": "799adc03-c3f0-4810-bf6c-e8a71c067096",
    "data": [
      {
        "text": "Hello I applied for a fingerprint ",
        "userDefined": false
      },
      {
        "text": "clearance card",
        "meta": "@Fingerprint_Clearance_card",
        "alias": "fingerprint_clearance_card",
        "userDefined": false
      },
      {
        "text": " in ",
        "userDefined": false
      },
      {
        "text": "January",
        "meta": "@sys.date-period",
        "alias": "date-period",
        "userDefined": false
      },
      {
        "text": " and haven\u0027t heard anything?",
        "userDefined": false
      }
    ],
    "isTemplate": false,
    "count": 0,
    "lang": "en",
    "updated": 0
  },
  {
    "id": "1b59ec3e-6f10-4922-a6e9-8df3b0d8ddc2",
    "data": [
      {
        "text": "the applications for my dad and sister never made it to you guys",
        "userDefined": false
      }
    ],
    "isTemplate": false,
    "count": 0,
    "lang": "en",
    "updated": 0
  },
  {
    "id": "2cc743fc-365e-44a7-87af-f45359a4817a",
    "data": [
      {
        "text": "i have not received my ",
        "userDefined": false
      },
      {
        "text": "fingerprint card",
        "meta": "@Fingerprint_Clearance_card",
        "alias": "fingerprint_clearance_card",
        "userDefined": false
      },
      {
        "text": " what can i do?",
        "userDefined": false
      }
    ],
    "isTemplate": false,
    "count": 0,
    "lang": "en",
    "updated": 0
  },
  {
    "id": "87181ab3-a74e-4fbc-9768-26dea170976d",
    "data": [
      {
        "text": "hi, my parents are applying to be foster parents, so all household has to have a ",
        "userDefined": false
      },
      {
        "text": "clearance card",
        "meta": "@Fingerprint_Clearance_card",
        "alias": "fingerprint_clearance_card",
        "userDefined": false
      },
      {
        "text": ", my mom and I already have our cards since our work requires them. my father and sister went got them done but never got a card that was 2 months ago",
        "userDefined": false
      }
    ],
    "isTemplate": false,
    "count": 0,
    "lang": "en",
    "updated": 0
  },
  {
    "id": "23151bb6-3934-47d9-a85a-fe316b004c91",
    "data": [
      {
        "text": "I have not received my ",
        "userDefined": false
      },
      {
        "text": "fingerprint cards",
        "meta": "@Fingerprint_Clearance_card",
        "alias": "fingerprint_clearance_card",
        "userDefined": false
      }
    ],
    "isTemplate": false,
    "count": 0,
    "lang": "en",
    "updated": 0
  },
  {
    "id": "d6d7781b-5894-490b-a32d-94490d4dd46f",
    "data": [
      {
        "text": "I haven\u0027t receive my finger print clrance card",
        "userDefined": false
      }
    ],
    "isTemplate": false,
    "count": 0,
    "lang": "en",
    "updated": 0
  },
  {
    "id": "b28b6798-068c-4a5a-a59a-cc66ddf80707",
    "data": [
      {
        "text": "I see that my card was emailed to me, but I never recieved it",
        "userDefined": false
      }
    ],
    "isTemplate": false,
    "count": 0,
    "lang": "en",
    "updated": 0
  },
  {
    "id": "f55dbe92-2ae8-4fa9-b6f4-83c7cabb7acc",
    "data": [
      {
        "text": "My application is over 60 day. How more days do I need to wait to get my ",
        "userDefined": false
      },
      {
        "text": "Clearance card",
        "meta": "@Fingerprint_Clearance_card",
        "alias": "fingerprint_clearance_card",
        "userDefined": false
      },
      {
        "text": "?",
        "userDefined": false
      }
    ],
    "isTemplate": false,
    "count": 0,
    "lang": "en",
    "updated": 0
  },
  {
    "id": "63b37b4c-1cd4-41eb-be20-d759a70b3c7e",
    "data": [
      {
        "text": "didn\u0027t receive",
        "userDefined": false
      }
    ],
    "isTemplate": false,
    "count": 1,
    "lang": "en",
    "updated": 0
  },
  {
    "id": "538cd3f8-6906-403f-ae3b-2ff1b07ed826",
    "data": [
      {
        "text": "Never received new fingerprint card",
        "userDefined": false
      }
    ],
    "isTemplate": false,
    "count": 0,
    "lang": "en",
    "updated": 0
  },
  {
    "id": "2c9fb26a-793e-4b8c-aaf5-e09d60002001",
    "data": [
      {
        "text": "no fingerprint card received",
        "userDefined": false
      }
    ],
    "isTemplate": false,
    "count": 0,
    "lang": "en",
    "updated": 0
  },
  {
    "id": "64c1e8ca-7db7-41f6-be06-660a9925d663",
    "data": [
      {
        "text": "my fingerprint card isn\u0027t issued",
        "userDefined": false
      }
    ],
    "isTemplate": false,
    "count": 0,
    "lang": "en",
    "updated": 0
  },
  {
    "id": "fc5524ba-1c8f-4859-a837-15969e607857",
    "data": [
      {
        "text": "Clearance card",
        "meta": "@Fingerprint_Clearance_card",
        "alias": "fingerprint_clearance_card",
        "userDefined": false
      },
      {
        "text": " not received",
        "userDefined": false
      }
    ],
    "isTemplate": false,
    "count": 0,
    "lang": "en",
    "updated": 0
  },
  {
    "id": "1aab499d-460a-40c1-b91e-d74ed73159c8",
    "data": [
      {
        "text": "when will my renewed ivp card be sent out to me",
        "userDefined": false
      }
    ],
    "isTemplate": false,
    "count": 0,
    "lang": "en",
    "updated": 0
  },
  {
    "id": "3ce49d40-b2f2-4b61-bcd1-91768782d7c2",
    "data": [
      {
        "text": "I\u0027ve applied for my clearance card, still no word  can u help me",
        "userDefined": false
      }
    ],
    "isTemplate": false,
    "count": 0,
    "lang": "en",
    "updated": 0
  },
  {
    "id": "e7b812f9-4aaf-46f1-a841-eba9d796c7d7",
    "data": [
      {
        "text": "It has been over ",
        "userDefined": false
      },
      {
        "text": "a month",
        "userDefined": false
      },
      {
        "text": " and I still have not received it.",
        "userDefined": false
      }
    ],
    "isTemplate": false,
    "count": 0,
    "lang": "en",
    "updated": 0
  },
  {
    "id": "f41171e4-565f-4b77-9d35-7cc9fb733885",
    "data": [
      {
        "text": "Can you help me locate my ",
        "userDefined": false
      },
      {
        "text": "fingerprint card",
        "userDefined": false
      },
      {
        "text": " It never came in the mail.",
        "userDefined": false
      }
    ],
    "isTemplate": false,
    "count": 0,
    "lang": "en",
    "updated": 0
  },
  {
    "id": "33eda0a7-b3d9-4a90-8bf7-00c44b93b9a5",
    "data": [
      {
        "text": "I paid for a duplicate ",
        "userDefined": false
      },
      {
        "text": "fingerprint clearance card",
        "userDefined": false
      },
      {
        "text": " and have not received it",
        "userDefined": false
      }
    ],
    "isTemplate": false,
    "count": 0,
    "lang": "en",
    "updated": 0
  },
  {
    "id": "a1de8e49-bada-484e-8e83-2ae78211c20c",
    "data": [
      {
        "text": "I have not received the duplicate of my ",
        "userDefined": false
      },
      {
        "text": "fingerprint clearance",
        "userDefined": false
      },
      {
        "text": " I paid for",
        "userDefined": false
      }
    ],
    "isTemplate": false,
    "count": 0,
    "lang": "en",
    "updated": 0
  },
  {
    "id": "79c1ba27-c99a-435a-875d-8b65aad2653e",
    "data": [
      {
        "text": "I never received my card",
        "userDefined": false
      }
    ],
    "isTemplate": false,
    "count": 0,
    "lang": "en",
    "updated": 0
  },
  {
    "id": "006684ab-b07a-40c4-a10b-4764ab06955c",
    "data": [
      {
        "text": "I placed an order for a  finger print card \u0026 paid for it. The system does not show any orders being made",
        "userDefined": false
      }
    ],
    "isTemplate": false,
    "count": 0,
    "lang": "en",
    "updated": 0
  },
  {
    "id": "42932ef7-ad37-4679-8903-109bd66926de",
    "data": [
      {
        "text": "never received ",
        "userDefined": false
      },
      {
        "text": "fingerprint card",
        "meta": "@Fingerprint_Clearance_card",
        "alias": "fingerprint_clearance_card",
        "userDefined": false
      }
    ],
    "isTemplate": false,
    "count": 0,
    "lang": "en",
    "updated": 0
  },
  {
    "id": "1727f254-46ad-4436-9cca-06b32e447fbe",
    "data": [
      {
        "text": "Still not got my ",
        "userDefined": false
      },
      {
        "text": "clearance card",
        "meta": "@Fingerprint_Clearance_card",
        "alias": "fingerprint_clearance_card",
        "userDefined": false
      }
    ],
    "isTemplate": false,
    "count": 0,
    "lang": "en",
    "updated": 0
  },
  {
    "id": "b97de4ab-2593-4fb7-8ffa-78cc3c4c7107",
    "data": [
      {
        "text": "Still how long need to wait to get ",
        "userDefined": false
      },
      {
        "text": "fingerprint card",
        "meta": "@Fingerprint_Clearance_card",
        "alias": "fingerprint_clearance_card",
        "userDefined": false
      }
    ],
    "isTemplate": false,
    "count": 0,
    "lang": "en",
    "updated": 0
  },
  {
    "id": "44443f52-365d-42cc-bef5-99faad7d879f",
    "data": [
      {
        "text": "how long will it take to get a ",
        "userDefined": false
      },
      {
        "text": "clearance card",
        "meta": "@Fingerprint_Clearance_card",
        "alias": "fingerprint_clearance_card",
        "userDefined": false
      }
    ],
    "isTemplate": false,
    "count": 0,
    "lang": "en",
    "updated": 0
  },
  {
    "id": "185e828a-f0e6-4059-b559-bf45f491d5c1",
    "data": [
      {
        "text": "Not yet received ",
        "userDefined": false
      },
      {
        "text": "clearance card",
        "meta": "@Fingerprint_Clearance_card",
        "alias": "fingerprint_clearance_card",
        "userDefined": false
      }
    ],
    "isTemplate": false,
    "count": 0,
    "lang": "en",
    "updated": 0
  },
  {
    "id": "f0b53c5e-5844-421e-8eb8-67b0cb139d3f",
    "data": [
      {
        "text": "When I am gonna get my ",
        "userDefined": false
      },
      {
        "text": "fingerprint card",
        "meta": "@Fingerprint_Clearance_card",
        "alias": "fingerprint_clearance_card",
        "userDefined": false
      },
      {
        "text": "?",
        "userDefined": false
      }
    ],
    "isTemplate": false,
    "count": 0,
    "lang": "en",
    "updated": 0
  },
  {
    "id": "786f956c-af48-4dc6-b145-b066ad3a8c8a",
    "data": [
      {
        "text": "How long should I wait to get ",
        "userDefined": false
      },
      {
        "text": "clearance card",
        "meta": "@Fingerprint_Clearance_card",
        "alias": "fingerprint_clearance_card",
        "userDefined": false
      }
    ],
    "isTemplate": false,
    "count": 0,
    "lang": "en",
    "updated": 0
  },
  {
    "id": "d22a057f-1883-4c07-99ef-a21cdd548583",
    "data": [
      {
        "text": "Last week",
        "meta": "@sys.date-period",
        "alias": "date-period",
        "userDefined": false
      },
      {
        "text": " I applied for ",
        "userDefined": false
      },
      {
        "text": "clearance card",
        "meta": "@Fingerprint_Clearance_card",
        "alias": "fingerprint_clearance_card",
        "userDefined": false
      },
      {
        "text": ". May I know when its gonna reach me",
        "userDefined": false
      }
    ],
    "isTemplate": false,
    "count": 0,
    "lang": "en",
    "updated": 0
  },
  {
    "id": "8e7585c6-ec5b-48a8-a444-87c3f8770a77",
    "data": [
      {
        "text": "I applied for my ",
        "userDefined": false
      },
      {
        "text": "fingerprint card",
        "meta": "@Fingerprint_Clearance_card",
        "alias": "fingerprint_clearance_card",
        "userDefined": false
      },
      {
        "text": " a while ago",
        "userDefined": false
      }
    ],
    "isTemplate": false,
    "count": 0,
    "lang": "en",
    "updated": 0
  },
  {
    "id": "843a7080-6f3f-4b76-874a-188ac124d489",
    "data": [
      {
        "text": "why didn\u0027t I get my ",
        "userDefined": false
      },
      {
        "text": "fingerprint card",
        "meta": "@Fingerprint_Clearance_card",
        "alias": "fingerprint_clearance_card",
        "userDefined": false
      }
    ],
    "isTemplate": false,
    "count": 0,
    "lang": "en",
    "updated": 0
  },
  {
    "id": "b71fa04a-340e-4c20-afd7-0eaa6e4dffd5",
    "data": [
      {
        "text": "Where is my ",
        "userDefined": false
      },
      {
        "text": "clearance card",
        "meta": "@Fingerprint_Clearance_card",
        "alias": "fingerprint_clearance_card",
        "userDefined": false
      }
    ],
    "isTemplate": false,
    "count": 0,
    "lang": "en",
    "updated": 0
  },
  {
    "id": "7a65fc2e-f7fe-4e90-8067-00011deaa00e",
    "data": [
      {
        "text": "I didn\u0027t get my ",
        "userDefined": false
      },
      {
        "text": "clearance card",
        "meta": "@Fingerprint_Clearance_card",
        "alias": "fingerprint_clearance_card",
        "userDefined": false
      },
      {
        "text": " yet",
        "userDefined": false
      }
    ],
    "isTemplate": false,
    "count": 0,
    "lang": "en",
    "updated": 0
  },
  {
    "id": "908b066d-1fb6-4c12-9043-c011b388f23d",
    "data": [
      {
        "text": "I have not received my ",
        "userDefined": false
      },
      {
        "text": "clearance card",
        "meta": "@Fingerprint_Clearance_card",
        "alias": "fingerprint_clearance_card",
        "userDefined": false
      }
    ],
    "isTemplate": false,
    "count": 0,
    "lang": "en",
    "updated": 0
  }
]