[
  {
    "id": "d85eb819-5990-4cde-a1ac-199ecb6b90bf",
    "data": [
      {
        "text": "Hi it\u0027s been many years I don\u0027t remember the answers to the questions",
        "userDefined": false
      }
    ],
    "isTemplate": false,
    "count": 0,
    "lang": "en",
    "updated": 0
  },
  {
    "id": "dd9c9d45-e86c-42cd-8583-f21a430e9b26",
    "data": [
      {
        "text": "Having hard time with my security questions",
        "userDefined": false
      }
    ],
    "isTemplate": false,
    "count": 0,
    "lang": "en",
    "updated": 0
  },
  {
    "id": "c47b0cc8-690b-4708-91cf-8ffea74257d0",
    "data": [
      {
        "text": "My security answers are correct but does not let me in",
        "userDefined": false
      }
    ],
    "isTemplate": false,
    "count": 0,
    "lang": "en",
    "updated": 0
  },
  {
    "id": "72a9be5c-8989-4e3a-9588-13a692be6f8e",
    "data": [
      {
        "text": "When I click on Select for Security Question there is no response.",
        "userDefined": false
      }
    ],
    "isTemplate": false,
    "count": 0,
    "lang": "en",
    "updated": 0
  },
  {
    "id": "659a7471-5e7d-42c2-b65d-838b97a2d9f7",
    "data": [
      {
        "text": "I\u0027m trying to create an account but I can\u0027t get the security questions.",
        "userDefined": false
      }
    ],
    "isTemplate": false,
    "count": 0,
    "lang": "en",
    "updated": 0
  },
  {
    "id": "a65935ca-950f-4a55-9371-f1c1aa2f0c99",
    "data": [
      {
        "text": "I did that and I\u0027m making my security questions and it\u0027s giving me error",
        "userDefined": false
      }
    ],
    "isTemplate": false,
    "count": 0,
    "lang": "en",
    "updated": 0
  },
  {
    "id": "bcdc23dd-6605-4b15-84c9-12e4151d00f0",
    "data": [
      {
        "text": "I forgot my password, and I can remember the answers to my security questions. Is there a way to change the questions",
        "userDefined": false
      }
    ],
    "isTemplate": false,
    "count": 0,
    "lang": "en",
    "updated": 0
  },
  {
    "id": "23fdd48f-23c0-49e3-8fd4-f7e4c42ee999",
    "data": [
      {
        "text": "Hello I am attempting ",
        "userDefined": false
      },
      {
        "text": "ot",
        "userDefined": false
      },
      {
        "text": " reset my password however my secret answers are not being verified. Can you please assist",
        "userDefined": false
      }
    ],
    "isTemplate": false,
    "count": 0,
    "lang": "en",
    "updated": 0
  },
  {
    "id": "b75486e4-0349-4e0e-91aa-3208b0b020ad",
    "data": [
      {
        "text": "I am creating my account to renew my fingerprint card and it is not allowing me any options for security questions",
        "userDefined": false
      }
    ],
    "isTemplate": false,
    "count": 0,
    "lang": "en",
    "updated": 0
  },
  {
    "id": "6391e683-a1cf-4107-b52e-09779af97c2c",
    "data": [
      {
        "text": "I do not know my security questions",
        "userDefined": false
      }
    ],
    "isTemplate": false,
    "count": 0,
    "lang": "en",
    "updated": 0
  },
  {
    "id": "16981623-2b8d-40cd-ad20-fd7026979932",
    "data": [
      {
        "text": "I am trying to login now. But I have forgotten my security question",
        "userDefined": false
      }
    ],
    "isTemplate": false,
    "count": 0,
    "lang": "en",
    "updated": 0
  },
  {
    "id": "489bb089-aa49-47dd-89b7-b92020f556b4",
    "data": [
      {
        "text": "I need ",
        "userDefined": false
      },
      {
        "text": "someoone",
        "userDefined": false
      },
      {
        "text": "\u0027s help in recovering my security question",
        "userDefined": false
      }
    ],
    "isTemplate": false,
    "count": 0,
    "lang": "en",
    "updated": 0
  },
  {
    "id": "4f38ebb1-9a14-4a02-8753-796dcbef8a9d",
    "data": [
      {
        "text": "I am unable to recall my securtity question to login",
        "userDefined": false
      }
    ],
    "isTemplate": false,
    "count": 0,
    "lang": "en",
    "updated": 0
  },
  {
    "id": "35629de0-a402-44d1-b16b-f518c24f83ea",
    "data": [
      {
        "text": "What is the consequence of not remembering a security question?",
        "userDefined": false
      }
    ],
    "isTemplate": false,
    "count": 0,
    "lang": "en",
    "updated": 0
  },
  {
    "id": "edfbbe35-bfc6-4c79-aedd-fb5be7d2538b",
    "data": [
      {
        "text": "Not recollecting security question",
        "userDefined": false
      }
    ],
    "isTemplate": false,
    "count": 0,
    "lang": "en",
    "updated": 0
  },
  {
    "id": "3b5aeccd-799e-4f9b-ac77-f818d005cdc4",
    "data": [
      {
        "text": "I am not able to remember my security question to login",
        "userDefined": false
      }
    ],
    "isTemplate": false,
    "count": 0,
    "lang": "en",
    "updated": 0
  },
  {
    "id": "9a945043-45e2-4d4b-8289-7954adb5f679",
    "data": [
      {
        "text": "I don\u0027t remember ",
        "userDefined": false
      },
      {
        "text": "one",
        "userDefined": false
      },
      {
        "text": " of my security questions",
        "userDefined": false
      }
    ],
    "isTemplate": false,
    "count": 0,
    "lang": "en",
    "updated": 0
  },
  {
    "id": "89bb0759-a895-4c63-87d8-66960a1892a9",
    "data": [
      {
        "text": "I forgot my security question and I can\u0027t login",
        "userDefined": false
      }
    ],
    "isTemplate": false,
    "count": 0,
    "lang": "en",
    "updated": 0
  },
  {
    "id": "3be8a55b-f62a-44ca-aaee-01a24afc4f4c",
    "data": [
      {
        "text": "I am unable to login, I forgot my security question",
        "userDefined": false
      }
    ],
    "isTemplate": false,
    "count": 0,
    "lang": "en",
    "updated": 0
  },
  {
    "id": "fbaf5fd4-d1da-4c3c-8b8d-19e16d0b4437",
    "data": [
      {
        "text": "What should I do if I can\u0027t remember the security question",
        "userDefined": false
      }
    ],
    "isTemplate": false,
    "count": 0,
    "lang": "en",
    "updated": 0
  },
  {
    "id": "bbb221ca-3c96-4b4c-becb-f7ecd53f3db4",
    "data": [
      {
        "text": "How can I ",
        "userDefined": false
      },
      {
        "text": "get",
        "userDefined": false
      },
      {
        "text": " sufficient ",
        "userDefined": false
      },
      {
        "text": "information",
        "userDefined": false
      },
      {
        "text": " to reset security questions?",
        "userDefined": false
      }
    ],
    "isTemplate": false,
    "count": 0,
    "lang": "en",
    "updated": 0
  },
  {
    "id": "d64780cc-9438-4e2d-aa6a-2aa2d00891f6",
    "data": [
      {
        "text": "Forgot my security questions and wanted to login now.",
        "userDefined": false
      }
    ],
    "isTemplate": false,
    "count": 0,
    "lang": "en",
    "updated": 0
  },
  {
    "id": "47e5f1e1-7508-4fc7-b4ab-242bc518469e",
    "data": [
      {
        "text": "I am not able to recall my security question",
        "userDefined": false
      }
    ],
    "isTemplate": false,
    "count": 0,
    "lang": "en",
    "updated": 0
  },
  {
    "id": "f7398b8c-0ec6-41b3-8128-cadcd25136a8",
    "data": [
      {
        "text": "Somehow, i can\u0027t remember my security question and need to login now?",
        "userDefined": false
      }
    ],
    "isTemplate": false,
    "count": 0,
    "lang": "en",
    "updated": 0
  },
  {
    "id": "5199fc23-e250-4c30-b0a8-68b340d0029a",
    "data": [
      {
        "text": "Is there any way to ",
        "userDefined": false
      },
      {
        "text": "get",
        "userDefined": false
      },
      {
        "text": " the security question again?",
        "userDefined": false
      }
    ],
    "isTemplate": false,
    "count": 0,
    "lang": "en",
    "updated": 0
  },
  {
    "id": "09887d94-398a-4bb0-a4b6-3a99634c1ba7",
    "data": [
      {
        "text": "What should i do if i can\u0027t remember my security question?",
        "userDefined": false
      }
    ],
    "isTemplate": false,
    "count": 0,
    "lang": "en",
    "updated": 0
  },
  {
    "id": "ceebd9ab-a5da-4a0f-b0dd-4d28e48e3771",
    "data": [
      {
        "text": "Can i reset my security question?",
        "userDefined": false
      }
    ],
    "isTemplate": false,
    "count": 0,
    "lang": "en",
    "updated": 0
  },
  {
    "id": "ff1761da-828b-41ed-9e32-1fbc455e821f",
    "data": [
      {
        "text": "what are the steps to reset the security question?",
        "userDefined": false
      }
    ],
    "isTemplate": false,
    "count": 0,
    "lang": "en",
    "updated": 0
  },
  {
    "id": "6d6f8278-7cf1-463c-aefc-8b6fa5c5a702",
    "data": [
      {
        "text": "What is the answers to my security question?",
        "userDefined": false
      }
    ],
    "isTemplate": false,
    "count": 0,
    "lang": "en",
    "updated": 0
  },
  {
    "id": "b043b07c-aae3-4355-b9dc-b5139206fd9b",
    "data": [
      {
        "text": "What are my security question?",
        "userDefined": false
      }
    ],
    "isTemplate": false,
    "count": 0,
    "lang": "en",
    "updated": 0
  },
  {
    "id": "bafdb3bd-8289-45b9-b5eb-c024bf0c52e9",
    "data": [
      {
        "text": "Unable to recall my security questions?",
        "userDefined": false
      }
    ],
    "isTemplate": false,
    "count": 0,
    "lang": "en",
    "updated": 0
  },
  {
    "id": "5b8964fd-8955-4a2b-8475-3edb9997b785",
    "data": [
      {
        "text": "How can I reset my  security questions?",
        "userDefined": false
      }
    ],
    "isTemplate": false,
    "count": 0,
    "lang": "en",
    "updated": 0
  },
  {
    "id": "704b6199-8a7e-4926-abbb-5c69728f729c",
    "data": [
      {
        "text": "What do I do if I forgot my security question answers",
        "userDefined": false
      }
    ],
    "isTemplate": false,
    "count": 0,
    "lang": "en",
    "updated": 0
  },
  {
    "id": "79467c39-76c6-4d26-a055-b7ce13e77552",
    "data": [
      {
        "text": "Forgot security question and How can I recover",
        "userDefined": false
      }
    ],
    "isTemplate": false,
    "count": 0,
    "lang": "en",
    "updated": 0
  },
  {
    "id": "0a18e7f5-add2-4893-91b2-71965bd16e97",
    "data": [
      {
        "text": "What do you do if you can\u0027t remember your security questions?",
        "userDefined": false
      }
    ],
    "isTemplate": false,
    "count": 0,
    "lang": "en",
    "updated": 0
  },
  {
    "id": "577c82e4-92f8-428a-955d-42933a0be867",
    "data": [
      {
        "text": "What can be done,if i won\u0027t remeber the security question?",
        "userDefined": false
      }
    ],
    "isTemplate": false,
    "count": 0,
    "lang": "en",
    "updated": 0
  },
  {
    "id": "31821792-9b9d-4868-99cf-f59d96cfb30a",
    "data": [
      {
        "text": "Can\u0027t remember security question",
        "userDefined": false
      }
    ],
    "isTemplate": false,
    "count": 0,
    "lang": "en",
    "updated": 0
  },
  {
    "id": "abb9e80a-2954-4bbb-be58-d62f16aa4dac",
    "data": [
      {
        "text": "What to do if i forgot ",
        "userDefined": false
      },
      {
        "text": "security question",
        "userDefined": true
      }
    ],
    "isTemplate": false,
    "count": 0,
    "lang": "en",
    "updated": 0
  },
  {
    "id": "3992e94a-f215-4a15-98a9-eb539fd79732",
    "data": [
      {
        "text": "Forgot security question",
        "userDefined": false
      }
    ],
    "isTemplate": false,
    "count": 0,
    "lang": "en",
    "updated": 0
  },
  {
    "id": "124cc194-b034-4b60-9c7c-cf599456cd66",
    "data": [
      {
        "text": "Won\u0027t remember the security question",
        "userDefined": false
      }
    ],
    "isTemplate": false,
    "count": 0,
    "lang": "en",
    "updated": 0
  },
  {
    "id": "9076aafd-ed10-45e1-9e7c-9d27c2d18d72",
    "data": [
      {
        "text": "What if you cannot remember a security question",
        "userDefined": false
      }
    ],
    "isTemplate": false,
    "count": 0,
    "lang": "en",
    "updated": 0
  }
]