[
  {
    "id": "dec9cb76-f39d-48b5-8da8-bca3f70cb9de",
    "data": [
      {
        "text": "Where can I locate my IVP",
        "userDefined": false
      }
    ],
    "isTemplate": false,
    "count": 0,
    "lang": "en",
    "updated": 0
  },
  {
    "id": "9112ea5a-e3f8-4d6b-b975-906a599acd8b",
    "data": [
      {
        "text": "I do not have a copy of my expired card how do I find the IVP number?",
        "userDefined": false
      }
    ],
    "isTemplate": false,
    "count": 0,
    "lang": "en",
    "updated": 0
  },
  {
    "id": "1d3766bd-6af5-4d87-8a4d-95e89f49f39c",
    "data": [
      {
        "text": "My card does not have IVP number",
        "userDefined": false
      }
    ],
    "isTemplate": false,
    "count": 0,
    "lang": "en",
    "updated": 0
  },
  {
    "id": "0f257480-7a9f-4350-a620-43af58b27b3b",
    "data": [
      {
        "text": "My card expired, I need a new one, but I don\u0027t know the number for my old one.",
        "userDefined": false
      }
    ],
    "isTemplate": false,
    "count": 0,
    "lang": "en",
    "updated": 0
  },
  {
    "id": "bf3c87ad-87fd-42eb-9d29-623aae2edc98",
    "data": [
      {
        "text": "my card does not have IVP number",
        "userDefined": false
      }
    ],
    "isTemplate": false,
    "count": 0,
    "lang": "en",
    "updated": 0
  },
  {
    "id": "f76493bd-7b52-42ea-b724-c6ee8d29bf36",
    "data": [
      {
        "text": "I need my ivp number to get a replacement card",
        "userDefined": false
      }
    ],
    "isTemplate": false,
    "count": 0,
    "lang": "en",
    "updated": 0
  },
  {
    "id": "1b346841-9b53-47e0-97fc-5e79d50432d4",
    "data": [
      {
        "text": "I have paid for the clearance card but I already use to have a card so do I have to get printed again. It was suspended",
        "userDefined": false
      }
    ],
    "isTemplate": false,
    "count": 0,
    "lang": "en",
    "updated": 0
  },
  {
    "id": "acb005a4-dd3d-4641-a545-1c9abe12461b",
    "data": [
      {
        "text": "I am a Federal Probation Officer, Have been fingerprinted in the past , am I exempt from needing to be printed?",
        "userDefined": false
      }
    ],
    "isTemplate": false,
    "count": 0,
    "lang": "en",
    "updated": 0
  },
  {
    "id": "35928dcc-3791-4ee6-a06f-5fe01325a661",
    "data": [
      {
        "text": "I had my fingerprints done in ",
        "userDefined": false
      },
      {
        "text": "2016",
        "userDefined": false
      },
      {
        "text": " for my life insurance job. Now I need an IVP Fingerprint card for my new job at a school. Is my old info still valid?",
        "userDefined": false
      }
    ],
    "isTemplate": false,
    "count": 0,
    "lang": "en",
    "updated": 0
  },
  {
    "id": "e2d632b0-c00a-4f91-ba75-4a1873a50060",
    "data": [
      {
        "text": "I need to reinstate my finger print card",
        "userDefined": false
      }
    ],
    "isTemplate": false,
    "count": 0,
    "lang": "en",
    "updated": 0
  },
  {
    "id": "f0c15e2f-9783-42e5-9afd-12e5cd071b7f",
    "data": [
      {
        "text": "Can i renew a card that has already expired?",
        "userDefined": false
      }
    ],
    "isTemplate": false,
    "count": 0,
    "lang": "en",
    "updated": 0
  },
  {
    "id": "f89f5921-2650-4975-b5d2-24afd00f828d",
    "data": [
      {
        "text": "I need help renewing my fingerprint card",
        "userDefined": false
      }
    ],
    "isTemplate": false,
    "count": 0,
    "lang": "en",
    "updated": 0
  },
  {
    "id": "b009ea6d-9654-4f70-a407-48c9dc819058",
    "data": [
      {
        "text": "I am trying to access my online account to renew my fingerprint card",
        "userDefined": false
      }
    ],
    "isTemplate": false,
    "count": 0,
    "lang": "en",
    "updated": 0
  },
  {
    "id": "1c22d915-4b71-451b-a0d5-48e28539f238",
    "data": [
      {
        "text": "I need to ",
        "userDefined": false
      },
      {
        "text": "renew",
        "userDefined": false
      },
      {
        "text": " my card. I have the card, I type the number but the system can not find me",
        "userDefined": false
      }
    ],
    "isTemplate": false,
    "count": 0,
    "lang": "en",
    "updated": 0
  },
  {
    "id": "2a0f3a5b-5f13-4525-9609-ce69d019497b",
    "data": [
      {
        "text": "expiring level ",
        "userDefined": false
      },
      {
        "text": "1",
        "userDefined": false
      },
      {
        "text": " fingerprint clearance card",
        "userDefined": false
      }
    ],
    "isTemplate": false,
    "count": 0,
    "lang": "en",
    "updated": 0
  },
  {
    "id": "612cff91-aa51-409c-bc6e-44fe7c83c8f1",
    "data": [
      {
        "text": "How can I renew my fingerprint card with my card number",
        "userDefined": false
      }
    ],
    "isTemplate": false,
    "count": 0,
    "lang": "en",
    "updated": 0
  },
  {
    "id": "c28407ec-01cd-41d6-85ca-b8dcf9ea0ab3",
    "data": [
      {
        "text": "I need to reinstate my finger card",
        "userDefined": false
      }
    ],
    "isTemplate": false,
    "count": 0,
    "lang": "en",
    "updated": 0
  },
  {
    "id": "299a30ae-c965-4774-be46-e4ebf174acc8",
    "data": [
      {
        "text": "We need our account verified so we may ",
        "userDefined": false
      },
      {
        "text": "renew",
        "userDefined": false
      },
      {
        "text": " our license",
        "userDefined": false
      }
    ],
    "isTemplate": false,
    "count": 0,
    "lang": "en",
    "updated": 0
  },
  {
    "id": "14581c37-a71b-46fd-b1cd-5fce1d526e19",
    "data": [
      {
        "text": "I have my card # number but it expires on ",
        "userDefined": false
      },
      {
        "text": "8/7/21",
        "userDefined": false
      }
    ],
    "isTemplate": false,
    "count": 0,
    "lang": "en",
    "updated": 0
  },
  {
    "id": "c1b2c8f0-aa31-4db3-a503-bbe487b2c75d",
    "data": [
      {
        "text": "I have the number and it states it expire ",
        "userDefined": false
      },
      {
        "text": "8/7/2021",
        "userDefined": false
      }
    ],
    "isTemplate": false,
    "count": 0,
    "lang": "en",
    "updated": 0
  },
  {
    "id": "f966d255-b707-4cf5-8959-a64f520d2d78",
    "data": [
      {
        "text": "When I called in, the lady advised me that since my card expired, I needed to submit with a new finger print card.",
        "userDefined": false
      }
    ],
    "isTemplate": false,
    "count": 0,
    "lang": "en",
    "updated": 0
  },
  {
    "id": "f3bc57c6-99e6-4872-b651-f9ab705f0a66",
    "data": [
      {
        "text": "I would like to ",
        "userDefined": false
      },
      {
        "text": "Renew",
        "userDefined": false
      },
      {
        "text": " my State of ",
        "userDefined": false
      },
      {
        "text": "AZ",
        "userDefined": false
      },
      {
        "text": " Concealed Weapons Permit.  I now live in the State of ",
        "userDefined": false
      },
      {
        "text": "WA",
        "userDefined": false
      },
      {
        "text": " with the possibility of some day returning to AZ. My permit expires 9/19/2021",
        "userDefined": false
      }
    ],
    "isTemplate": false,
    "count": 0,
    "lang": "en",
    "updated": 0
  },
  {
    "id": "21294b00-b8a6-43c4-82c2-3df1c32bc051",
    "data": [
      {
        "text": "IVP",
        "userDefined": false
      },
      {
        "text": "0119384",
        "userDefined": false
      },
      {
        "text": " my card is up 11/",
        "userDefined": false
      },
      {
        "text": "13",
        "userDefined": false
      },
      {
        "text": "/",
        "userDefined": false
      },
      {
        "text": "2021",
        "userDefined": false
      },
      {
        "text": ". I pulled it up said ",
        "userDefined": false
      },
      {
        "text": "2015",
        "userDefined": false
      },
      {
        "text": " my last card. I need know the process to renew my card?",
        "userDefined": false
      }
    ],
    "isTemplate": false,
    "count": 0,
    "lang": "en",
    "updated": 0
  },
  {
    "id": "cdfe5569-e153-4db8-aabc-2ed7b17344f4",
    "data": [
      {
        "text": "I want to renew it now please.",
        "userDefined": false
      }
    ],
    "isTemplate": false,
    "count": 0,
    "lang": "en",
    "updated": 0
  },
  {
    "id": "f948d7bf-ebcc-4075-ad8e-f0c32f3b06a3",
    "data": [
      {
        "text": "Do I need an ivp card for real estate",
        "userDefined": false
      }
    ],
    "isTemplate": false,
    "count": 0,
    "lang": "en",
    "updated": 0
  },
  {
    "id": "b5f4a94c-394b-40fd-a68f-2445a18a8b9a",
    "data": [
      {
        "text": "renew card",
        "userDefined": false
      }
    ],
    "isTemplate": false,
    "count": 1,
    "lang": "en",
    "updated": 0
  },
  {
    "id": "1ae11d26-9595-48ed-a073-206fc369e726",
    "data": [
      {
        "text": "private investigator qualifying party registration ",
        "userDefined": false
      },
      {
        "text": "renewal",
        "userDefined": false
      },
      {
        "text": " form",
        "userDefined": false
      }
    ],
    "isTemplate": false,
    "count": 0,
    "lang": "en",
    "updated": 0
  },
  {
    "id": "722d64b9-1516-4e13-911f-c594afa1b01b",
    "data": [
      {
        "text": "My email address has changed from account on file, how do I ",
        "userDefined": false
      },
      {
        "text": "renew",
        "userDefined": false
      },
      {
        "text": " my Fingerprint clearance card, please?",
        "userDefined": false
      }
    ],
    "isTemplate": false,
    "count": 0,
    "lang": "en",
    "updated": 0
  },
  {
    "id": "3dfe7919-71a1-4c16-a3ac-ac563cb12a6c",
    "data": [
      {
        "text": "Do I need to get my prints done again to receive my card?",
        "userDefined": false
      }
    ],
    "isTemplate": false,
    "count": 0,
    "lang": "en",
    "updated": 0
  },
  {
    "id": "18b66bf4-caa3-43e7-b214-60bf4d2cb151",
    "data": [
      {
        "text": "MY CARD does not have IVP#s ON THE FRONT THER IN LIES MY PROBLEM!!!",
        "userDefined": false
      }
    ],
    "isTemplate": false,
    "count": 0,
    "lang": "en",
    "updated": 0
  },
  {
    "id": "7ceed483-9ee8-4820-88eb-6129f3c159c8",
    "data": [
      {
        "text": "My fingerprint card expired and I need to know what I need to do to reactivate it.",
        "userDefined": false
      }
    ],
    "isTemplate": false,
    "count": 0,
    "lang": "en",
    "updated": 0
  },
  {
    "id": "7fe0a189-94f5-4ecd-bd2b-504e65953371",
    "data": [
      {
        "text": "Hello - are we able to do license renewals online for a Security Associate, a Qualifying Party and a Resident Manager?",
        "userDefined": false
      }
    ],
    "isTemplate": false,
    "count": 0,
    "lang": "en",
    "updated": 0
  },
  {
    "id": "7efae0dc-4bc0-487e-9bde-f2e16309af77",
    "data": [
      {
        "text": "Where do I get the application number of my fingerprint if if I just requested to replace it",
        "userDefined": false
      }
    ],
    "isTemplate": false,
    "count": 0,
    "lang": "en",
    "updated": 0
  },
  {
    "id": "c3c8e77f-c44a-4596-befc-1b9d0fc7c950",
    "data": [
      {
        "text": "How can I reactivate my fingerprint clearance card?",
        "userDefined": false
      }
    ],
    "isTemplate": false,
    "count": 0,
    "lang": "en",
    "updated": 0
  },
  {
    "id": "874db7db-782d-4447-97b5-f19285c0b106",
    "data": [
      {
        "text": "how can I renew my card",
        "userDefined": false
      }
    ],
    "isTemplate": false,
    "count": 0,
    "lang": "en",
    "updated": 0
  },
  {
    "id": "49152c28-8367-45ec-a71b-efc6fa607880",
    "data": [
      {
        "text": "My fingerprint card IVP# needs to be sent to Arizona Department of Education.",
        "userDefined": false
      }
    ],
    "isTemplate": false,
    "count": 0,
    "lang": "en",
    "updated": 0
  },
  {
    "id": "0f683388-c67b-4f67-b073-ba593df83fc7",
    "data": [
      {
        "text": "help with expired fingerprint card",
        "userDefined": false
      }
    ],
    "isTemplate": false,
    "count": 0,
    "lang": "en",
    "updated": 0
  },
  {
    "id": "c5a84625-73c6-4732-a02a-6c023fdc3785",
    "data": [
      {
        "text": "My DPS card does not have an IVP number on it, how do I locate it",
        "userDefined": false
      }
    ],
    "isTemplate": false,
    "count": 0,
    "lang": "en",
    "updated": 0
  },
  {
    "id": "04a496a8-1e56-4e9d-bb4b-46f0369c41de",
    "data": [
      {
        "text": "so i was wondering can I just renew it",
        "userDefined": false
      }
    ],
    "isTemplate": false,
    "count": 0,
    "lang": "en",
    "updated": 0
  },
  {
    "id": "6f803547-a593-46c7-ac15-82a49455498d",
    "data": [
      {
        "text": "I have my card right in front of me and the computer is not accepting my IVP number. What is my next step. I just need to get my clearance renewed",
        "userDefined": false
      }
    ],
    "isTemplate": false,
    "count": 0,
    "lang": "en",
    "updated": 0
  },
  {
    "id": "e7daccb5-71bd-4c19-89a7-50d6308168d3",
    "data": [
      {
        "text": "I need to ",
        "userDefined": false
      },
      {
        "text": "renew",
        "userDefined": false
      },
      {
        "text": " my clearance card for employment at a school",
        "userDefined": false
      }
    ],
    "isTemplate": false,
    "count": 0,
    "lang": "en",
    "updated": 0
  },
  {
    "id": "caed0083-1a13-4d77-b90e-5c716fa1664f",
    "data": [
      {
        "text": "I don\u0027t have the number of the card",
        "userDefined": false
      }
    ],
    "isTemplate": false,
    "count": 0,
    "lang": "en",
    "updated": 0
  },
  {
    "id": "922b01dc-ff8c-4be9-bfb9-9da2033290b3",
    "data": [
      {
        "text": "I don\u0027t have a IVP number on my card",
        "userDefined": false
      }
    ],
    "isTemplate": false,
    "count": 0,
    "lang": "en",
    "updated": 0
  },
  {
    "id": "460daed0-f80c-4b05-8fe6-7d66014feb9c",
    "data": [
      {
        "text": "hi I may needing my old IVP #. Many years ago I had fingerprint clearance card and now ima needing one to Substitute teach",
        "userDefined": false
      }
    ],
    "isTemplate": false,
    "count": 0,
    "lang": "en",
    "updated": 0
  },
  {
    "id": "d89da000-3621-4df8-853f-c3dd38c69710",
    "data": [
      {
        "text": "Hi, I need to renew my FCC but I lost my previous card so I don\u0027t know my number",
        "userDefined": false
      }
    ],
    "isTemplate": false,
    "count": 0,
    "lang": "en",
    "updated": 0
  },
  {
    "id": "6be2183a-d123-4334-a69b-7ad5da275cd7",
    "data": [
      {
        "text": "I AM TRYING TO RENEW MY FINGERPINT CARD. I AM NOT A TEACHER OR BUS DRIVER. I WORK IN THE OFFICE HOW DO I PROCEED?",
        "userDefined": false
      }
    ],
    "isTemplate": false,
    "count": 0,
    "lang": "en",
    "updated": 0
  },
  {
    "id": "758ace50-c01c-4b93-8847-03253d6a2c39",
    "data": [
      {
        "text": "my card does not have an IVP number on the front of my card",
        "userDefined": false
      }
    ],
    "isTemplate": false,
    "count": 0,
    "lang": "en",
    "updated": 0
  },
  {
    "id": "6cd5a54d-1856-4532-aefc-545e623ac950",
    "data": [
      {
        "text": "do I need an IVP Clearance card for substitute teaching in public or charter schools?",
        "userDefined": false
      }
    ],
    "isTemplate": false,
    "count": 0,
    "lang": "en",
    "updated": 0
  },
  {
    "id": "55d51c24-4711-4364-8ca1-c25064050cd7",
    "data": [
      {
        "text": "dont know my ivp number",
        "userDefined": false
      }
    ],
    "isTemplate": false,
    "count": 0,
    "lang": "en",
    "updated": 0
  },
  {
    "id": "1cff8117-a375-41d2-ab92-1481e3ee0da1",
    "data": [
      {
        "text": "My ivp number is not on my card. How can I find this?",
        "userDefined": false
      }
    ],
    "isTemplate": false,
    "count": 1,
    "lang": "en",
    "updated": 0
  },
  {
    "id": "0a929d52-3247-4a7c-bf93-cc1992de5bd1",
    "data": [
      {
        "text": "I work for a public school and I have a clearance card through them however there is no IVP number on my card",
        "userDefined": false
      }
    ],
    "isTemplate": false,
    "count": 0,
    "lang": "en",
    "updated": 0
  },
  {
    "id": "7fccfa16-9e7e-4319-b824-8056491a7285",
    "data": [
      {
        "text": "i dont know my IVP number",
        "userDefined": false
      }
    ],
    "isTemplate": false,
    "count": 0,
    "lang": "en",
    "updated": 0
  },
  {
    "id": "27e8a94b-fad0-4c95-8970-702764ecff73",
    "data": [
      {
        "text": "I do not know my IPV #",
        "userDefined": false
      }
    ],
    "isTemplate": false,
    "count": 0,
    "lang": "en",
    "updated": 0
  },
  {
    "id": "60c91ebc-a98e-4c2f-9fa4-4afa9372fd42",
    "data": [
      {
        "text": "When I click the link you provide it takes me to the page asking for an IVP number and my card does not have an IVP number associated with it. What do I do?",
        "userDefined": false
      }
    ],
    "isTemplate": false,
    "count": 0,
    "lang": "en",
    "updated": 0
  },
  {
    "id": "72d0d1df-665b-4974-bd27-a7fdcbd38126",
    "data": [
      {
        "text": "Hi my fingerprint card doesn\u0027t have an IVP number on it",
        "userDefined": false
      }
    ],
    "isTemplate": false,
    "count": 0,
    "lang": "en",
    "updated": 0
  },
  {
    "id": "003cb8c4-8330-43f6-9ba3-6e2e6bb793fa",
    "data": [
      {
        "text": "Where do I renew the card when it is time?",
        "userDefined": false
      }
    ],
    "isTemplate": false,
    "count": 0,
    "lang": "en",
    "updated": 0
  },
  {
    "id": "e0d45cdb-b6db-4d80-8a7b-3630e2397fc3",
    "data": [
      {
        "text": "I do have my card, need to renew card",
        "userDefined": false
      }
    ],
    "isTemplate": false,
    "count": 0,
    "lang": "en",
    "updated": 0
  },
  {
    "id": "3eb15fa2-867e-4015-a455-d6ede5ce80ef",
    "data": [
      {
        "text": "What can I do now that it has expired?",
        "userDefined": false
      }
    ],
    "isTemplate": false,
    "count": 0,
    "lang": "en",
    "updated": 0
  },
  {
    "id": "b1fb7d6c-af11-485e-8ce1-569de2938ed7",
    "data": [
      {
        "text": "I am trying to renew my fingerprint card",
        "userDefined": false
      }
    ],
    "isTemplate": false,
    "count": 0,
    "lang": "en",
    "updated": 0
  },
  {
    "id": "690c6a30-2d75-41ea-be7d-5dba79439d37",
    "data": [
      {
        "text": "I don\u0027t know my IVP number",
        "userDefined": false
      }
    ],
    "isTemplate": false,
    "count": 0,
    "lang": "en",
    "updated": 0
  },
  {
    "id": "2bf6f3f5-7bfb-4f00-abf2-d14609af85f7",
    "data": [
      {
        "text": "I need to replace my finger clearance card but don\u0027t have a VPI number on my card",
        "userDefined": false
      }
    ],
    "isTemplate": false,
    "count": 0,
    "lang": "en",
    "updated": 0
  },
  {
    "id": "3d0c4c8b-46ba-4e49-9d61-abb78f123a97",
    "data": [
      {
        "text": "Lost fingerprint card",
        "userDefined": false
      }
    ],
    "isTemplate": false,
    "count": 0,
    "lang": "en",
    "updated": 0
  },
  {
    "id": "12a00623-3277-489d-8f61-a947562e91bb",
    "data": [
      {
        "text": "How can I expedite my Clearance card request?",
        "userDefined": false
      }
    ],
    "isTemplate": false,
    "count": 0,
    "lang": "en",
    "updated": 0
  },
  {
    "id": "2a468436-1229-41c4-b844-f6a2cc33737c",
    "data": [
      {
        "text": "hello! I was wondering if an employer did a fingerprint card on me, can I obtain it on here for a copy for myself?",
        "userDefined": false
      }
    ],
    "isTemplate": false,
    "count": 0,
    "lang": "en",
    "updated": 0
  },
  {
    "id": "bd93f46a-4115-4d4f-bfdd-183fcc154347",
    "data": [
      {
        "text": "I need to renew my finger print card. Could you send my the form",
        "userDefined": false
      }
    ],
    "isTemplate": false,
    "count": 0,
    "lang": "en",
    "updated": 0
  },
  {
    "id": "5fbc165e-9d6a-40c1-9dce-98b10c0cdc16",
    "data": [
      {
        "text": "my fingerprint card is up for renewal but I got married in that time so my name has changed what do I do",
        "userDefined": false
      }
    ],
    "isTemplate": false,
    "count": 0,
    "lang": "en",
    "updated": 0
  },
  {
    "id": "af78e733-e6f9-443c-a15b-77caa9d28856",
    "data": [
      {
        "text": "I don\u0027t know where to go to RENEW my fingerprint card on website? Could you please provide instructions?",
        "userDefined": false
      }
    ],
    "isTemplate": false,
    "count": 0,
    "lang": "en",
    "updated": 0
  },
  {
    "id": "d7881332-0b52-4314-9fc2-62fe67ff4f3e",
    "data": [
      {
        "text": "am I in the right place to renew my finger print clearance card",
        "userDefined": false
      }
    ],
    "isTemplate": false,
    "count": 0,
    "lang": "en",
    "updated": 0
  },
  {
    "id": "28158a8d-6bab-4ebc-ad47-e65446604250",
    "data": [
      {
        "text": "how do I renew a level one fingerprint clearance card? I\u0027d like to volunteer at a nearby chandler school",
        "userDefined": false
      }
    ],
    "isTemplate": false,
    "count": 0,
    "lang": "en",
    "updated": 0
  },
  {
    "id": "c470abff-4cd4-400f-a17b-c2fd23422766",
    "data": [
      {
        "text": "I just need to know how do I renew my fingerprint clearance card",
        "userDefined": false
      }
    ],
    "isTemplate": false,
    "count": 0,
    "lang": "en",
    "updated": 0
  },
  {
    "id": "cf06e1bf-5015-41f1-9bca-47cbbf28404c",
    "data": [
      {
        "text": "Is the Clearence card the same as IVP?",
        "userDefined": false
      }
    ],
    "isTemplate": false,
    "count": 0,
    "lang": "en",
    "updated": 0
  },
  {
    "id": "4bef43c2-8a02-4c08-a966-889ee57809dc",
    "data": [
      {
        "text": "I have my card, I just need to get it renewed",
        "userDefined": false
      }
    ],
    "isTemplate": false,
    "count": 0,
    "lang": "en",
    "updated": 0
  },
  {
    "id": "ca8f4d66-b090-4d39-ba7b-f1e2945bb1c2",
    "data": [
      {
        "text": "Hello I would like to renew my clearance card but my card does not have an IVP number",
        "userDefined": false
      }
    ],
    "isTemplate": false,
    "count": 0,
    "lang": "en",
    "updated": 0
  },
  {
    "id": "777345bf-695c-4e78-9b49-bdac4ef8c86a",
    "data": [
      {
        "text": "My card expired on 11/17/2020 and want to know the best way to get that updated?",
        "userDefined": false
      }
    ],
    "isTemplate": false,
    "count": 0,
    "lang": "en",
    "updated": 0
  },
  {
    "id": "0f7cfabf-3737-4584-bfc0-aea171a4a3a7",
    "data": [
      {
        "text": "Can you help me get my fingerprint card updated?",
        "userDefined": false
      }
    ],
    "isTemplate": false,
    "count": 0,
    "lang": "en",
    "updated": 0
  },
  {
    "id": "c751fd35-f1d0-4047-bcf7-ef666e70d82d",
    "data": [
      {
        "text": "I am a teacher and I am trying to renew my fingerprint clearance",
        "userDefined": false
      }
    ],
    "isTemplate": false,
    "count": 0,
    "lang": "en",
    "updated": 0
  },
  {
    "id": "cfa0eb5e-d975-495d-98d1-055e880b1baf",
    "data": [
      {
        "text": "My card expires on 11/15/2021. I don\u0027t have any offenses.  How can I get it updated?",
        "userDefined": false
      }
    ],
    "isTemplate": false,
    "count": 0,
    "lang": "en",
    "updated": 0
  },
  {
    "id": "6a9c257d-3643-47f0-8b49-3d51d3e55904",
    "data": [
      {
        "text": "Hi.  I need to get my fingerprint card renewed.",
        "userDefined": false
      }
    ],
    "isTemplate": false,
    "count": 0,
    "lang": "en",
    "updated": 0
  },
  {
    "id": "daaab17f-a15e-4625-8d82-b7920de59298",
    "data": [
      {
        "text": "Renew Level One DR Fingerprint Clearance Card",
        "userDefined": false
      }
    ],
    "isTemplate": false,
    "count": 0,
    "lang": "en",
    "updated": 0
  },
  {
    "id": "504c95ce-527e-44b9-93c1-2363f51d8ac9",
    "data": [
      {
        "text": "I need to renew these credentials for Sub teaching certificate. I am in Tucson Arizona",
        "userDefined": false
      }
    ],
    "isTemplate": false,
    "count": 0,
    "lang": "en",
    "updated": 0
  },
  {
    "id": "e5c124d2-5fea-4340-9f2b-31e5ebae7e0c",
    "data": [
      {
        "text": "Renewing card",
        "userDefined": false
      }
    ],
    "isTemplate": false,
    "count": 0,
    "lang": "en",
    "updated": 0
  },
  {
    "id": "3b64cdba-a54f-42e7-932a-56316d7e496b",
    "data": [
      {
        "text": "Where can I get my fingerprint card renewed?",
        "userDefined": false
      }
    ],
    "isTemplate": false,
    "count": 0,
    "lang": "en",
    "updated": 0
  },
  {
    "id": "21bcc4e8-5b09-49a7-8178-93a9600c7f56",
    "data": [
      {
        "text": "I am having a tough time getting past the field print code part of renewing my IVP renewal for a paid employee for  DOE certification",
        "userDefined": false
      }
    ],
    "isTemplate": false,
    "count": 0,
    "lang": "en",
    "updated": 0
  },
  {
    "id": "804335b1-e909-4a25-91c3-01900c0e13c2",
    "data": [
      {
        "text": "How can I apply for a fee waiver for fingerprint clearance card renewal",
        "userDefined": false
      }
    ],
    "isTemplate": false,
    "count": 0,
    "lang": "en",
    "updated": 0
  },
  {
    "id": "82e5c5bc-9d83-42c2-84dc-0539da9658f8",
    "data": [
      {
        "text": "Need to renew my card and update last name",
        "userDefined": false
      }
    ],
    "isTemplate": false,
    "count": 0,
    "lang": "en",
    "updated": 0
  },
  {
    "id": "71686b0f-386f-4c33-8033-82384516048c",
    "data": [
      {
        "text": "IVP renewal",
        "userDefined": false
      }
    ],
    "isTemplate": false,
    "count": 0,
    "lang": "en",
    "updated": 0
  },
  {
    "id": "9419099d-d1ae-4605-8161-2f9a5b48f73f",
    "data": [
      {
        "text": "I need to apply for my card renewal",
        "userDefined": false
      }
    ],
    "isTemplate": false,
    "count": 0,
    "lang": "en",
    "updated": 0
  },
  {
    "id": "e5ec7fce-2b5c-48b6-8a38-2c4a6b043d2a",
    "data": [
      {
        "text": "I lost my card and need the information to renew my teaching certification.  What can I do?",
        "userDefined": false
      }
    ],
    "isTemplate": false,
    "count": 0,
    "lang": "en",
    "updated": 0
  },
  {
    "id": "d2a6f222-8cc8-4ab3-9741-01e9708546f0",
    "data": [
      {
        "text": "I have level one fingerprint clearance card but I need the ivp one. How do I get that too or you can only have one or the other?",
        "userDefined": false
      }
    ],
    "isTemplate": false,
    "count": 0,
    "lang": "en",
    "updated": 0
  },
  {
    "id": "b8d71720-6966-45d9-9357-f15672dbfbc1",
    "data": [
      {
        "text": "I am a teacher and need to renew my finger print card",
        "userDefined": false
      }
    ],
    "isTemplate": false,
    "count": 0,
    "lang": "en",
    "updated": 0
  },
  {
    "id": "4716b94c-b3fe-4902-a2c3-90be00f5523e",
    "data": [
      {
        "text": "I am renewing my level one fingerprint clearance card.  Just wanted to make sure I am on the right track by creating an account for a new card.",
        "userDefined": false
      }
    ],
    "isTemplate": false,
    "count": 0,
    "lang": "en",
    "updated": 0
  },
  {
    "id": "6240a846-af17-417b-b1e4-f451653b6a5d",
    "data": [
      {
        "text": "How can I renew my finger print card",
        "userDefined": false
      }
    ],
    "isTemplate": false,
    "count": 0,
    "lang": "en",
    "updated": 0
  },
  {
    "id": "4b37740e-2604-41e5-acb8-a00e7fbf9d9f",
    "data": [
      {
        "text": "Hello, DPS is unable to find my IVP/FP number in the system so that I can proceed with card renewal. Can you assist?",
        "userDefined": false
      }
    ],
    "isTemplate": false,
    "count": 0,
    "lang": "en",
    "updated": 0
  },
  {
    "id": "d24f606b-2007-4768-959d-c5b7f55c496c",
    "data": [
      {
        "text": "Where do I enter my IVP number for renewing?",
        "userDefined": false
      }
    ],
    "isTemplate": false,
    "count": 0,
    "lang": "en",
    "updated": 0
  },
  {
    "id": "0a5df782-187e-4414-9e27-f28589f69a57",
    "data": [
      {
        "text": "I need to ",
        "userDefined": false
      },
      {
        "text": "renew",
        "meta": "@Renewal",
        "alias": "Renewal",
        "userDefined": false
      },
      {
        "text": " my fingerprint clearance card. how do I do this?",
        "userDefined": false
      }
    ],
    "isTemplate": false,
    "count": 0,
    "lang": "en",
    "updated": 0
  },
  {
    "id": "df773f44-9269-4a96-b659-0369b18eb5d5",
    "data": [
      {
        "text": "How do I ",
        "userDefined": false
      },
      {
        "text": "renew",
        "meta": "@Renewal",
        "alias": "Renewal",
        "userDefined": false
      },
      {
        "text": " my fingerprint clearance card for my employer",
        "userDefined": false
      }
    ],
    "isTemplate": false,
    "count": 0,
    "lang": "en",
    "updated": 0
  },
  {
    "id": "a5f51e95-a177-40e5-a54b-52eb71467140",
    "data": [
      {
        "text": "Please guide me how to ",
        "userDefined": false
      },
      {
        "text": "renew",
        "meta": "@Renewal",
        "alias": "Renewal",
        "userDefined": false
      },
      {
        "text": " my card. Do I have to complete an online application?",
        "userDefined": false
      }
    ],
    "isTemplate": false,
    "count": 0,
    "lang": "en",
    "updated": 0
  },
  {
    "id": "615a1563-c64e-441a-898a-879dc5747040",
    "data": [
      {
        "text": "I need to contact DPS for ",
        "userDefined": false
      },
      {
        "text": "renewal",
        "meta": "@Renewal",
        "alias": "Renewal",
        "userDefined": false
      }
    ],
    "isTemplate": false,
    "count": 0,
    "lang": "en",
    "updated": 0
  },
  {
    "id": "f9dce80f-475a-43d0-9b02-92de648e1503",
    "data": [
      {
        "text": "How do I find out what my IVP card is",
        "userDefined": false
      }
    ],
    "isTemplate": false,
    "count": 0,
    "lang": "en",
    "updated": 0
  },
  {
    "id": "c7227aa5-9a1a-46a8-b2f5-bee456f3933d",
    "data": [
      {
        "text": "How can I find my IVP number",
        "userDefined": false
      }
    ],
    "isTemplate": false,
    "count": 0,
    "lang": "en",
    "updated": 0
  },
  {
    "id": "d149f124-ffb9-4402-b67d-3964176b2e42",
    "data": [
      {
        "text": "I lost my card how can I renew?",
        "userDefined": false
      }
    ],
    "isTemplate": false,
    "count": 0,
    "lang": "en",
    "updated": 0
  },
  {
    "id": "d3e3a8ea-8601-4b9f-bbcb-a18e763ee689",
    "data": [
      {
        "text": "I\u0027m looking to see how to renew my level one fingerprint card",
        "userDefined": false
      }
    ],
    "isTemplate": false,
    "count": 1,
    "lang": "en",
    "updated": 0
  },
  {
    "id": "d47e247f-c6f8-497d-960e-f561b4c5ed91",
    "data": [
      {
        "text": "I need to renew my fingerprint clearance card.  Do I go through the same steps as if I\u0027m applying for a card for the first time?",
        "userDefined": false
      }
    ],
    "isTemplate": false,
    "count": 0,
    "lang": "en",
    "updated": 0
  },
  {
    "id": "4c3d0183-1bb7-4d05-9e9e-bb543913c279",
    "data": [
      {
        "text": "Where do I go to file for a renewal on my fingerprint card",
        "userDefined": false
      }
    ],
    "isTemplate": false,
    "count": 0,
    "lang": "en",
    "updated": 0
  },
  {
    "id": "0462e7ea-508c-46ec-bdb2-0d5f69c866da",
    "data": [
      {
        "text": "Hi I need to renew my finger print clearance card",
        "userDefined": false
      }
    ],
    "isTemplate": false,
    "count": 0,
    "lang": "en",
    "updated": 0
  },
  {
    "id": "b020dd1e-7b0e-4ba4-9e4c-9041de1c7d8b",
    "data": [
      {
        "text": "can you find out if you need fingerprints if you don\u0027t have the card you need to renew?",
        "userDefined": false
      }
    ],
    "isTemplate": false,
    "count": 0,
    "lang": "en",
    "updated": 0
  },
  {
    "id": "1ad0b417-df07-4456-becd-73f8ba8210e8",
    "data": [
      {
        "text": "I need to renew my fingerprint clearance card. Can you help me?",
        "userDefined": false
      }
    ],
    "isTemplate": false,
    "count": 0,
    "lang": "en",
    "updated": 0
  },
  {
    "id": "b2990d0b-3627-4d2e-875a-b427eabc97c4",
    "data": [
      {
        "text": "Hello, how can I renew my fingerprint clearance card without a fieldprint ID?",
        "userDefined": false
      }
    ],
    "isTemplate": false,
    "count": 0,
    "lang": "en",
    "updated": 0
  },
  {
    "id": "62128968-54e6-45fd-bb48-1696226feda7",
    "data": [
      {
        "text": "Not sure why I got this, I am doing on line ",
        "userDefined": false
      },
      {
        "text": "renewal",
        "meta": "@Renewal",
        "alias": "Renewal",
        "userDefined": false
      }
    ],
    "isTemplate": false,
    "count": 0,
    "lang": "en",
    "updated": 0
  },
  {
    "id": "397272fe-7910-474b-be76-8c53873a7b06",
    "data": [
      {
        "text": "I am a teacher and I need to ",
        "userDefined": false
      },
      {
        "text": "renew",
        "meta": "@Renewal",
        "alias": "Renewal",
        "userDefined": false
      },
      {
        "text": " my fingerprint clearance card online.  Where can I get this done.",
        "userDefined": false
      }
    ],
    "isTemplate": false,
    "count": 0,
    "lang": "en",
    "updated": 0
  },
  {
    "id": "bc5d9fb7-b1d8-40f7-970b-822b0be05cb7",
    "data": [
      {
        "text": "how can I find a ",
        "userDefined": false
      },
      {
        "text": "renewal",
        "meta": "@Renewal",
        "alias": "Renewal",
        "userDefined": false
      },
      {
        "text": " application",
        "userDefined": false
      }
    ],
    "isTemplate": false,
    "count": 0,
    "lang": "en",
    "updated": 0
  },
  {
    "id": "b007b42d-33b9-4ca8-b747-dca133534a5e",
    "data": [
      {
        "text": "I have a fingerprint clearance card that\u0027s expired and need renewed",
        "userDefined": false
      }
    ],
    "isTemplate": false,
    "count": 0,
    "lang": "en",
    "updated": 0
  },
  {
    "id": "ac5f4d19-c330-4379-8fdc-5d27822c2728",
    "data": [
      {
        "text": "I have created an account, but cannot figure out how to renew my Fingerprint Clearance Card.",
        "userDefined": false
      }
    ],
    "isTemplate": false,
    "count": 0,
    "lang": "en",
    "updated": 0
  },
  {
    "id": "9180b385-7b1a-40f3-a0f9-f30be935ba9d",
    "data": [
      {
        "text": "I have a clearance Card Can I just have the old one renewed",
        "userDefined": false
      }
    ],
    "isTemplate": false,
    "count": 0,
    "lang": "en",
    "updated": 0
  },
  {
    "id": "1d471923-b74a-4285-9467-1a6d9233e926",
    "data": [
      {
        "text": "If it did expire what process do I need to follow?",
        "userDefined": false
      }
    ],
    "isTemplate": false,
    "count": 0,
    "lang": "en",
    "updated": 0
  },
  {
    "id": "04315222-1f61-4bc9-8dcc-e77faf29617b",
    "data": [
      {
        "text": "My fingerprint card is expired, how do I renew it? I paid the fee already",
        "userDefined": false
      }
    ],
    "isTemplate": false,
    "count": 0,
    "lang": "en",
    "updated": 0
  },
  {
    "id": "745f06c9-e8a0-4fe8-b56b-cd8d0a0f6063",
    "data": [
      {
        "text": "Would you be able to tell me what the IVP number is? I don\u0027t have one on my card",
        "userDefined": false
      }
    ],
    "isTemplate": false,
    "count": 0,
    "lang": "en",
    "updated": 0
  },
  {
    "id": "ffc9e9d6-b695-4d1f-b7ee-5ccad89ba3ea",
    "data": [
      {
        "text": "I need my IVP number. how do I contact someone to get it for me",
        "userDefined": false
      }
    ],
    "isTemplate": false,
    "count": 0,
    "lang": "en",
    "updated": 0
  },
  {
    "id": "33afb461-dc04-4dc0-89e5-f73090ee8e1c",
    "data": [
      {
        "text": "I am a teacher i need to renew my fingerprint card.",
        "userDefined": false
      }
    ],
    "isTemplate": false,
    "count": 0,
    "lang": "en",
    "updated": 0
  },
  {
    "id": "d4a77590-b544-4442-9642-294e01e31c82",
    "data": [
      {
        "text": "Can I submit the ",
        "userDefined": false
      },
      {
        "text": "renewal",
        "userDefined": false
      },
      {
        "text": " paperwork online?",
        "userDefined": false
      }
    ],
    "isTemplate": false,
    "count": 0,
    "lang": "en",
    "updated": 0
  },
  {
    "id": "b381ad56-17e3-42e8-b045-b3d26542eed4",
    "data": [
      {
        "text": "Can the ",
        "userDefined": false
      },
      {
        "text": "renewal",
        "userDefined": false
      },
      {
        "text": " process be done online?",
        "userDefined": false
      }
    ],
    "isTemplate": false,
    "count": 0,
    "lang": "en",
    "updated": 0
  },
  {
    "id": "08b230ad-2ff0-4844-a0fe-ef5d5e6d46a9",
    "data": [
      {
        "text": "where do i download renewal application",
        "userDefined": false
      }
    ],
    "isTemplate": false,
    "count": 0,
    "lang": "en",
    "updated": 0
  },
  {
    "id": "047a38d9-c961-499a-94f8-f40d7891a767",
    "data": [
      {
        "text": "where is renewal application",
        "userDefined": false
      }
    ],
    "isTemplate": false,
    "count": 0,
    "lang": "en",
    "updated": 0
  },
  {
    "id": "e1793ce3-ed8c-43c8-af2f-138150b3db3a",
    "data": [
      {
        "text": "Need to know my IVP",
        "userDefined": false
      }
    ],
    "isTemplate": false,
    "count": 0,
    "lang": "en",
    "updated": 0
  },
  {
    "id": "3ac7b105-25ac-4536-8f92-8a1229ca95dd",
    "data": [
      {
        "text": "what the process is for getting a new card for one is that has expired",
        "userDefined": false
      }
    ],
    "isTemplate": false,
    "count": 0,
    "lang": "en",
    "updated": 0
  },
  {
    "id": "84661b33-fba1-42dc-af73-0345b8670406",
    "data": [
      {
        "text": "what is the criteria for applying for a fingerprint clearance card renewal",
        "userDefined": false
      }
    ],
    "isTemplate": false,
    "count": 0,
    "lang": "en",
    "updated": 0
  },
  {
    "id": "943f6951-5237-4b2f-ac5a-37c682097b2c",
    "data": [
      {
        "text": "requirements for renewals",
        "userDefined": false
      }
    ],
    "isTemplate": false,
    "count": 0,
    "lang": "en",
    "updated": 0
  },
  {
    "id": "6f46f684-a4b0-4d53-af4e-3b6b5c36bbab",
    "data": [
      {
        "text": "fingerprint card renewal",
        "userDefined": false
      }
    ],
    "isTemplate": false,
    "count": 0,
    "lang": "en",
    "updated": 0
  },
  {
    "id": "0fd3bfa8-67fd-46a9-a939-fd2fdd06e29b",
    "data": [
      {
        "text": "How do I get the IVP number?",
        "userDefined": false
      }
    ],
    "isTemplate": false,
    "count": 0,
    "lang": "en",
    "updated": 0
  },
  {
    "id": "b5a37048-1b86-468a-8082-172a055cde1b",
    "data": [
      {
        "text": "renew",
        "meta": "@Renewal",
        "alias": "Renewal",
        "userDefined": false
      },
      {
        "text": " current card",
        "userDefined": false
      }
    ],
    "isTemplate": false,
    "count": 0,
    "lang": "en",
    "updated": 0
  },
  {
    "id": "1f1db8ee-0f49-4df2-a69b-ea51d5542418",
    "data": [
      {
        "text": "My card shows no IVP",
        "userDefined": false
      },
      {
        "text": "#",
        "meta": "@number_shorthand",
        "alias": "number_shorthand",
        "userDefined": false
      }
    ],
    "isTemplate": false,
    "count": 0,
    "lang": "en",
    "updated": 0
  },
  {
    "id": "6e3829a0-3986-4a6f-9c12-6a7db32c7bb8",
    "data": [
      {
        "text": "Where do I get a ",
        "userDefined": false
      },
      {
        "text": "renewal",
        "meta": "@Renewal",
        "alias": "Renewal",
        "userDefined": false
      },
      {
        "text": " application",
        "userDefined": false
      }
    ],
    "isTemplate": false,
    "count": 0,
    "lang": "en",
    "updated": 0
  },
  {
    "id": "e681d6b7-a6b5-4ca6-a7e2-8ec04735bdb6",
    "data": [
      {
        "text": "need to ",
        "userDefined": false
      },
      {
        "text": "renewal",
        "meta": "@Renewal",
        "alias": "Renewal",
        "userDefined": false
      },
      {
        "text": " fingerprint clearance card",
        "userDefined": false
      }
    ],
    "isTemplate": false,
    "count": 0,
    "lang": "en",
    "updated": 0
  },
  {
    "id": "1e3426d7-bbd2-480e-81c2-e5a28b7bc5be",
    "data": [
      {
        "text": "I need to get a IVP ",
        "userDefined": false
      },
      {
        "text": "#",
        "meta": "@number_shorthand",
        "alias": "number_shorthand",
        "userDefined": true
      },
      {
        "text": ", my card does not have ",
        "userDefined": false
      },
      {
        "text": "one",
        "meta": "@sys.number",
        "alias": "number",
        "userDefined": false
      },
      {
        "text": ".",
        "userDefined": false
      }
    ],
    "isTemplate": false,
    "count": 0,
    "lang": "en",
    "updated": 0
  },
  {
    "id": "6f5d52d6-5a6d-4b23-8f87-43418b77f841",
    "data": [
      {
        "text": "what is the criteria for applying for a fingerprint clearance card ",
        "userDefined": false
      },
      {
        "text": "renewal",
        "userDefined": false
      }
    ],
    "isTemplate": false,
    "count": 0,
    "lang": "en",
    "updated": 0
  },
  {
    "id": "8d55c4ec-8f40-4807-b0e8-eea3367c2714",
    "data": [
      {
        "text": "requirements for ",
        "userDefined": false
      },
      {
        "text": "renewals",
        "userDefined": false
      }
    ],
    "isTemplate": false,
    "count": 0,
    "lang": "en",
    "updated": 0
  },
  {
    "id": "e6a156d4-5b8a-498e-a2c7-e859da525635",
    "data": [
      {
        "text": "where do i find an IVP number",
        "userDefined": false
      }
    ],
    "isTemplate": false,
    "count": 0,
    "lang": "en",
    "updated": 0
  },
  {
    "id": "8772c938-d667-49c1-9074-03f6611a9e8a",
    "data": [
      {
        "text": "renew",
        "userDefined": false
      },
      {
        "text": " clearance card",
        "userDefined": false
      }
    ],
    "isTemplate": false,
    "count": 0,
    "lang": "en",
    "updated": 0
  },
  {
    "id": "a781387a-7730-41db-a40d-cfe97136c9f4",
    "data": [
      {
        "text": "how do I ",
        "userDefined": false
      },
      {
        "text": "renew",
        "userDefined": false
      }
    ],
    "isTemplate": false,
    "count": 0,
    "lang": "en",
    "updated": 0
  },
  {
    "id": "94490ea4-e83a-4962-90d0-fbe264222e16",
    "data": [
      {
        "text": "i want to upgrade my fingerprint clearance card to IVP",
        "userDefined": false
      }
    ],
    "isTemplate": false,
    "count": 0,
    "lang": "en",
    "updated": 0
  },
  {
    "id": "23354d4a-a14c-4dca-bef2-21b7514a4242",
    "data": [
      {
        "text": "IVP status",
        "userDefined": false
      }
    ],
    "isTemplate": false,
    "count": 0,
    "lang": "en",
    "updated": 0
  },
  {
    "id": "9599a962-4386-46be-a7a4-b93379b83050",
    "data": [
      {
        "text": "I already have a level one fingerprint clearance card and need to get a IVP card.",
        "userDefined": false
      }
    ],
    "isTemplate": false,
    "count": 0,
    "lang": "en",
    "updated": 0
  },
  {
    "id": "ef40819d-b4fe-4922-b417-6a329bd207e1",
    "data": [
      {
        "text": "Don\u0027t know my ivp number",
        "userDefined": false
      }
    ],
    "isTemplate": false,
    "count": 0,
    "lang": "en",
    "updated": 0
  },
  {
    "id": "d1d77086-bc42-46b6-967f-36895ac16d5f",
    "data": [
      {
        "text": "How do I get an IVP Number",
        "userDefined": false
      }
    ],
    "isTemplate": false,
    "count": 0,
    "lang": "en",
    "updated": 0
  },
  {
    "id": "fcc198f7-7a3f-4c32-a8e3-04f77b6d5dbd",
    "data": [
      {
        "text": "I do not have an IVP Number",
        "userDefined": false
      }
    ],
    "isTemplate": false,
    "count": 0,
    "lang": "en",
    "updated": 0
  },
  {
    "id": "b58292d3-a9f0-4a71-850a-341d134736ed",
    "data": [
      {
        "text": "Can I request a AZ IVP Fingerprint Clearance Card online",
        "userDefined": false
      }
    ],
    "isTemplate": false,
    "count": 0,
    "lang": "en",
    "updated": 0
  },
  {
    "id": "f0fb6543-8c1e-4a73-ba1a-8c7fb74e09e4",
    "data": [
      {
        "text": "IVP ",
        "userDefined": false
      },
      {
        "text": "renewal",
        "meta": "@Renewal",
        "alias": "Renewal",
        "userDefined": false
      },
      {
        "text": " link",
        "userDefined": false
      }
    ],
    "isTemplate": false,
    "count": 0,
    "lang": "en",
    "updated": 0
  },
  {
    "id": "140280c8-5cf0-4d3e-a50b-b0909998445c",
    "data": [
      {
        "text": "how to apply for IVP ",
        "userDefined": false
      },
      {
        "text": "renewal",
        "meta": "@Renewal",
        "alias": "Renewal",
        "userDefined": false
      }
    ],
    "isTemplate": false,
    "count": 0,
    "lang": "en",
    "updated": 0
  },
  {
    "id": "dfed7b0e-140b-438c-81c2-256def5213c9",
    "data": [
      {
        "text": "how to ",
        "userDefined": false
      },
      {
        "text": "renew",
        "meta": "@Renewal",
        "alias": "Renewal",
        "userDefined": false
      },
      {
        "text": " IVP",
        "userDefined": false
      }
    ],
    "isTemplate": false,
    "count": 0,
    "lang": "en",
    "updated": 0
  },
  {
    "id": "fd543572-1d0e-4ee0-9283-a847b60c4e3d",
    "data": [
      {
        "text": "renew",
        "meta": "@Renewal",
        "alias": "Renewal",
        "userDefined": false
      },
      {
        "text": " IVP",
        "userDefined": false
      }
    ],
    "isTemplate": false,
    "count": 0,
    "lang": "en",
    "updated": 0
  },
  {
    "id": "adae99c4-b281-4d6c-a848-d4f62cda53aa",
    "data": [
      {
        "text": "apply for IVP ",
        "userDefined": false
      },
      {
        "text": "renewal",
        "userDefined": false
      }
    ],
    "isTemplate": false,
    "count": 0,
    "lang": "en",
    "updated": 0
  },
  {
    "id": "88013005-4d87-42b1-acb8-70dfaa10d427",
    "data": [
      {
        "text": "link to apply for IVP ",
        "userDefined": false
      },
      {
        "text": "renewal",
        "userDefined": false
      }
    ],
    "isTemplate": false,
    "count": 0,
    "lang": "en",
    "updated": 0
  },
  {
    "id": "5a3d3504-f7db-4f9c-af1f-2f9eb5f32878",
    "data": [
      {
        "text": "how do i set up an appointment to get my fingerprints done for an IVP card",
        "userDefined": false
      }
    ],
    "isTemplate": false,
    "count": 0,
    "lang": "en",
    "updated": 0
  },
  {
    "id": "a346af74-a6c2-49d2-9aa6-1d2833edbef0",
    "data": [
      {
        "text": "I haven\u0027t receive my IVP CARD",
        "userDefined": false
      }
    ],
    "isTemplate": false,
    "count": 0,
    "lang": "en",
    "updated": 0
  },
  {
    "id": "774ef8d9-b0fb-4d29-87a5-0d710ea45cbb",
    "data": [
      {
        "text": "Can I change paper application fingerprints card for electronic fingerprints card",
        "userDefined": false
      }
    ],
    "isTemplate": false,
    "count": 0,
    "lang": "en",
    "updated": 0
  },
  {
    "id": "e94cdea9-17aa-4f42-9cda-75805c8d5eeb",
    "data": [
      {
        "text": "electronic finger prints",
        "userDefined": false
      }
    ],
    "isTemplate": false,
    "count": 0,
    "lang": "en",
    "updated": 0
  },
  {
    "id": "e300506c-eb99-426f-bfa5-29d714e29c85",
    "data": [
      {
        "text": "need to ",
        "userDefined": false
      },
      {
        "text": "renew",
        "meta": "@Renewal",
        "alias": "Renewal",
        "userDefined": false
      },
      {
        "text": " my clearance card",
        "userDefined": false
      }
    ],
    "isTemplate": false,
    "count": 0,
    "lang": "en",
    "updated": 0
  },
  {
    "id": "10661d35-ea31-4e88-af07-f09687c366cf",
    "data": [
      {
        "text": "Currently",
        "userDefined": false
      },
      {
        "text": " am using fingerprint clearance card, is it necessary to give fingerprint again?",
        "userDefined": false
      }
    ],
    "isTemplate": false,
    "count": 0,
    "lang": "en",
    "updated": 0
  },
  {
    "id": "6141b33d-a7e5-4e72-b3fb-90c3a95fdc8f",
    "data": [
      {
        "text": "if I have already have the card, do I need to give finger print again?",
        "userDefined": false
      }
    ],
    "isTemplate": false,
    "count": 0,
    "lang": "en",
    "updated": 0
  },
  {
    "id": "76dbb796-24a0-4f0d-bfe5-05f1b1b7e099",
    "data": [
      {
        "text": "can I ",
        "userDefined": false
      },
      {
        "text": "renew",
        "meta": "@Renewal",
        "alias": "Renewal",
        "userDefined": false
      },
      {
        "text": " my fingerprint clearance card if I already have",
        "userDefined": false
      }
    ],
    "isTemplate": false,
    "count": 0,
    "lang": "en",
    "updated": 0
  },
  {
    "id": "dd25dee3-b6d7-4c6e-b894-04a77b3aab01",
    "data": [
      {
        "text": "How to ",
        "userDefined": false
      },
      {
        "text": "renew",
        "meta": "@Renewal",
        "alias": "Renewal",
        "userDefined": false
      },
      {
        "text": " IVP fingerprint clearance card",
        "userDefined": false
      }
    ],
    "isTemplate": false,
    "count": 0,
    "lang": "en",
    "updated": 0
  },
  {
    "id": "a1b3422b-4667-492f-bc91-143ab2a35b08",
    "data": [
      {
        "text": "For license ",
        "userDefined": false
      },
      {
        "text": "renewal",
        "meta": "@Renewal",
        "alias": "Renewal",
        "userDefined": false
      },
      {
        "text": " finger prints are required?",
        "userDefined": false
      }
    ],
    "isTemplate": false,
    "count": 0,
    "lang": "en",
    "updated": 0
  },
  {
    "id": "fab70f7e-8437-4b0f-a07a-403229529eb9",
    "data": [
      {
        "text": "My license is gonna expire and I have to ",
        "userDefined": false
      },
      {
        "text": "renew",
        "meta": "@Renewal",
        "alias": "Renewal",
        "userDefined": false
      },
      {
        "text": " it.Fingerprints are required",
        "userDefined": false
      }
    ],
    "isTemplate": false,
    "count": 0,
    "lang": "en",
    "updated": 0
  },
  {
    "id": "74047ff6-8756-4058-bc90-c6d02e10fb54",
    "data": [
      {
        "text": "Is submitting fingerprints are necessary for my license ",
        "userDefined": false
      },
      {
        "text": "renewal",
        "meta": "@Renewal",
        "alias": "Renewal",
        "userDefined": false
      },
      {
        "text": "?",
        "userDefined": false
      }
    ],
    "isTemplate": false,
    "count": 0,
    "lang": "en",
    "updated": 0
  },
  {
    "id": "590b58c4-5217-4772-b5ae-3e2879ec5b43",
    "data": [
      {
        "text": "To ",
        "userDefined": false
      },
      {
        "text": "renew",
        "meta": "@Renewal",
        "alias": "Renewal",
        "userDefined": false
      },
      {
        "text": " my clerance card,do I need to submit my fingerprints again?",
        "userDefined": false
      }
    ],
    "isTemplate": false,
    "count": 0,
    "lang": "en",
    "updated": 0
  },
  {
    "id": "4de8a0be-e0ad-4948-8d96-dbe03b6dbbce",
    "data": [
      {
        "text": "are new prints needed to ",
        "userDefined": false
      },
      {
        "text": "renew",
        "meta": "@Renewal",
        "alias": "Renewal",
        "userDefined": false
      },
      {
        "text": " my clearance card",
        "userDefined": false
      }
    ],
    "isTemplate": false,
    "count": 0,
    "lang": "en",
    "updated": 0
  },
  {
    "id": "9693c950-85e3-4ebe-a118-f794dc1d1e34",
    "data": [
      {
        "text": "if I need to ",
        "userDefined": false
      },
      {
        "text": "renew",
        "meta": "@Renewal",
        "alias": "Renewal",
        "userDefined": true
      },
      {
        "text": " my clearance card do I need new prints",
        "userDefined": false
      }
    ],
    "isTemplate": false,
    "count": 0,
    "lang": "en",
    "updated": 0
  },
  {
    "id": "44de0611-27a7-4870-8e2c-f8f5a177f5af",
    "data": [
      {
        "text": "If I currently have an IVP ",
        "userDefined": false
      },
      {
        "text": "fingerprint clearance card",
        "userDefined": false
      },
      {
        "text": ", will I have to ",
        "userDefined": false
      },
      {
        "text": "submit",
        "userDefined": false
      },
      {
        "text": " ",
        "userDefined": false
      },
      {
        "text": "fingerprints",
        "userDefined": false
      },
      {
        "text": " again?",
        "userDefined": false
      }
    ],
    "isTemplate": false,
    "count": 0,
    "lang": "en",
    "updated": 0
  }
]