[
  {
    "id": "88d50954-0479-4f63-817c-5d3eba0ef373",
    "data": [
      {
        "text": "so what is the address to send the employees to  get fingerprinted like ups or ?",
        "userDefined": false
      }
    ],
    "isTemplate": false,
    "count": 0,
    "lang": "en",
    "updated": 0
  },
  {
    "id": "a7e689ea-7ef2-4cec-bd0f-750a0b2b23f9",
    "data": [
      {
        "text": "Where is the closest location for fingerprint clearance to arrowhead?",
        "userDefined": false
      }
    ],
    "isTemplate": false,
    "count": 0,
    "lang": "en",
    "updated": 0
  },
  {
    "id": "52f9e23d-bbbf-428b-a41a-bad662ac42eb",
    "data": [
      {
        "text": "livescan",
        "userDefined": false
      }
    ],
    "isTemplate": false,
    "count": 0,
    "lang": "en",
    "updated": 0
  },
  {
    "id": "689c658e-5073-4524-b20b-0a8f04f1aaf6",
    "data": [
      {
        "text": "Where do I go for fingerprints",
        "userDefined": false
      }
    ],
    "isTemplate": false,
    "count": 0,
    "lang": "en",
    "updated": 0
  },
  {
    "id": "071b3eb0-c881-475b-9b5c-7fcec979dd12",
    "data": [
      {
        "text": "how do I give you my fingerprint if I already did it in california",
        "userDefined": false
      }
    ],
    "isTemplate": false,
    "count": 0,
    "lang": "en",
    "updated": 0
  },
  {
    "id": "d4324c86-08c3-4cc5-9328-46226cbede18",
    "data": [
      {
        "text": "Do you have a location in Maricopa City for prints?",
        "userDefined": false
      }
    ],
    "isTemplate": false,
    "count": 0,
    "lang": "en",
    "updated": 0
  },
  {
    "id": "8f40018f-b5e7-43ee-93ff-ac22bac0ed35",
    "data": [
      {
        "text": "Am I able to get my fingerprint clearance card at any location?",
        "userDefined": false
      }
    ],
    "isTemplate": false,
    "count": 0,
    "lang": "en",
    "updated": 0
  },
  {
    "id": "503cb126-d497-41f8-94d4-8aca6c736736",
    "data": [
      {
        "text": "Can I send my fingerprint electronically",
        "userDefined": false
      }
    ],
    "isTemplate": false,
    "count": 0,
    "lang": "en",
    "updated": 0
  },
  {
    "id": "60b44a00-a22c-4ce2-895c-1e21a51d87e4",
    "data": [
      {
        "text": "How many locations are there for the fingerprint clearance cards?",
        "userDefined": false
      }
    ],
    "isTemplate": false,
    "count": 0,
    "lang": "en",
    "updated": 0
  },
  {
    "id": "657a1a8d-fead-4e94-9304-8cc7aab1afc5",
    "data": [
      {
        "text": "I am in Casa Grande, Az. Just applied for a fingerprint clearance card and paid for it, where can I have my fingerprints taken?",
        "userDefined": false
      }
    ],
    "isTemplate": false,
    "count": 0,
    "lang": "en",
    "updated": 0
  },
  {
    "id": "8375c782-b364-42e6-8cf5-c0fac4b7e3c5",
    "data": [
      {
        "text": "how to submit your application to DPS",
        "userDefined": false
      }
    ],
    "isTemplate": false,
    "count": 0,
    "lang": "en",
    "updated": 0
  },
  {
    "id": "70f11905-3372-4c30-8918-8b8d0b839f26",
    "data": [
      {
        "text": "do you have a list of locations",
        "userDefined": false
      }
    ],
    "isTemplate": false,
    "count": 0,
    "lang": "en",
    "updated": 0
  },
  {
    "id": "5f73f153-72d8-461e-9a20-37825c04dfcd",
    "data": [
      {
        "text": "I was looking to transfer to ",
        "userDefined": false
      },
      {
        "text": "AZ",
        "userDefined": false
      },
      {
        "text": " to teach and needed to be ",
        "userDefined": false
      },
      {
        "text": "finger printed",
        "userDefined": false
      }
    ],
    "isTemplate": false,
    "count": 0,
    "lang": "en",
    "updated": 0
  },
  {
    "id": "34c5e0a3-7ae3-4a17-a21f-e02d025e324a",
    "data": [
      {
        "text": "Where do I schedule my printing?",
        "userDefined": false
      }
    ],
    "isTemplate": false,
    "count": 0,
    "lang": "en",
    "updated": 0
  },
  {
    "id": "d597a879-729c-4043-8103-9faa73110e82",
    "data": [
      {
        "text": "I want to apply for IVP appointment. I select the electronic fingerprinting option. How do I make an appointment at a location in ",
        "userDefined": false
      },
      {
        "text": "Arizona",
        "userDefined": false
      },
      {
        "text": " near my place of residence?",
        "userDefined": false
      }
    ],
    "isTemplate": false,
    "count": 0,
    "lang": "en",
    "updated": 0
  },
  {
    "id": "458be9e4-4f36-4252-bd66-c92cc9ea8e1c",
    "data": [
      {
        "text": "How would I submit my fingerprint",
        "userDefined": false
      }
    ],
    "isTemplate": false,
    "count": 0,
    "lang": "en",
    "updated": 0
  },
  {
    "id": "0b692c0b-ef48-4ee7-ad55-224ebd1ca4c7",
    "data": [
      {
        "text": "How do I do my fingerprints for my application",
        "userDefined": false
      }
    ],
    "isTemplate": false,
    "count": 0,
    "lang": "en",
    "updated": 0
  },
  {
    "id": "0d829ca7-31ec-4bb9-be7b-f8f5b15e7c5c",
    "data": [
      {
        "text": "If I come down to your facility can I do the entire finger print card process in ",
        "userDefined": false
      },
      {
        "text": "one",
        "userDefined": false
      },
      {
        "text": " visit?",
        "userDefined": false
      }
    ],
    "isTemplate": false,
    "count": 0,
    "lang": "en",
    "updated": 0
  },
  {
    "id": "ea9b660b-eca4-446d-b803-d0ea67fa88f1",
    "data": [
      {
        "text": "Locations for Fingerprints",
        "userDefined": false
      }
    ],
    "isTemplate": false,
    "count": 0,
    "lang": "en",
    "updated": 0
  },
  {
    "id": "f35e02ca-3eea-4b98-b8a8-844a9598a3c8",
    "data": [
      {
        "text": "electronic fingerprinting",
        "userDefined": false
      }
    ],
    "isTemplate": false,
    "count": 0,
    "lang": "en",
    "updated": 0
  },
  {
    "id": "a3058d40-1fcf-46bf-9ebe-5cf7702a355b",
    "data": [
      {
        "text": "Where does ",
        "userDefined": false
      },
      {
        "text": "one",
        "userDefined": false
      },
      {
        "text": " go to obtain fingerprints for the card?",
        "userDefined": false
      }
    ],
    "isTemplate": false,
    "count": 0,
    "lang": "en",
    "updated": 0
  },
  {
    "id": "5afb21b4-9c27-4911-9767-46cf6c6ae258",
    "data": [
      {
        "text": "can I submit digital fingerprints from Nevada?",
        "userDefined": false
      }
    ],
    "isTemplate": false,
    "count": 0,
    "lang": "en",
    "updated": 0
  },
  {
    "id": "d5454088-b5ab-4434-bb3a-bf8c4a66d6f3",
    "data": [
      {
        "text": "Yes, I know. But If I have done a fingerprint card, can I send it to AZPDPS?",
        "userDefined": false
      }
    ],
    "isTemplate": false,
    "count": 0,
    "lang": "en",
    "updated": 0
  },
  {
    "id": "c3f1f646-4847-4a30-b707-a7461e22529e",
    "data": [
      {
        "text": "New application finger prints",
        "userDefined": false
      }
    ],
    "isTemplate": false,
    "count": 0,
    "lang": "en",
    "updated": 0
  },
  {
    "id": "bbd65dae-fd72-4090-9d4f-2bd927189dd6",
    "data": [
      {
        "text": "hello i\u0027ve applied for a card and never gotten my fingerprints done. how and where do i go so that i\u0027m able to receive a card.",
        "userDefined": false
      }
    ],
    "isTemplate": false,
    "count": 0,
    "lang": "en",
    "updated": 0
  },
  {
    "id": "017b1116-fcf3-4101-b604-1a66b643bbf2",
    "data": [
      {
        "text": "Do I need to go to a DPS station",
        "userDefined": false
      }
    ],
    "isTemplate": false,
    "count": 0,
    "lang": "en",
    "updated": 0
  },
  {
    "id": "7da778a2-78cf-4bf7-a47e-85a300439cc8",
    "data": [
      {
        "text": "can i hand deliver it to the office",
        "userDefined": false
      }
    ],
    "isTemplate": false,
    "count": 0,
    "lang": "en",
    "updated": 0
  },
  {
    "id": "c0615ad5-00d9-4261-896c-059cb85e595c",
    "data": [
      {
        "text": "can I do it electronically",
        "userDefined": false
      }
    ],
    "isTemplate": false,
    "count": 0,
    "lang": "en",
    "updated": 0
  },
  {
    "id": "dc6c6921-bf6d-42d0-99ac-1ef18352d716",
    "data": [
      {
        "text": "where can I get fingerprints done after applying for a fingerprint clearance card",
        "userDefined": false
      }
    ],
    "isTemplate": false,
    "count": 0,
    "lang": "en",
    "updated": 0
  },
  {
    "id": "915e3e26-1d52-4e5f-8894-bdf764a72d6c",
    "data": [
      {
        "text": "Hi. How can i find the locations to get my card",
        "userDefined": false
      }
    ],
    "isTemplate": false,
    "count": 0,
    "lang": "en",
    "updated": 0
  },
  {
    "id": "b77480c3-49a8-43ec-86d9-cf80985e7b73",
    "data": [
      {
        "text": "Dps partners with this company and I selected livescan so where do I go ?",
        "userDefined": false
      }
    ],
    "isTemplate": false,
    "count": 0,
    "lang": "en",
    "updated": 0
  },
  {
    "id": "6bd9b102-184f-4940-b11d-abda04db2441",
    "data": [
      {
        "text": "I applied for a clearance card just now. What do I do next? Where do I go to get my fingerprints done?",
        "userDefined": false
      }
    ],
    "isTemplate": false,
    "count": 0,
    "lang": "en",
    "updated": 0
  },
  {
    "id": "47f38160-e159-40ce-8a55-22633577bcc1",
    "data": [
      {
        "text": "How do I submit my fingerprints?",
        "userDefined": false
      }
    ],
    "isTemplate": false,
    "count": 0,
    "lang": "en",
    "updated": 0
  },
  {
    "id": "aa8307b1-b56f-42ee-b48d-c9f70091856e",
    "data": [
      {
        "text": "is there an office that I can take them to myself",
        "userDefined": false
      }
    ],
    "isTemplate": false,
    "count": 0,
    "lang": "en",
    "updated": 0
  },
  {
    "id": "5ed03b08-4d8b-47e8-8a3d-e71636a2201b",
    "data": [
      {
        "text": "Hi I need a location to get my fingerprint Clearance card my zip code is ",
        "userDefined": false
      },
      {
        "text": "85 204",
        "meta": "@sys.number",
        "alias": "number",
        "userDefined": false
      },
      {
        "text": " thank you",
        "userDefined": false
      }
    ],
    "isTemplate": false,
    "count": 0,
    "lang": "en",
    "updated": 0
  },
  {
    "id": "c596480c-a5a0-4eb5-99c7-f69cf2b198ea",
    "data": [
      {
        "text": "I had finger prints sent in electronically from a live scan digital application",
        "userDefined": false
      }
    ],
    "isTemplate": false,
    "count": 0,
    "lang": "en",
    "updated": 0
  },
  {
    "id": "df70fc14-f35a-453c-97b0-9ed39345bacc",
    "data": [
      {
        "text": "I just submitted a fingerprint card application, how do I find a location to have my prints taken?",
        "userDefined": false
      }
    ],
    "isTemplate": false,
    "count": 0,
    "lang": "en",
    "updated": 0
  },
  {
    "id": "9a939506-66ab-4c60-95fd-0a07907c8679",
    "data": [
      {
        "text": "How do I find information about the location for getting my fingerprints registered?",
        "userDefined": false
      }
    ],
    "isTemplate": false,
    "count": 0,
    "lang": "en",
    "updated": 0
  },
  {
    "id": "e683e795-3ab1-487a-aac3-3a12ceb958a5",
    "data": [
      {
        "text": "Hello, I have submitted my application and also registered with Gemalto. How do I find out where I can get my fingerprints taken?",
        "userDefined": false
      }
    ],
    "isTemplate": false,
    "count": 0,
    "lang": "en",
    "updated": 0
  },
  {
    "id": "c13a60a3-4287-4a8f-9e73-7313e2739682",
    "data": [
      {
        "text": "is there a listing of available locations",
        "userDefined": false
      }
    ],
    "isTemplate": false,
    "count": 0,
    "lang": "en",
    "updated": 0
  },
  {
    "id": "edb17e8d-dc4b-43fc-882f-bbbb29b25689",
    "data": [
      {
        "text": "Live scan finger prints from ",
        "userDefined": false
      },
      {
        "text": "June 22",
        "meta": "@sys.date-time",
        "alias": "date-time",
        "userDefined": false
      }
    ],
    "isTemplate": false,
    "count": 0,
    "lang": "en",
    "updated": 0
  },
  {
    "id": "7dc9a4d3-5b99-4237-bb1d-884fcf0287e4",
    "data": [
      {
        "text": "Hello, I need to have fingerprints taken on two FD-258 fingerprint cards, are you able to assist?",
        "userDefined": false
      }
    ],
    "isTemplate": false,
    "count": 0,
    "lang": "en",
    "updated": 0
  },
  {
    "id": "47f1c55b-537a-406e-add4-c83fb527dd7c",
    "data": [
      {
        "text": "What exactly is that? and where do I do my fingerprints",
        "userDefined": false
      }
    ],
    "isTemplate": false,
    "count": 0,
    "lang": "en",
    "updated": 0
  },
  {
    "id": "efa7c558-1c9c-44e4-aff8-7c8fafbb35e8",
    "data": [
      {
        "text": "location for fingerprint",
        "userDefined": false
      }
    ],
    "isTemplate": false,
    "count": 0,
    "lang": "en",
    "updated": 0
  },
  {
    "id": "2de4a49f-6801-47c6-aed9-3290ff3b960b",
    "data": [
      {
        "text": "hi I just applied for IVP fingerprint clearance card. Do I need to go somewhere in person to get my fingerprints done",
        "userDefined": false
      }
    ],
    "isTemplate": false,
    "count": 0,
    "lang": "en",
    "updated": 0
  },
  {
    "id": "72f7c893-25f0-4fb3-97e1-23684c7b33ce",
    "data": [
      {
        "text": "I have a card I just need to know where I can go to get fingerprinted applying to school districts as a teacher",
        "userDefined": false
      }
    ],
    "isTemplate": false,
    "count": 0,
    "lang": "en",
    "updated": 0
  },
  {
    "id": "1ce11eb0-814d-465d-ac1a-790f65017c84",
    "data": [
      {
        "text": "What location that I fingerprints",
        "userDefined": false
      }
    ],
    "isTemplate": false,
    "count": 0,
    "lang": "en",
    "updated": 0
  },
  {
    "id": "1314c84c-19ae-4a70-9cb6-d98e31156507",
    "data": [
      {
        "text": "Hello I ordered a clearance card online but haven\u0027t gone to take my fingerprints",
        "userDefined": false
      }
    ],
    "isTemplate": false,
    "count": 0,
    "lang": "en",
    "updated": 0
  },
  {
    "id": "1dad62b2-b642-4e0b-9473-e4e57a48d3ae",
    "data": [
      {
        "text": "finger prints pending",
        "userDefined": false
      }
    ],
    "isTemplate": false,
    "count": 0,
    "lang": "en",
    "updated": 0
  },
  {
    "id": "f3d93e18-41fb-431c-b582-d665723d6142",
    "data": [
      {
        "text": "Where can I get my live scan",
        "userDefined": false
      }
    ],
    "isTemplate": false,
    "count": 0,
    "lang": "en",
    "updated": 0
  },
  {
    "id": "e9b6029b-796b-4809-9e6e-5ecf3922b193",
    "data": [
      {
        "text": "The police department is only doing finger prints for criminal purposes, not for clearance cards.",
        "userDefined": false
      }
    ],
    "isTemplate": false,
    "count": 0,
    "lang": "en",
    "updated": 0
  },
  {
    "id": "536e8eef-bc9e-449c-a7af-e000d00020f1",
    "data": [
      {
        "text": "Hello, I want to renew my AZ guard card and my question is: Does the DPS have a list of places that can submit prints and photo\u0027s digitally? I\u0027m in the Tucson area. tks",
        "userDefined": false
      }
    ],
    "isTemplate": false,
    "count": 0,
    "lang": "en",
    "updated": 0
  },
  {
    "id": "74d8a0f9-479e-483f-a7a2-d88075127d31",
    "data": [
      {
        "text": "Is there someplace I can go in person",
        "userDefined": false
      }
    ],
    "isTemplate": false,
    "count": 0,
    "lang": "en",
    "updated": 0
  },
  {
    "id": "4a26650d-6d54-4ddf-bbc1-1cd5c8fa5264",
    "data": [
      {
        "text": "I need to check if it\u0027s possible for me to get my forget prints taken electronically",
        "userDefined": false
      }
    ],
    "isTemplate": false,
    "count": 0,
    "lang": "en",
    "updated": 0
  },
  {
    "id": "68a49206-12a0-469d-9c28-433039b3ff0b",
    "data": [
      {
        "text": "Where are fingerprint sites in ",
        "userDefined": false
      },
      {
        "text": "Pima",
        "meta": "@sys.geo-city",
        "alias": "geo-city",
        "userDefined": false
      },
      {
        "text": " County, AZ?",
        "userDefined": false
      }
    ],
    "isTemplate": false,
    "count": 0,
    "lang": "en",
    "updated": 0
  },
  {
    "id": "d8e5cd91-7a3a-4d68-946d-01a02c1a759c",
    "data": [
      {
        "text": "May I know whether live scan be accepted or not?",
        "userDefined": false
      }
    ],
    "isTemplate": false,
    "count": 0,
    "lang": "en",
    "updated": 0
  },
  {
    "id": "7860f17f-1435-4573-9bab-a44649049d7e",
    "data": [
      {
        "text": "Is it possible to get a fingerprint clearance card using Livescan?",
        "userDefined": false
      }
    ],
    "isTemplate": false,
    "count": 0,
    "lang": "en",
    "updated": 0
  },
  {
    "id": "ad400544-b5f5-4b70-a3e7-94ea2c79f04a",
    "data": [
      {
        "text": "Is a fingerprint clearance card valid with livescan?",
        "userDefined": false
      }
    ],
    "isTemplate": false,
    "count": 0,
    "lang": "en",
    "updated": 0
  },
  {
    "id": "64359f4b-af01-4b0e-9754-b92d23e9bb1d",
    "data": [
      {
        "text": "Live scan prints be considered?",
        "userDefined": false
      }
    ],
    "isTemplate": false,
    "count": 0,
    "lang": "en",
    "updated": 0
  },
  {
    "id": "831cca89-3de9-4963-8746-989f7cb64a64",
    "data": [
      {
        "text": "Live scan prints be acceptable?",
        "userDefined": false
      }
    ],
    "isTemplate": false,
    "count": 0,
    "lang": "en",
    "updated": 0
  },
  {
    "id": "0999e24b-4db2-449d-a3f8-e892a61f0ef5",
    "data": [
      {
        "text": "Live scan is accepted for clearance card?",
        "userDefined": false
      }
    ],
    "isTemplate": false,
    "count": 0,
    "lang": "en",
    "updated": 0
  },
  {
    "id": "7de678d3-f706-4820-9f36-a45a1cf690db",
    "data": [
      {
        "text": "Live scan prints are taken here?",
        "userDefined": false
      }
    ],
    "isTemplate": false,
    "count": 0,
    "lang": "en",
    "updated": 0
  },
  {
    "id": "d6051fcf-ab74-4e52-8454-79e8c9f96e78",
    "data": [
      {
        "text": "Livescan fingerprint can be given?",
        "userDefined": false
      }
    ],
    "isTemplate": false,
    "count": 0,
    "lang": "en",
    "updated": 0
  },
  {
    "id": "74b023e4-acba-4881-88b1-fb52e5dfb508",
    "data": [
      {
        "text": "Live scan prints are accepted?",
        "userDefined": false
      }
    ],
    "isTemplate": false,
    "count": 0,
    "lang": "en",
    "updated": 0
  },
  {
    "id": "dd47ed92-9325-4ff0-82a8-b3ab31f930e0",
    "data": [
      {
        "text": "Is livescan accepts fingerprints?",
        "userDefined": false
      }
    ],
    "isTemplate": false,
    "count": 0,
    "lang": "en",
    "updated": 0
  },
  {
    "id": "218fd503-e426-4131-b1d2-6236ef207d70",
    "data": [
      {
        "text": "Fingerprint card livescan OK?",
        "userDefined": false
      }
    ],
    "isTemplate": false,
    "count": 0,
    "lang": "en",
    "updated": 0
  },
  {
    "id": "1079110f-6eb7-45fa-8c83-677d1cf290b8",
    "data": [
      {
        "text": "Is it ok to livescan for a fingerprint card?",
        "userDefined": false
      }
    ],
    "isTemplate": false,
    "count": 0,
    "lang": "en",
    "updated": 0
  },
  {
    "id": "32bac8c3-991c-41d6-867e-331313dc72db",
    "data": [
      {
        "text": "Livescan ok for fingerprint card?",
        "userDefined": false
      }
    ],
    "isTemplate": false,
    "count": 0,
    "lang": "en",
    "updated": 0
  },
  {
    "id": "6c880eae-dc24-4ca2-87e9-486f90fe1dcb",
    "data": [
      {
        "text": "Livescan is accepted or not?",
        "userDefined": false
      }
    ],
    "isTemplate": false,
    "count": 0,
    "lang": "en",
    "updated": 0
  },
  {
    "id": "8e428c78-31d9-4308-a453-61e3b7a9a44f",
    "data": [
      {
        "text": "Fingerprint livescan accepted?",
        "userDefined": false
      }
    ],
    "isTemplate": false,
    "count": 0,
    "lang": "en",
    "updated": 0
  },
  {
    "id": "dbe51899-3e78-470d-a867-75890c9552bb",
    "data": [
      {
        "text": "Need to know is livescan fingerprints be accepted?",
        "userDefined": false
      }
    ],
    "isTemplate": false,
    "count": 0,
    "lang": "en",
    "updated": 0
  },
  {
    "id": "53efb9e1-ebf7-414d-9fb0-097110cead2c",
    "data": [
      {
        "text": "do you accept my livescan fingerprints?",
        "userDefined": false
      }
    ],
    "isTemplate": false,
    "count": 0,
    "lang": "en",
    "updated": 0
  },
  {
    "id": "e92820ca-8008-4637-8131-87ee6ceb5fc5",
    "data": [
      {
        "text": "livescan fingerprint, does it work for you?",
        "userDefined": false
      }
    ],
    "isTemplate": false,
    "count": 0,
    "lang": "en",
    "updated": 0
  },
  {
    "id": "dcfe8050-b531-44b3-bb7e-0da7915799ed",
    "data": [
      {
        "text": "does livescan fingerprint work?",
        "userDefined": false
      }
    ],
    "isTemplate": false,
    "count": 0,
    "lang": "en",
    "updated": 0
  },
  {
    "id": "065e0790-c105-40dc-a7a0-acbd67dd1d76",
    "data": [
      {
        "text": "does livescan work for fingerprint?",
        "userDefined": false
      }
    ],
    "isTemplate": false,
    "count": 0,
    "lang": "en",
    "updated": 0
  },
  {
    "id": "1fc70417-eae1-4c1d-97be-184e18e3775d",
    "data": [
      {
        "text": "would livescan work for fingerprints?",
        "userDefined": false
      }
    ],
    "isTemplate": false,
    "count": 0,
    "lang": "en",
    "updated": 0
  },
  {
    "id": "4fcb8463-5a97-4e62-b679-8438804b746e",
    "data": [
      {
        "text": "Yes, I need to know where to get fingerprinted - is there a list on this site?",
        "userDefined": false
      }
    ],
    "isTemplate": false,
    "count": 0,
    "lang": "en",
    "updated": 0
  },
  {
    "id": "5187ec9c-a8d5-43c8-8bc7-e1a8d2dd7b04",
    "data": [
      {
        "text": "I am trying to get finger printing check",
        "userDefined": false
      }
    ],
    "isTemplate": false,
    "count": 0,
    "lang": "en",
    "updated": 0
  },
  {
    "id": "a76accd2-9c8d-45e7-92f8-c4702f88797c",
    "data": [
      {
        "text": "I applied for the fingerprint card ",
        "userDefined": false
      },
      {
        "text": "today",
        "meta": "@sys.date-time",
        "alias": "date-time",
        "userDefined": false
      },
      {
        "text": ", but I am not sure how to actually get my actual ",
        "userDefined": false
      },
      {
        "text": "fingerprint",
        "meta": "@Fingerprinted",
        "alias": "fingerprinted",
        "userDefined": false
      },
      {
        "text": " taken",
        "userDefined": false
      }
    ],
    "isTemplate": false,
    "count": 0,
    "lang": "en",
    "updated": 0
  },
  {
    "id": "198ca366-015d-48db-bd11-88788bd55e75",
    "data": [
      {
        "text": "how do i do my fingerprints?",
        "userDefined": false
      }
    ],
    "isTemplate": false,
    "count": 0,
    "lang": "en",
    "updated": 0
  },
  {
    "id": "4153272c-8e21-481c-b5bc-c6967a914f72",
    "data": [
      {
        "text": "where do I get the fingerprint done",
        "userDefined": false
      }
    ],
    "isTemplate": false,
    "count": 0,
    "lang": "en",
    "updated": 0
  },
  {
    "id": "fb5cd217-1919-44d5-b6e4-feea9f82d931",
    "data": [
      {
        "text": "Where do I sign up for fingerprints",
        "userDefined": false
      }
    ],
    "isTemplate": false,
    "count": 0,
    "lang": "en",
    "updated": 0
  },
  {
    "id": "4bdd5f3a-fc9c-412d-9d82-04acde1b7e70",
    "data": [
      {
        "text": "I see the message, but am unsure on where to go to take my fingerprints",
        "userDefined": false
      }
    ],
    "isTemplate": false,
    "count": 0,
    "lang": "en",
    "updated": 0
  },
  {
    "id": "843784b4-a44f-4169-a3e8-753c5e02b46c",
    "data": [
      {
        "text": "What is the closest to get fingerprint in ",
        "userDefined": false
      },
      {
        "text": "Oro valley",
        "meta": "@sys.geo-city",
        "alias": "geo-city",
        "userDefined": false
      },
      {
        "text": "?",
        "userDefined": false
      }
    ],
    "isTemplate": false,
    "count": 0,
    "lang": "en",
    "updated": 0
  },
  {
    "id": "c5ddf8d3-6488-4587-a290-b488ab56e9ee",
    "data": [
      {
        "text": "finger printing outside of Arizona",
        "userDefined": false
      }
    ],
    "isTemplate": false,
    "count": 0,
    "lang": "en",
    "updated": 0
  },
  {
    "id": "d6f60836-a37a-4bda-9014-21b018f797b1",
    "data": [
      {
        "text": "Can I get fingerprints done in California?",
        "userDefined": false
      }
    ],
    "isTemplate": false,
    "count": 0,
    "lang": "en",
    "updated": 0
  },
  {
    "id": "6bd6400c-4308-40c5-9a4c-2ba606f0587c",
    "data": [
      {
        "text": "is it possible that I do the fingerprinting the Philippines?",
        "userDefined": false
      }
    ],
    "isTemplate": false,
    "count": 0,
    "lang": "en",
    "updated": 0
  },
  {
    "id": "e4107854-e064-4b95-a010-b4bd78579fff",
    "data": [
      {
        "text": "where can I get my fingerprint",
        "userDefined": false
      }
    ],
    "isTemplate": false,
    "count": 0,
    "lang": "en",
    "updated": 0
  },
  {
    "id": "2014be3c-113f-48ad-a9c5-41e1413f162e",
    "data": [
      {
        "text": "Hi, I\u0027ve questions about the fingerprinting process. Does it have to be done in AZ or can it be done in my current state of residence?",
        "userDefined": false
      }
    ],
    "isTemplate": false,
    "count": 0,
    "lang": "en",
    "updated": 0
  },
  {
    "id": "bfa3036a-55e7-4239-81ea-e4cf72310b9d",
    "data": [
      {
        "text": "How do I get fingerprinted?",
        "userDefined": false
      }
    ],
    "isTemplate": false,
    "count": 0,
    "lang": "en",
    "updated": 0
  },
  {
    "id": "bbfe7d4c-8e47-40fe-b32a-ef2ef350c6c8",
    "data": [
      {
        "text": "I have applied and paid and would like to get my fingerprints in Washington today prior to moving to Arizona for a teaching job",
        "userDefined": false
      }
    ],
    "isTemplate": false,
    "count": 0,
    "lang": "en",
    "updated": 0
  },
  {
    "id": "ee250b27-efe8-4356-a9df-65ddc7bd2e0d",
    "data": [
      {
        "text": "I was wondering I live in CA and is it ok if I get my fingerprinting done here or do I need to do it in AZ?",
        "userDefined": false
      }
    ],
    "isTemplate": false,
    "count": 0,
    "lang": "en",
    "updated": 0
  },
  {
    "id": "555c4e2f-dd60-4562-84cf-ae7feb478ffb",
    "data": [
      {
        "text": "I live in California, where do I get my fingerprints taken",
        "userDefined": false
      }
    ],
    "isTemplate": false,
    "count": 0,
    "lang": "en",
    "updated": 0
  },
  {
    "id": "25ad8039-e458-4db1-9252-2bfe29ac9098",
    "data": [
      {
        "text": "I have my California guard card and I\u0027m moving to Yuma Arizona . can i do my finger prints out here in California?",
        "userDefined": false
      }
    ],
    "isTemplate": false,
    "count": 0,
    "lang": "en",
    "updated": 0
  },
  {
    "id": "78ce5b12-14ac-41ac-909f-2c7de12ec640",
    "data": [
      {
        "text": "how do I do the electronic process in AZ",
        "userDefined": false
      }
    ],
    "isTemplate": false,
    "count": 0,
    "lang": "en",
    "updated": 0
  },
  {
    "id": "afdfa11f-d97e-4b54-9f12-7711ae394e60",
    "data": [
      {
        "text": "Moving to AZ. can I get my fingerprinting done in CA or does it need to be in AZ?",
        "userDefined": false
      }
    ],
    "isTemplate": false,
    "count": 0,
    "lang": "en",
    "updated": 0
  },
  {
    "id": "8dba8b9e-7595-47d5-b65e-fb65392a7030",
    "data": [
      {
        "text": "fingerprinting for license",
        "userDefined": false
      }
    ],
    "isTemplate": false,
    "count": 0,
    "lang": "en",
    "updated": 0
  },
  {
    "id": "b64c7135-4436-4513-9a8f-9f3d7374b903",
    "data": [
      {
        "text": "I want to add the fingerprinting location",
        "userDefined": false
      }
    ],
    "isTemplate": false,
    "count": 0,
    "lang": "en",
    "updated": 0
  },
  {
    "id": "d6fbd646-fee7-4c7c-9c71-86ed420548ac",
    "data": [
      {
        "text": "Hello where would I be able to get my fingerprints done",
        "userDefined": false
      }
    ],
    "isTemplate": false,
    "count": 0,
    "lang": "en",
    "updated": 0
  },
  {
    "id": "63ca4a4e-b91c-4398-b284-fdef1f1ada9d",
    "data": [
      {
        "text": "I had to get my finger prints done this morning but I am in Wyoming and the PD here does not mail back cards",
        "userDefined": false
      }
    ],
    "isTemplate": false,
    "count": 0,
    "lang": "en",
    "updated": 0
  },
  {
    "id": "2ed66eed-c14c-48e6-a766-8eb5afe18738",
    "data": [
      {
        "text": "What is the address to be ",
        "userDefined": false
      },
      {
        "text": "fingerprinted",
        "meta": "@Fingerprinted",
        "alias": "fingerprinted",
        "userDefined": false
      }
    ],
    "isTemplate": false,
    "count": 0,
    "lang": "en",
    "updated": 0
  },
  {
    "id": "ea51cf6c-f7b0-4b76-82fe-7220403357a2",
    "data": [
      {
        "text": "how do I do online ",
        "userDefined": false
      },
      {
        "text": "fingerprinting",
        "meta": "@Fingerprinted",
        "alias": "fingerprinted",
        "userDefined": false
      }
    ],
    "isTemplate": false,
    "count": 0,
    "lang": "en",
    "updated": 0
  },
  {
    "id": "4f601af1-967c-40f5-a0ab-2f5936dbefb0",
    "data": [
      {
        "text": "how do I do ",
        "userDefined": false
      },
      {
        "text": "fingerprinting",
        "meta": "@Fingerprinted",
        "alias": "fingerprinted",
        "userDefined": false
      },
      {
        "text": "?",
        "userDefined": false
      }
    ],
    "isTemplate": false,
    "count": 0,
    "lang": "en",
    "updated": 0
  },
  {
    "id": "6e224edf-c2ca-4fb9-8ccf-47b780736267",
    "data": [
      {
        "text": "I paid for the finger printing. Where do I go?",
        "userDefined": false
      }
    ],
    "isTemplate": false,
    "count": 0,
    "lang": "en",
    "updated": 0
  },
  {
    "id": "a3750d0a-d36c-4146-851c-e4e14f598019",
    "data": [
      {
        "text": "When do I go to get my fingerprint card done",
        "userDefined": false
      }
    ],
    "isTemplate": false,
    "count": 0,
    "lang": "en",
    "updated": 0
  },
  {
    "id": "4d0d237c-ac3b-48f1-b3fd-b73370818436",
    "data": [
      {
        "text": "I already applied and paid the $67.00 fee.  Where can I get my fingerprints done?",
        "userDefined": false
      }
    ],
    "isTemplate": false,
    "count": 0,
    "lang": "en",
    "updated": 0
  },
  {
    "id": "f2561897-251f-499c-b11e-6d9e4cc8bced",
    "data": [
      {
        "text": "where to have ",
        "userDefined": false
      },
      {
        "text": "fingerprinting",
        "meta": "@Fingerprinted",
        "alias": "fingerprinted",
        "userDefined": false
      },
      {
        "text": " done?",
        "userDefined": false
      }
    ],
    "isTemplate": false,
    "count": 0,
    "lang": "en",
    "updated": 0
  },
  {
    "id": "ed60334e-69d4-4fb6-90f4-de41f3cf6f3d",
    "data": [
      {
        "text": "do I have to come to your building to do it?",
        "userDefined": false
      }
    ],
    "isTemplate": false,
    "count": 0,
    "lang": "en",
    "updated": 0
  },
  {
    "id": "c5801930-f313-48b4-a6f1-c4a90466cf85",
    "data": [
      {
        "text": "What does it mean if I\u0027m pending fingerprints?",
        "userDefined": false
      }
    ],
    "isTemplate": false,
    "count": 0,
    "lang": "en",
    "updated": 0
  },
  {
    "id": "2ad652cf-62b1-4a6c-920f-3a6dd49dc781",
    "data": [
      {
        "text": "I have paid the fee now where do I get the fingerprints done",
        "userDefined": false
      }
    ],
    "isTemplate": false,
    "count": 0,
    "lang": "en",
    "updated": 0
  },
  {
    "id": "30e419b9-e1ed-48ad-80db-60073dc3ef05",
    "data": [
      {
        "text": "How do I find addresses for electronic fingerprinting sites",
        "userDefined": false
      }
    ],
    "isTemplate": false,
    "count": 0,
    "lang": "en",
    "updated": 0
  },
  {
    "id": "3aae314b-d6ed-4d30-86be-43ba3afe93e1",
    "data": [
      {
        "text": "find a location",
        "userDefined": false
      }
    ],
    "isTemplate": false,
    "count": 0,
    "lang": "en",
    "updated": 0
  },
  {
    "id": "408f2ea6-24e4-4b56-baa7-d8997c428ca9",
    "data": [
      {
        "text": "I registered. How do I find a fingerprint site?",
        "userDefined": false
      }
    ],
    "isTemplate": false,
    "count": 0,
    "lang": "en",
    "updated": 0
  },
  {
    "id": "8a2f4c76-93b7-40ac-ba76-5378fbe827b9",
    "data": [
      {
        "text": "Hello how to do ",
        "userDefined": false
      },
      {
        "text": "fingerprint",
        "meta": "@Fingerprinted",
        "alias": "fingerprinted",
        "userDefined": false
      },
      {
        "text": "?",
        "userDefined": false
      }
    ],
    "isTemplate": false,
    "count": 0,
    "lang": "en",
    "updated": 0
  },
  {
    "id": "dcb7ea12-6b85-4c4b-8028-dd9cb6d5fd25",
    "data": [
      {
        "text": "How can I find a fingerprint site?",
        "userDefined": false
      }
    ],
    "isTemplate": false,
    "count": 0,
    "lang": "en",
    "updated": 0
  },
  {
    "id": "6d2bb862-d668-4fdc-8f20-c33cce299497",
    "data": [
      {
        "text": "Where is a local ",
        "userDefined": false
      },
      {
        "text": "fingerprint",
        "userDefined": false
      },
      {
        "text": " facility?",
        "userDefined": false
      }
    ],
    "isTemplate": false,
    "count": 0,
    "lang": "en",
    "updated": 0
  },
  {
    "id": "f965993c-6a72-4bf4-8205-5c35b4093354",
    "data": [
      {
        "text": "where can i get my fingerprints for fingerprint clearance card",
        "userDefined": false
      }
    ],
    "isTemplate": false,
    "count": 0,
    "lang": "en",
    "updated": 0
  },
  {
    "id": "b67bceca-5f73-4f20-81b6-10b56a9deec2",
    "data": [
      {
        "text": "Where can I get my ",
        "userDefined": false
      },
      {
        "text": "fingers printed",
        "userDefined": false
      },
      {
        "text": " in ",
        "userDefined": false
      },
      {
        "text": "Arizona",
        "userDefined": false
      }
    ],
    "isTemplate": false,
    "count": 0,
    "lang": "en",
    "updated": 0
  },
  {
    "id": "be2f6edf-03f5-4b1d-825f-fc1ead64f442",
    "data": [
      {
        "text": "I completed and paid for an ",
        "userDefined": false
      },
      {
        "text": "Arizona",
        "meta": "@sys.geo-state",
        "alias": "geo-state",
        "userDefined": false
      },
      {
        "text": " fingerprint but my teacher told me that I will have to go in and get my fingerprint done",
        "userDefined": false
      }
    ],
    "isTemplate": false,
    "count": 0,
    "lang": "en",
    "updated": 0
  },
  {
    "id": "bc53bdc6-074e-4ad1-8e69-3f4d1d6b30ba",
    "data": [
      {
        "text": "I need my fingerprints done",
        "userDefined": false
      }
    ],
    "isTemplate": false,
    "count": 0,
    "lang": "en",
    "updated": 0
  },
  {
    "id": "574155bb-44b3-4357-bd87-89aa6b24622a",
    "data": [
      {
        "text": "Do I have to take my fingerprints?",
        "userDefined": false
      }
    ],
    "isTemplate": false,
    "count": 0,
    "lang": "en",
    "updated": 0
  },
  {
    "id": "946b4067-05a2-45f4-ab9e-c19bc8470caa",
    "data": [
      {
        "text": "How does the police provide fingerprints?",
        "userDefined": false
      }
    ],
    "isTemplate": false,
    "count": 0,
    "lang": "en",
    "updated": 0
  },
  {
    "id": "56e2f560-ac6e-49d9-86c1-9897856c8d37",
    "data": [
      {
        "text": "I need to do my fingerprints",
        "userDefined": false
      }
    ],
    "isTemplate": false,
    "count": 0,
    "lang": "en",
    "updated": 0
  },
  {
    "id": "e44b20eb-d85f-4de5-ac00-fa5a01ccf606",
    "data": [
      {
        "text": "Can I have fingerprints taken outside of the country?",
        "userDefined": false
      }
    ],
    "isTemplate": false,
    "count": 0,
    "lang": "en",
    "updated": 0
  },
  {
    "id": "cfca6f9c-b573-4e52-8dae-19f964bf379f",
    "data": [
      {
        "text": "where do I have my finger prints taken in Texas",
        "userDefined": false
      }
    ],
    "isTemplate": false,
    "count": 0,
    "lang": "en",
    "updated": 0
  },
  {
    "id": "417023b3-2785-461b-a4fc-4b21e07379e9",
    "data": [
      {
        "text": "Hi how can i finish getting my fingerprint?",
        "userDefined": false
      }
    ],
    "isTemplate": false,
    "count": 0,
    "lang": "en",
    "updated": 0
  },
  {
    "id": "190d1633-3ee2-46f1-9cb5-5f608ffef378",
    "data": [
      {
        "text": "I need to know where I can go now to do the fingerprints? Could you help me with that?",
        "userDefined": false
      }
    ],
    "isTemplate": false,
    "count": 0,
    "lang": "en",
    "updated": 0
  },
  {
    "id": "e534450f-500b-4bdb-803f-54bf83635c49",
    "data": [
      {
        "text": "Can i do my own fingerprint",
        "userDefined": false
      }
    ],
    "isTemplate": false,
    "count": 0,
    "lang": "en",
    "updated": 0
  },
  {
    "id": "1bd18484-8305-4ed6-8f54-85b63bcc41ac",
    "data": [
      {
        "text": "Where and when will I do my fingerprint?",
        "userDefined": false
      }
    ],
    "isTemplate": false,
    "count": 0,
    "lang": "en",
    "updated": 0
  },
  {
    "id": "146c1263-4951-46ce-b600-d484b11c18fd",
    "data": [
      {
        "text": "when can I come to do ",
        "userDefined": false
      },
      {
        "text": "finger print",
        "meta": "@Fingerprinted",
        "alias": "fingerprinted",
        "userDefined": false
      }
    ],
    "isTemplate": false,
    "count": 0,
    "lang": "en",
    "updated": 0
  },
  {
    "id": "3c3bceea-9ff4-47d3-9763-64fdc4a312a8",
    "data": [
      {
        "text": "how do I check my CCW permit renewal application",
        "userDefined": false
      }
    ],
    "isTemplate": false,
    "count": 0,
    "lang": "en",
    "updated": 0
  },
  {
    "id": "6522a63f-6e24-4e2b-8259-4aa3131bc7c3",
    "data": [
      {
        "text": "Locations to have prints done",
        "userDefined": false
      }
    ],
    "isTemplate": false,
    "count": 0,
    "lang": "en",
    "updated": 0
  },
  {
    "id": "2adf508a-8e47-43a2-a96d-e1b508607060",
    "data": [
      {
        "text": "where are the locations for taking fingerprints",
        "userDefined": false
      }
    ],
    "isTemplate": false,
    "count": 0,
    "lang": "en",
    "updated": 0
  },
  {
    "id": "366c303c-0937-480b-949d-e18ba4507247",
    "data": [
      {
        "text": "Is there any way i can see the locations were i can do the ",
        "userDefined": false
      },
      {
        "text": "finger printing",
        "userDefined": false
      }
    ],
    "isTemplate": false,
    "count": 0,
    "lang": "en",
    "updated": 0
  },
  {
    "id": "47e5700c-c84c-4638-9f37-e0b0f86dbb2a",
    "data": [
      {
        "text": "fingerprint",
        "userDefined": false
      },
      {
        "text": " locations",
        "userDefined": false
      }
    ],
    "isTemplate": false,
    "count": 0,
    "lang": "en",
    "updated": 0
  },
  {
    "id": "5d04ac9a-9a0f-45fc-bc1d-5f75886c2c03",
    "data": [
      {
        "text": "Can i get a blank Fingerprint card from my local police?",
        "userDefined": false
      }
    ],
    "isTemplate": false,
    "count": 1,
    "lang": "en",
    "updated": 0
  },
  {
    "id": "bd849b1f-f27c-4a0e-93b2-4b9c8f89b971",
    "data": [
      {
        "text": "Do you know where I can go?",
        "userDefined": false
      }
    ],
    "isTemplate": false,
    "count": 0,
    "lang": "en",
    "updated": 0
  },
  {
    "id": "97e1fead-c257-4205-9896-beb73ebf301f",
    "data": [
      {
        "text": "where can I go for ",
        "userDefined": false
      },
      {
        "text": "fingerprint",
        "meta": "@Fingerprinted",
        "alias": "fingerprinted",
        "userDefined": false
      },
      {
        "text": " services",
        "userDefined": false
      }
    ],
    "isTemplate": false,
    "count": 0,
    "lang": "en",
    "updated": 0
  },
  {
    "id": "771f4390-dafd-432b-b724-ddbc04e38c0e",
    "data": [
      {
        "text": "I need to make an appointment to do an in person finger print clearance card",
        "userDefined": false
      }
    ],
    "isTemplate": false,
    "count": 0,
    "lang": "en",
    "updated": 0
  },
  {
    "id": "61e6a8a3-2a0d-4da6-93b8-77c4437db72e",
    "data": [
      {
        "text": "How do I get my finger prints taken?",
        "userDefined": false
      }
    ],
    "isTemplate": false,
    "count": 0,
    "lang": "en",
    "updated": 0
  },
  {
    "id": "12fb609e-02f6-44f2-b2db-006f244f537c",
    "data": [
      {
        "text": "nearest ",
        "userDefined": false
      },
      {
        "text": "fingerprints",
        "meta": "@Fingerprinted",
        "alias": "fingerprinted",
        "userDefined": false
      },
      {
        "text": " office",
        "userDefined": false
      }
    ],
    "isTemplate": false,
    "count": 0,
    "lang": "en",
    "updated": 0
  },
  {
    "id": "4a59c2fa-0f27-42ae-a12c-17c897e4be25",
    "data": [
      {
        "text": "Where can I get the fingerprints",
        "userDefined": false
      }
    ],
    "isTemplate": false,
    "count": 0,
    "lang": "en",
    "updated": 0
  },
  {
    "id": "2918cde3-704b-4bb9-ad1d-fd5c12aa5334",
    "data": [
      {
        "text": "I need a location for the card for fingerprints",
        "userDefined": false
      }
    ],
    "isTemplate": false,
    "count": 0,
    "lang": "en",
    "updated": 0
  },
  {
    "id": "71992987-5e45-4291-b96a-b18cc174e376",
    "data": [
      {
        "text": "where do i get ",
        "userDefined": false
      },
      {
        "text": "fingerprinted",
        "userDefined": false
      },
      {
        "text": " at",
        "userDefined": false
      }
    ],
    "isTemplate": false,
    "count": 0,
    "lang": "en",
    "updated": 0
  },
  {
    "id": "52253b0d-8a58-435f-9801-c1940e9fe32d",
    "data": [
      {
        "text": "how do I know when and where to go to get ",
        "userDefined": false
      },
      {
        "text": "fingerprinted",
        "userDefined": false
      }
    ],
    "isTemplate": false,
    "count": 0,
    "lang": "en",
    "updated": 0
  },
  {
    "id": "4ca1449e-f04f-4176-8098-a854ab5e122c",
    "data": [
      {
        "text": "where do I go to get my fingerprints done",
        "userDefined": false
      }
    ],
    "isTemplate": false,
    "count": 0,
    "lang": "en",
    "updated": 0
  },
  {
    "id": "cb1ca67a-4af5-4448-8226-37fa203d349f",
    "data": [
      {
        "text": "How do I make an appointment to get my ",
        "userDefined": false
      },
      {
        "text": "fingerprint",
        "userDefined": false
      },
      {
        "text": " done",
        "userDefined": false
      }
    ],
    "isTemplate": false,
    "count": 0,
    "lang": "en",
    "updated": 0
  },
  {
    "id": "0a3f2d9a-457e-43ee-ad9f-002faa41336d",
    "data": [
      {
        "text": "where can i get my ",
        "userDefined": false
      },
      {
        "text": "fingerprints",
        "userDefined": false
      },
      {
        "text": " completed",
        "userDefined": false
      }
    ],
    "isTemplate": false,
    "count": 0,
    "lang": "en",
    "updated": 0
  },
  {
    "id": "20c8ef47-0dac-4e4c-858b-bc5c109150d6",
    "data": [
      {
        "text": "I have applied and paid what steps not to physically get ",
        "userDefined": false
      },
      {
        "text": "fingerprinted",
        "userDefined": false
      }
    ],
    "isTemplate": false,
    "count": 0,
    "lang": "en",
    "updated": 0
  },
  {
    "id": "ef54917b-56b0-46be-b167-e41c23466d03",
    "data": [
      {
        "text": " I need to find a way to pay and get ",
        "userDefined": false
      },
      {
        "text": "fingerprinted",
        "userDefined": false
      }
    ],
    "isTemplate": false,
    "count": 0,
    "lang": "en",
    "updated": 0
  },
  {
    "id": "e1254697-0284-467f-91d2-981108c6b794",
    "data": [
      {
        "text": "Will I need to get ",
        "userDefined": false
      },
      {
        "text": "fingerprinted",
        "userDefined": false
      },
      {
        "text": " in AZ, or can I do so in my home state",
        "userDefined": false
      }
    ],
    "isTemplate": false,
    "count": 0,
    "lang": "en",
    "updated": 0
  },
  {
    "id": "205c8be6-117a-4941-ac65-281975fd062f",
    "data": [
      {
        "text": "give me places to fingerprint",
        "userDefined": false
      }
    ],
    "isTemplate": false,
    "count": 0,
    "lang": "en",
    "updated": 0
  },
  {
    "id": "f16ed75d-21c5-49ec-a82e-0ded61909f7d",
    "data": [
      {
        "text": "now that i have purchased, where do I go to get my ",
        "userDefined": false
      },
      {
        "text": "fingerprints",
        "userDefined": false
      }
    ],
    "isTemplate": false,
    "count": 0,
    "lang": "en",
    "updated": 0
  },
  {
    "id": "746a4448-0793-4e45-9300-02b577f6c776",
    "data": [
      {
        "text": " Where do I go to have my fingerprints taken",
        "userDefined": false
      }
    ],
    "isTemplate": false,
    "count": 0,
    "lang": "en",
    "updated": 0
  },
  {
    "id": "8d654b0a-bcf4-485f-a927-1d379925e8f5",
    "data": [
      {
        "text": "Hello, what is the website to find a place to be ",
        "userDefined": false
      },
      {
        "text": "fingerprinted",
        "userDefined": false
      },
      {
        "text": " at",
        "userDefined": false
      }
    ],
    "isTemplate": false,
    "count": 0,
    "lang": "en",
    "updated": 0
  },
  {
    "id": "c3088848-6001-4bd2-9be0-6f87afb6ce88",
    "data": [
      {
        "text": "Location for ",
        "userDefined": false
      },
      {
        "text": "fingerprinting",
        "meta": "@Fingerprinted",
        "alias": "fingerprinted",
        "userDefined": false
      }
    ],
    "isTemplate": false,
    "count": 0,
    "lang": "en",
    "updated": 0
  },
  {
    "id": "3ec43381-7634-43b5-9bb6-08f267e83daf",
    "data": [
      {
        "text": "Where can i go for the actual ",
        "userDefined": false
      },
      {
        "text": "finger printing",
        "meta": "@Fingerprinted",
        "alias": "fingerprinted",
        "userDefined": false
      }
    ],
    "isTemplate": false,
    "count": 0,
    "lang": "en",
    "updated": 0
  },
  {
    "id": "84dc128d-13b7-4b1d-9fd8-d20afff87b81",
    "data": [
      {
        "text": "May I go to DPS for Security Guard or Private Investigator License / Registration to be ",
        "userDefined": false
      },
      {
        "text": "fingerprinted",
        "meta": "@Fingerprinted",
        "alias": "fingerprinted",
        "userDefined": false
      },
      {
        "text": "?",
        "userDefined": false
      }
    ],
    "isTemplate": false,
    "count": 0,
    "lang": "en",
    "updated": 0
  },
  {
    "id": "a6748602-296d-4977-b060-052e020a031b",
    "data": [
      {
        "text": "Can I go to DPS for a Security Guard or Private Investigator License / Registration to get ",
        "userDefined": false
      },
      {
        "text": "fingerprints",
        "meta": "@Fingerprinted",
        "alias": "fingerprinted",
        "userDefined": false
      },
      {
        "text": "?",
        "userDefined": false
      }
    ],
    "isTemplate": false,
    "count": 0,
    "lang": "en",
    "updated": 0
  },
  {
    "id": "591a7575-48be-4921-878d-f06d8f65f5da",
    "data": [
      {
        "text": "Where can I get it ",
        "userDefined": false
      },
      {
        "text": "finger printed",
        "meta": "@Fingerprinted",
        "alias": "fingerprinted",
        "userDefined": false
      },
      {
        "text": " for private investigator",
        "userDefined": false
      }
    ],
    "isTemplate": false,
    "count": 0,
    "lang": "en",
    "updated": 0
  },
  {
    "id": "cd8ceb61-b00d-44b8-8208-1e23806b19e6",
    "data": [
      {
        "text": "DPS will help to get ",
        "userDefined": false
      },
      {
        "text": "fingerprint",
        "meta": "@Fingerprinted",
        "alias": "fingerprinted",
        "userDefined": false
      },
      {
        "text": " for security guard\n?",
        "userDefined": false
      }
    ],
    "isTemplate": false,
    "count": 0,
    "lang": "en",
    "updated": 0
  },
  {
    "id": "2ce63dbe-eb40-407e-ab25-9aadaeb4e17f",
    "data": [
      {
        "text": "Can I reach out to DPS to be ",
        "userDefined": false
      },
      {
        "text": "fingerprinted",
        "meta": "@Fingerprinted",
        "alias": "fingerprinted",
        "userDefined": false
      },
      {
        "text": " for a Security Guard or Private Investigator License/Registration?",
        "userDefined": false
      }
    ],
    "isTemplate": false,
    "count": 0,
    "lang": "en",
    "updated": 0
  },
  {
    "id": "a294f00a-2c74-44d7-9e9d-e80c9869c5eb",
    "data": [
      {
        "text": "Where can I get my ",
        "userDefined": false
      },
      {
        "text": "finger prints",
        "meta": "@Fingerprinted",
        "alias": "fingerprinted",
        "userDefined": true
      },
      {
        "text": " printed?",
        "userDefined": false
      }
    ],
    "isTemplate": false,
    "count": 0,
    "lang": "en",
    "updated": 0
  },
  {
    "id": "fc389b50-a0f2-4423-b4f2-67577b9cf54b",
    "data": [
      {
        "text": "Can I go to DPS office for ",
        "userDefined": false
      },
      {
        "text": "fingerprinting",
        "meta": "@Fingerprinted",
        "alias": "fingerprinted",
        "userDefined": false
      },
      {
        "text": "?",
        "userDefined": false
      }
    ],
    "isTemplate": false,
    "count": 0,
    "lang": "en",
    "updated": 0
  },
  {
    "id": "080359bb-560f-47ee-9131-0c30bb951d21",
    "data": [
      {
        "text": "Give me the DPS ",
        "userDefined": false
      },
      {
        "text": "fingerprinting",
        "meta": "@Fingerprinted",
        "alias": "fingerprinted",
        "userDefined": false
      },
      {
        "text": " locations?",
        "userDefined": false
      }
    ],
    "isTemplate": false,
    "count": 0,
    "lang": "en",
    "updated": 0
  },
  {
    "id": "175e6505-0462-40b6-89c0-d8af2bbf3165",
    "data": [
      {
        "text": "I want to know for license where can I get my ",
        "userDefined": false
      },
      {
        "text": "fingerprint",
        "meta": "@Fingerprinted",
        "alias": "fingerprinted",
        "userDefined": false
      },
      {
        "text": " printed?",
        "userDefined": false
      }
    ],
    "isTemplate": false,
    "count": 0,
    "lang": "en",
    "updated": 0
  },
  {
    "id": "eba8a588-6772-4a63-8251-ada2f3fbcb0f",
    "data": [
      {
        "text": "I want to get my ",
        "userDefined": false
      },
      {
        "text": "fingerprints",
        "meta": "@Fingerprinted",
        "alias": "fingerprinted",
        "userDefined": false
      },
      {
        "text": " for my license?",
        "userDefined": false
      }
    ],
    "isTemplate": false,
    "count": 0,
    "lang": "en",
    "updated": 0
  },
  {
    "id": "68a2cac7-f826-4814-9049-5e6758c60c25",
    "data": [
      {
        "text": "Can I go to DPS to be ",
        "userDefined": false
      },
      {
        "text": "fingerprinted",
        "meta": "@Fingerprinted",
        "alias": "fingerprinted",
        "userDefined": false
      },
      {
        "text": " for a Security Guard or ",
        "userDefined": false
      },
      {
        "text": "Private Investigator License",
        "userDefined": false
      },
      {
        "text": "/Registration?",
        "userDefined": false
      }
    ],
    "isTemplate": false,
    "count": 0,
    "lang": "en",
    "updated": 0
  }
]