[
  {
    "id": "0fb4f74d-0c69-4e08-9b2f-968609895f97",
    "data": [
      {
        "text": "Where can I go to retrieve a former fingerprint clearance card # from when I taught in AZ in ",
        "userDefined": false
      },
      {
        "text": "2009-2011",
        "meta": "@sys.date-period",
        "alias": "date-period",
        "userDefined": false
      },
      {
        "text": "?",
        "userDefined": false
      }
    ],
    "isTemplate": false,
    "count": 0,
    "lang": "en",
    "updated": 0
  },
  {
    "id": "455fe92e-c44d-40a9-8742-079573aa2614",
    "data": [
      {
        "text": "I would like to see if I can be sent a new card since my previous one is lost",
        "userDefined": false
      }
    ],
    "isTemplate": false,
    "count": 0,
    "lang": "en",
    "updated": 0
  },
  {
    "id": "0d5941f3-8082-45d0-9e63-20462b8729d4",
    "data": [
      {
        "text": "Hello, I need a ",
        "userDefined": false
      },
      {
        "text": "copy",
        "meta": "@Suspension_Letter",
        "alias": "suspension_letter1",
        "userDefined": false
      },
      {
        "text": " of the ",
        "userDefined": false
      },
      {
        "text": "denial letter",
        "meta": "@Suspension_Letter",
        "alias": "suspension_letter",
        "userDefined": false
      },
      {
        "text": " sent to me that states why I wasn\u0027t approved for my fingerprint clearance card",
        "userDefined": false
      }
    ],
    "isTemplate": false,
    "count": 0,
    "lang": "en",
    "updated": 0
  },
  {
    "id": "c97ad8b7-7caa-4c76-879d-a20204e936d4",
    "data": [
      {
        "text": "how can i download the fingerprinting form for teachers",
        "userDefined": false
      }
    ],
    "isTemplate": false,
    "count": 0,
    "lang": "en",
    "updated": 0
  },
  {
    "id": "24394b74-f281-4517-94b5-fda0dae58962",
    "data": [
      {
        "text": "I do not know my clearance card number since I lost it more than ",
        "userDefined": false
      },
      {
        "text": "5 years ago",
        "meta": "@sys.date-time",
        "alias": "date-time",
        "userDefined": false
      }
    ],
    "isTemplate": false,
    "count": 0,
    "lang": "en",
    "updated": 0
  },
  {
    "id": "3a979ea0-b459-4dbc-be3f-ab686ee840a8",
    "data": [
      {
        "text": "Is there a way to download a version of a fingerprint clearance card",
        "userDefined": false
      }
    ],
    "isTemplate": false,
    "count": 0,
    "lang": "en",
    "updated": 0
  },
  {
    "id": "36b1f4d2-3034-461c-b6d0-48971386ca33",
    "data": [
      {
        "text": "how can I check if I have a card already. I believe I had one and lost the card",
        "userDefined": false
      }
    ],
    "isTemplate": false,
    "count": 0,
    "lang": "en",
    "updated": 0
  },
  {
    "id": "80473734-f363-4754-ad7d-f22da39f624a",
    "data": [
      {
        "text": "I have had a fingerprint card before but it is lost",
        "userDefined": false
      }
    ],
    "isTemplate": false,
    "count": 0,
    "lang": "en",
    "updated": 0
  },
  {
    "id": "7125f9e4-ce7e-460f-b2ef-a7aae4e61818",
    "data": [
      {
        "text": "My Card and ID were stolen",
        "userDefined": false
      }
    ],
    "isTemplate": false,
    "count": 0,
    "lang": "en",
    "updated": 0
  },
  {
    "id": "b9767fff-26b4-450c-9676-031cb361be6d",
    "data": [
      {
        "text": "I had a fingerprint clearance card but can\u0027t find it.  How can I look up the information to give to my employer?",
        "userDefined": false
      }
    ],
    "isTemplate": false,
    "count": 0,
    "lang": "en",
    "updated": 0
  },
  {
    "id": "404d148e-b10d-494d-ac9a-bb5983df8b71",
    "data": [
      {
        "text": "I am missing my INP card.",
        "userDefined": false
      }
    ],
    "isTemplate": false,
    "count": 0,
    "lang": "en",
    "updated": 0
  },
  {
    "id": "4669735e-03a0-4e9d-b4e3-5b9c9931dd0f",
    "data": [
      {
        "text": "I have a fingerprint plastic card, but can\u0027t find it. I\u0027m renewing my teaching certificate and they said I need a copy of my card.",
        "userDefined": false
      }
    ],
    "isTemplate": false,
    "count": 0,
    "lang": "en",
    "updated": 0
  },
  {
    "id": "396074c0-83ab-41f9-aa34-7fc0f9b7a16d",
    "data": [
      {
        "text": "My finger print card was lost in the move to Arizona what can I do?",
        "userDefined": false
      }
    ],
    "isTemplate": false,
    "count": 0,
    "lang": "en",
    "updated": 0
  },
  {
    "id": "bfd4562b-efa8-4619-995f-19d751df84a2",
    "data": [
      {
        "text": "I am not applying for a new one. I need a copy of my existing card",
        "userDefined": false
      }
    ],
    "isTemplate": false,
    "count": 0,
    "lang": "en",
    "updated": 0
  },
  {
    "id": "d50ba902-db55-4fa6-be86-887ee79c241d",
    "data": [
      {
        "text": "can you print from online?",
        "userDefined": false
      }
    ],
    "isTemplate": false,
    "count": 0,
    "lang": "en",
    "updated": 0
  },
  {
    "id": "eb58900c-8cf1-4151-b97c-9bfdcc445c32",
    "data": [
      {
        "text": "Good morning, I lost my fingerprint card. I currently live in CA but, I am returning to AZ.  I am a teacher and previously taught in AZ.  I can not find my old fingerprint clearance card.",
        "userDefined": false
      }
    ],
    "isTemplate": false,
    "count": 0,
    "lang": "en",
    "updated": 0
  },
  {
    "id": "731ae11c-7029-41a4-b8c7-f572a64fd819",
    "data": [
      {
        "text": "Hi! I previously had done a fingerprint clearance for a job I had in high school back in 2016. Is there anyway I am able to see that record online or get a copy of it?",
        "userDefined": false
      }
    ],
    "isTemplate": false,
    "count": 0,
    "lang": "en",
    "updated": 0
  },
  {
    "id": "540a50a4-6e0a-428e-bc99-e65bd23c32b9",
    "data": [
      {
        "text": "I need a copy of final disposition for arrest in 2009",
        "userDefined": false
      }
    ],
    "isTemplate": false,
    "count": 0,
    "lang": "en",
    "updated": 0
  },
  {
    "id": "678ecb59-5a27-44e7-ae70-c8236d5fcabb",
    "data": [
      {
        "text": "I lost my card with my IVP number",
        "userDefined": false
      }
    ],
    "isTemplate": false,
    "count": 0,
    "lang": "en",
    "updated": 0
  },
  {
    "id": "56d3a5e4-ebad-4874-9116-bc43c181b54e",
    "data": [
      {
        "text": "where do I download the application so I can print it off.",
        "userDefined": false
      }
    ],
    "isTemplate": false,
    "count": 0,
    "lang": "en",
    "updated": 0
  },
  {
    "id": "aea9b93c-0958-4b76-8e3e-f111f93e6428",
    "data": [
      {
        "text": "Hello, when I search my fingerprint card, it says it is \"valid\". How can I get a copy of the card?",
        "userDefined": false
      }
    ],
    "isTemplate": false,
    "count": 0,
    "lang": "en",
    "updated": 0
  },
  {
    "id": "6f73d601-5db6-4ca1-ad89-4231efc0d31c",
    "data": [
      {
        "text": "where can I find my fingerprint clearance card",
        "userDefined": false
      }
    ],
    "isTemplate": false,
    "count": 0,
    "lang": "en",
    "updated": 0
  },
  {
    "id": "b1210a5f-41d9-43d0-995a-97663bad17fd",
    "data": [
      {
        "text": "Good morning. how do I locate my actual clearance card? The document?",
        "userDefined": false
      }
    ],
    "isTemplate": false,
    "count": 0,
    "lang": "en",
    "updated": 0
  },
  {
    "id": "6d90b055-1f88-4943-b252-5ca8475c8f2d",
    "data": [
      {
        "text": "I have had finger prints taken twice-can I just get a ",
        "userDefined": false
      },
      {
        "text": "copy",
        "meta": "@Suspension_Letter",
        "alias": "suspension_letter1",
        "userDefined": false
      },
      {
        "text": " of an existing card?",
        "userDefined": false
      }
    ],
    "isTemplate": false,
    "count": 0,
    "lang": "en",
    "updated": 0
  },
  {
    "id": "4dd32972-b515-44ef-912e-f92ef11417cb",
    "data": [
      {
        "text": "Can l have a ",
        "userDefined": false
      },
      {
        "text": "copy",
        "meta": "@Suspension_Letter",
        "alias": "suspension_letter1",
        "userDefined": false
      },
      {
        "text": " of the result of my finger print?",
        "userDefined": false
      }
    ],
    "isTemplate": false,
    "count": 0,
    "lang": "en",
    "updated": 0
  },
  {
    "id": "f6513b8e-8d9f-4f42-9413-b9fe5748bdc7",
    "data": [
      {
        "text": "can you verify I have a fingerprint card on file",
        "userDefined": false
      }
    ],
    "isTemplate": false,
    "count": 0,
    "lang": "en",
    "updated": 0
  },
  {
    "id": "5da6d6d5-4928-41b9-baac-06648b5f7141",
    "data": [
      {
        "text": "can i access my card online",
        "userDefined": false
      }
    ],
    "isTemplate": false,
    "count": 0,
    "lang": "en",
    "updated": 0
  },
  {
    "id": "b20181bb-5763-460c-91fe-7af38ed854da",
    "data": [
      {
        "text": "get a copy of card",
        "userDefined": false
      }
    ],
    "isTemplate": false,
    "count": 0,
    "lang": "en",
    "updated": 0
  },
  {
    "id": "555bfdb4-076a-4cca-806d-b3516f1c34ed",
    "data": [
      {
        "text": "How can I get a copy of my IVP record?",
        "userDefined": false
      }
    ],
    "isTemplate": false,
    "count": 0,
    "lang": "en",
    "updated": 0
  },
  {
    "id": "36c89772-cd07-4da8-9115-37a8fe0d18f9",
    "data": [
      {
        "text": "I lost my card",
        "userDefined": false
      }
    ],
    "isTemplate": false,
    "count": 0,
    "lang": "en",
    "updated": 0
  },
  {
    "id": "a3bd7dda-b410-42b5-b832-8f5ed9d4fc10",
    "data": [
      {
        "text": "How to print issued card",
        "userDefined": false
      }
    ],
    "isTemplate": false,
    "count": 0,
    "lang": "en",
    "updated": 0
  },
  {
    "id": "0eb49658-56b8-4d96-aba3-4a42b753be1c",
    "data": [
      {
        "text": "Is there a way I can check to see if mine is expired I lost it somewhere in my house",
        "userDefined": false
      }
    ],
    "isTemplate": false,
    "count": 0,
    "lang": "en",
    "updated": 0
  },
  {
    "id": "faa52932-9a13-45c6-b878-89eb6f030c7e",
    "data": [
      {
        "text": "I need ",
        "userDefined": false
      },
      {
        "text": "copies",
        "meta": "@Suspension_Letter",
        "alias": "suspension_letter1",
        "userDefined": false
      },
      {
        "text": " of my fingerprint card as well as my husband\u0027s",
        "userDefined": false
      }
    ],
    "isTemplate": false,
    "count": 0,
    "lang": "en",
    "updated": 0
  },
  {
    "id": "f438975e-a15f-4d1d-b71a-50aec8196ac1",
    "data": [
      {
        "text": "I no longer have my finger print clearance card.",
        "userDefined": false
      }
    ],
    "isTemplate": false,
    "count": 0,
    "lang": "en",
    "updated": 0
  },
  {
    "id": "5e835f8b-1c86-40f5-baa5-06d1bace5504",
    "data": [
      {
        "text": "Hello I\u0027ve been fingerprinted before I can\u0027t seem to find my card how do I fix this?",
        "userDefined": false
      }
    ],
    "isTemplate": false,
    "count": 0,
    "lang": "en",
    "updated": 0
  },
  {
    "id": "292f1088-58d6-49e9-8c5f-4357701ab674",
    "data": [
      {
        "text": "Hello, am I able to receive a ",
        "userDefined": false
      },
      {
        "text": "copy",
        "meta": "@Suspension_Letter",
        "alias": "suspension_letter1",
        "userDefined": false
      },
      {
        "text": " of my Arizona Fingerprint card to upload on the state board of pharmacy website?",
        "userDefined": false
      }
    ],
    "isTemplate": false,
    "count": 0,
    "lang": "en",
    "updated": 0
  },
  {
    "id": "dbd9383f-447c-46f2-9973-ebd9b6bf9d92",
    "data": [
      {
        "text": "I applied for a fingerprint in 2019 and it got denied would it still be on file",
        "userDefined": false
      }
    ],
    "isTemplate": false,
    "count": 0,
    "lang": "en",
    "updated": 0
  },
  {
    "id": "43ca71dd-a2c8-46ba-9773-3d37e3394c87",
    "data": [
      {
        "text": "Is there a way to get a copy of a ticket",
        "userDefined": false
      }
    ],
    "isTemplate": false,
    "count": 0,
    "lang": "en",
    "updated": 0
  },
  {
    "id": "26355c21-f5e4-4a99-a1c6-ce657b4aaa3e",
    "data": [
      {
        "text": "I don\u0027t have my previous card",
        "userDefined": false
      }
    ],
    "isTemplate": false,
    "count": 0,
    "lang": "en",
    "updated": 0
  },
  {
    "id": "f2c79d85-783f-4b27-b82c-bf9766846a36",
    "data": [
      {
        "text": "I have a lost card.",
        "userDefined": false
      }
    ],
    "isTemplate": false,
    "count": 0,
    "lang": "en",
    "updated": 0
  },
  {
    "id": "13098b9f-42c6-46a2-8850-2bd3b443e17a",
    "data": [
      {
        "text": "I turned the original into a previous employer. Can I get a ",
        "userDefined": false
      },
      {
        "text": "copy",
        "meta": "@Suspension_Letter",
        "alias": "suspension_letter1",
        "userDefined": false
      },
      {
        "text": " since it isn\u0027t expired?",
        "userDefined": false
      }
    ],
    "isTemplate": false,
    "count": 0,
    "lang": "en",
    "updated": 0
  },
  {
    "id": "291ed415-8d2c-4357-8739-32aed288f903",
    "data": [
      {
        "text": "How do I get a ",
        "userDefined": false
      },
      {
        "text": "duplicate",
        "meta": "@Suspension_Letter",
        "alias": "suspension_letter",
        "userDefined": false
      },
      {
        "text": "?",
        "userDefined": false
      }
    ],
    "isTemplate": false,
    "count": 0,
    "lang": "en",
    "updated": 0
  },
  {
    "id": "c51119c2-534a-4725-8a24-f566f58e2550",
    "data": [
      {
        "text": "I lost my old card.",
        "userDefined": false
      }
    ],
    "isTemplate": false,
    "count": 0,
    "lang": "en",
    "updated": 0
  },
  {
    "id": "5d04da2b-4a66-497e-9077-5df5511e0c14",
    "data": [
      {
        "text": "I lost my finger print clearance are you able to send me a new one",
        "userDefined": false
      }
    ],
    "isTemplate": false,
    "count": 0,
    "lang": "en",
    "updated": 0
  },
  {
    "id": "7528b801-1424-4424-b2b9-3dc92af28936",
    "data": [
      {
        "text": "I misplaced it. I need another one sent",
        "userDefined": false
      }
    ],
    "isTemplate": false,
    "count": 0,
    "lang": "en",
    "updated": 0
  },
  {
    "id": "612a6956-ab8a-4210-928d-846e8af0dc5f",
    "data": [
      {
        "text": "Can I get my denial ",
        "userDefined": false
      },
      {
        "text": "reprint",
        "meta": "@Suspension_Letter",
        "alias": "suspension_letter1",
        "userDefined": false
      },
      {
        "text": " as i lost it recently",
        "userDefined": false
      }
    ],
    "isTemplate": false,
    "count": 0,
    "lang": "en",
    "updated": 0
  },
  {
    "id": "540dc492-5371-4b96-a93c-2b7cf06d544f",
    "data": [
      {
        "text": "My denial is gone can I get a ",
        "userDefined": false
      },
      {
        "text": "reprint",
        "meta": "@Suspension_Letter",
        "alias": "suspension_letter",
        "userDefined": false
      },
      {
        "text": " of it?",
        "userDefined": false
      }
    ],
    "isTemplate": false,
    "count": 0,
    "lang": "en",
    "updated": 0
  },
  {
    "id": "a927043f-65da-49bd-baac-359d81715d2f",
    "data": [
      {
        "text": "Can I get a ",
        "userDefined": false
      },
      {
        "text": "copy",
        "meta": "@Suspension_Letter",
        "alias": "suspension_letter",
        "userDefined": true
      },
      {
        "text": " of my ",
        "userDefined": false
      },
      {
        "text": "suspension letter",
        "meta": "@Suspension_Letter",
        "alias": "suspension_letter",
        "userDefined": false
      },
      {
        "text": "?",
        "userDefined": false
      }
    ],
    "isTemplate": false,
    "count": 0,
    "lang": "en",
    "updated": 0
  },
  {
    "id": "5992c3dd-5000-41b7-93a2-88570ab0f8fa",
    "data": [
      {
        "text": "can\u0027t find my ",
        "userDefined": false
      },
      {
        "text": "denial letter",
        "meta": "@Suspension_Letter",
        "alias": "suspension_letter",
        "userDefined": false
      },
      {
        "text": " and I need a ",
        "userDefined": false
      },
      {
        "text": "copy",
        "meta": "@Suspension_Letter",
        "alias": "suspension_letter1",
        "userDefined": false
      }
    ],
    "isTemplate": false,
    "count": 0,
    "lang": "en",
    "updated": 0
  },
  {
    "id": "310e7630-c3a5-409e-9acb-7addf18bf5ec",
    "data": [
      {
        "text": "copy",
        "meta": "@Suspension_Letter",
        "alias": "suspension_letter1",
        "userDefined": false
      },
      {
        "text": " of ",
        "userDefined": false
      },
      {
        "text": "suspension letter",
        "meta": "@Suspension_Letter",
        "alias": "suspension_letter",
        "userDefined": false
      }
    ],
    "isTemplate": false,
    "count": 0,
    "lang": "en",
    "updated": 0
  },
  {
    "id": "db717dcc-ae41-446d-93a9-8a5b61369b3b",
    "data": [
      {
        "text": "lost ",
        "userDefined": false
      },
      {
        "text": "suspension letter",
        "meta": "@Suspension_Letter",
        "alias": "suspension_letter",
        "userDefined": false
      },
      {
        "text": "?",
        "userDefined": false
      }
    ],
    "isTemplate": false,
    "count": 0,
    "lang": "en",
    "updated": 0
  },
  {
    "id": "7e60a87f-2838-4f1d-9af0-74f58b449f57",
    "data": [
      {
        "text": "If I lost or never received my denial or ",
        "userDefined": false
      },
      {
        "text": "suspension letter",
        "meta": "@Suspension_Letter",
        "alias": "suspension_letter",
        "userDefined": false
      },
      {
        "text": ", can I ",
        "userDefined": false
      },
      {
        "text": "get",
        "userDefined": false
      },
      {
        "text": " a ",
        "userDefined": false
      },
      {
        "text": "copy",
        "meta": "@Suspension_Letter",
        "alias": "suspension_letter1",
        "userDefined": false
      },
      {
        "text": "?",
        "userDefined": false
      }
    ],
    "isTemplate": false,
    "count": 0,
    "lang": "en",
    "updated": 0
  }
]