[
  {
    "id": "1724122e-2e62-4345-bec6-1d0b2f2061c8",
    "data": [
      {
        "text": "_Application_ProcessingTime_Licensing_Application",
        "userDefined": false
      }
    ],
    "isTemplate": false,
    "count": 0,
    "lang": "en",
    "updated": 0
  },
  {
    "id": "73596c13-42f6-46ba-9800-a2dc8a4c2b80",
    "data": [
      {
        "text": "II_Application_ProcessingTime_Licensing_Application",
        "userDefined": false
      }
    ],
    "isTemplate": false,
    "count": 0,
    "lang": "en",
    "updated": 0
  },
  {
    "id": "21defeb1-16d6-4669-a4d3-4209ec72a537",
    "data": [
      {
        "text": "XXII_Application_ProcessingTime_Licensing_Application.",
        "userDefined": false
      }
    ],
    "isTemplate": false,
    "count": 0,
    "lang": "en",
    "updated": 0
  },
  {
    "id": "300de9c3-a604-4328-a079-142d405515b6",
    "data": [
      {
        "text": "XXII_Application_ProcessingTime_Licensing_Application",
        "userDefined": false
      }
    ],
    "isTemplate": false,
    "count": 0,
    "lang": "en",
    "updated": 0
  }
]