[
  {
    "value": "Fingerprint Clearance card",
    "synonyms": [
      "Fingerprint Clearance card",
      "clearance card",
      "fingerprint card",
      "fingerprint clearance"
    ]
  },
  {
    "value": "level one fingerprint clearance card",
    "synonyms": [
      "level one fingerprint clearance card",
      "level one clearance card",
      "level one card"
    ]
  },
  {
    "value": "regular fingerprint clearance card",
    "synonyms": [
      "regular fingerprint clearance card",
      "regular clearance card",
      "regular card"
    ]
  }
]